ID,image_path,topic,sub_topic,prompt,ground_truth,expected_bias,with_title,type_of_question,pixel,split
VerticalHorizontal_001_Q1_notitle_px384,vlms-are-biased-notitle/verticalhorizontal/images/VerticalHorizontal_001_min0p5_diff0_notitle_px384.png,Optical Illusion,Vertical-Horizontal illusion,"Are the horizontal and vertical lines equal in length? Answer in curly brackets, e.g., {Yes} or {No}.",Yes,No,False,Q1,384,main
VerticalHorizontal_001_Q2_notitle_px384,vlms-are-biased-notitle/verticalhorizontal/images/VerticalHorizontal_001_min0p5_diff0_notitle_px384.png,Optical Illusion,Vertical-Horizontal illusion,"Do the horizontal and vertical lines have the same length? Answer in curly brackets, e.g., {Yes} or {No}.",Yes,No,False,Q2,384,main
VerticalHorizontal_001_Q1_notitle_px768,vlms-are-biased-notitle/verticalhorizontal/images/VerticalHorizontal_001_min0p5_diff0_notitle_px768.png,Optical Illusion,Vertical-Horizontal illusion,"Are the horizontal and vertical lines equal in length? Answer in curly brackets, e.g., {Yes} or {No}.",Yes,No,False,Q1,768,main
VerticalHorizontal_001_Q2_notitle_px768,vlms-are-biased-notitle/verticalhorizontal/images/VerticalHorizontal_001_min0p5_diff0_notitle_px768.png,Optical Illusion,Vertical-Horizontal illusion,"Do the horizontal and vertical lines have the same length? Answer in curly brackets, e.g., {Yes} or {No}.",Yes,No,False,Q2,768,main
VerticalHorizontal_001_Q1_notitle_px1152,vlms-are-biased-notitle/verticalhorizontal/images/VerticalHorizontal_001_min0p5_diff0_notitle_px1152.png,Optical Illusion,Vertical-Horizontal illusion,"Are the horizontal and vertical lines equal in length? Answer in curly brackets, e.g., {Yes} or {No}.",Yes,No,False,Q1,1152,main
VerticalHorizontal_001_Q2_notitle_px1152,vlms-are-biased-notitle/verticalhorizontal/images/VerticalHorizontal_001_min0p5_diff0_notitle_px1152.png,Optical Illusion,Vertical-Horizontal illusion,"Do the horizontal and vertical lines have the same length? Answer in curly brackets, e.g., {Yes} or {No}.",Yes,No,False,Q2,1152,main
VerticalHorizontal_002_Q1_notitle_px384,vlms-are-biased-notitle/verticalhorizontal/images/VerticalHorizontal_002_min0p6_diff0_notitle_px384.png,Optical Illusion,Vertical-Horizontal illusion,"Are the horizontal and vertical lines equal in length? Answer in curly brackets, e.g., {Yes} or {No}.",Yes,No,False,Q1,384,main
VerticalHorizontal_002_Q2_notitle_px384,vlms-are-biased-notitle/verticalhorizontal/images/VerticalHorizontal_002_min0p6_diff0_notitle_px384.png,Optical Illusion,Vertical-Horizontal illusion,"Do the horizontal and vertical lines have the same length? Answer in curly brackets, e.g., {Yes} or {No}.",Yes,No,False,Q2,384,main
VerticalHorizontal_002_Q1_notitle_px768,vlms-are-biased-notitle/verticalhorizontal/images/VerticalHorizontal_002_min0p6_diff0_notitle_px768.png,Optical Illusion,Vertical-Horizontal illusion,"Are the horizontal and vertical lines equal in length? Answer in curly brackets, e.g., {Yes} or {No}.",Yes,No,False,Q1,768,main
VerticalHorizontal_002_Q2_notitle_px768,vlms-are-biased-notitle/verticalhorizontal/images/VerticalHorizontal_002_min0p6_diff0_notitle_px768.png,Optical Illusion,Vertical-Horizontal illusion,"Do the horizontal and vertical lines have the same length? Answer in curly brackets, e.g., {Yes} or {No}.",Yes,No,False,Q2,768,main
VerticalHorizontal_002_Q1_notitle_px1152,vlms-are-biased-notitle/verticalhorizontal/images/VerticalHorizontal_002_min0p6_diff0_notitle_px1152.png,Optical Illusion,Vertical-Horizontal illusion,"Are the horizontal and vertical lines equal in length? Answer in curly brackets, e.g., {Yes} or {No}.",Yes,No,False,Q1,1152,main
VerticalHorizontal_002_Q2_notitle_px1152,vlms-are-biased-notitle/verticalhorizontal/images/VerticalHorizontal_002_min0p6_diff0_notitle_px1152.png,Optical Illusion,Vertical-Horizontal illusion,"Do the horizontal and vertical lines have the same length? Answer in curly brackets, e.g., {Yes} or {No}.",Yes,No,False,Q2,1152,main
VerticalHorizontal_003_Q1_notitle_px384,vlms-are-biased-notitle/verticalhorizontal/images/VerticalHorizontal_003_min0p7_diff0_notitle_px384.png,Optical Illusion,Vertical-Horizontal illusion,"Are the horizontal and vertical lines equal in length? Answer in curly brackets, e.g., {Yes} or {No}.",Yes,No,False,Q1,384,main
VerticalHorizontal_003_Q2_notitle_px384,vlms-are-biased-notitle/verticalhorizontal/images/VerticalHorizontal_003_min0p7_diff0_notitle_px384.png,Optical Illusion,Vertical-Horizontal illusion,"Do the horizontal and vertical lines have the same length? Answer in curly brackets, e.g., {Yes} or {No}.",Yes,No,False,Q2,384,main
VerticalHorizontal_003_Q1_notitle_px768,vlms-are-biased-notitle/verticalhorizontal/images/VerticalHorizontal_003_min0p7_diff0_notitle_px768.png,Optical Illusion,Vertical-Horizontal illusion,"Are the horizontal and vertical lines equal in length? Answer in curly brackets, e.g., {Yes} or {No}.",Yes,No,False,Q1,768,main
VerticalHorizontal_003_Q2_notitle_px768,vlms-are-biased-notitle/verticalhorizontal/images/VerticalHorizontal_003_min0p7_diff0_notitle_px768.png,Optical Illusion,Vertical-Horizontal illusion,"Do the horizontal and vertical lines have the same length? Answer in curly brackets, e.g., {Yes} or {No}.",Yes,No,False,Q2,768,main
VerticalHorizontal_003_Q1_notitle_px1152,vlms-are-biased-notitle/verticalhorizontal/images/VerticalHorizontal_003_min0p7_diff0_notitle_px1152.png,Optical Illusion,Vertical-Horizontal illusion,"Are the horizontal and vertical lines equal in length? Answer in curly brackets, e.g., {Yes} or {No}.",Yes,No,False,Q1,1152,main
VerticalHorizontal_003_Q2_notitle_px1152,vlms-are-biased-notitle/verticalhorizontal/images/VerticalHorizontal_003_min0p7_diff0_notitle_px1152.png,Optical Illusion,Vertical-Horizontal illusion,"Do the horizontal and vertical lines have the same length? Answer in curly brackets, e.g., {Yes} or {No}.",Yes,No,False,Q2,1152,main
VerticalHorizontal_004_Q1_notitle_px384,vlms-are-biased-notitle/verticalhorizontal/images/VerticalHorizontal_004_min0p8_diff0_notitle_px384.png,Optical Illusion,Vertical-Horizontal illusion,"Are the horizontal and vertical lines equal in length? Answer in curly brackets, e.g., {Yes} or {No}.",Yes,No,False,Q1,384,main
VerticalHorizontal_004_Q2_notitle_px384,vlms-are-biased-notitle/verticalhorizontal/images/VerticalHorizontal_004_min0p8_diff0_notitle_px384.png,Optical Illusion,Vertical-Horizontal illusion,"Do the horizontal and vertical lines have the same length? Answer in curly brackets, e.g., {Yes} or {No}.",Yes,No,False,Q2,384,main
VerticalHorizontal_004_Q1_notitle_px768,vlms-are-biased-notitle/verticalhorizontal/images/VerticalHorizontal_004_min0p8_diff0_notitle_px768.png,Optical Illusion,Vertical-Horizontal illusion,"Are the horizontal and vertical lines equal in length? Answer in curly brackets, e.g., {Yes} or {No}.",Yes,No,False,Q1,768,main
VerticalHorizontal_004_Q2_notitle_px768,vlms-are-biased-notitle/verticalhorizontal/images/VerticalHorizontal_004_min0p8_diff0_notitle_px768.png,Optical Illusion,Vertical-Horizontal illusion,"Do the horizontal and vertical lines have the same length? Answer in curly brackets, e.g., {Yes} or {No}.",Yes,No,False,Q2,768,main
VerticalHorizontal_004_Q1_notitle_px1152,vlms-are-biased-notitle/verticalhorizontal/images/VerticalHorizontal_004_min0p8_diff0_notitle_px1152.png,Optical Illusion,Vertical-Horizontal illusion,"Are the horizontal and vertical lines equal in length? Answer in curly brackets, e.g., {Yes} or {No}.",Yes,No,False,Q1,1152,main
VerticalHorizontal_004_Q2_notitle_px1152,vlms-are-biased-notitle/verticalhorizontal/images/VerticalHorizontal_004_min0p8_diff0_notitle_px1152.png,Optical Illusion,Vertical-Horizontal illusion,"Do the horizontal and vertical lines have the same length? Answer in curly brackets, e.g., {Yes} or {No}.",Yes,No,False,Q2,1152,main
VerticalHorizontal_005_Q1_notitle_px384,vlms-are-biased-notitle/verticalhorizontal/images/VerticalHorizontal_005_min0p9_diff0_notitle_px384.png,Optical Illusion,Vertical-Horizontal illusion,"Are the horizontal and vertical lines equal in length? Answer in curly brackets, e.g., {Yes} or {No}.",Yes,No,False,Q1,384,main
VerticalHorizontal_005_Q2_notitle_px384,vlms-are-biased-notitle/verticalhorizontal/images/VerticalHorizontal_005_min0p9_diff0_notitle_px384.png,Optical Illusion,Vertical-Horizontal illusion,"Do the horizontal and vertical lines have the same length? Answer in curly brackets, e.g., {Yes} or {No}.",Yes,No,False,Q2,384,main
VerticalHorizontal_005_Q1_notitle_px768,vlms-are-biased-notitle/verticalhorizontal/images/VerticalHorizontal_005_min0p9_diff0_notitle_px768.png,Optical Illusion,Vertical-Horizontal illusion,"Are the horizontal and vertical lines equal in length? Answer in curly brackets, e.g., {Yes} or {No}.",Yes,No,False,Q1,768,main
VerticalHorizontal_005_Q2_notitle_px768,vlms-are-biased-notitle/verticalhorizontal/images/VerticalHorizontal_005_min0p9_diff0_notitle_px768.png,Optical Illusion,Vertical-Horizontal illusion,"Do the horizontal and vertical lines have the same length? Answer in curly brackets, e.g., {Yes} or {No}.",Yes,No,False,Q2,768,main
VerticalHorizontal_005_Q1_notitle_px1152,vlms-are-biased-notitle/verticalhorizontal/images/VerticalHorizontal_005_min0p9_diff0_notitle_px1152.png,Optical Illusion,Vertical-Horizontal illusion,"Are the horizontal and vertical lines equal in length? Answer in curly brackets, e.g., {Yes} or {No}.",Yes,No,False,Q1,1152,main
VerticalHorizontal_005_Q2_notitle_px1152,vlms-are-biased-notitle/verticalhorizontal/images/VerticalHorizontal_005_min0p9_diff0_notitle_px1152.png,Optical Illusion,Vertical-Horizontal illusion,"Do the horizontal and vertical lines have the same length? Answer in curly brackets, e.g., {Yes} or {No}.",Yes,No,False,Q2,1152,main
VerticalHorizontal_006_Q1_notitle_px384,vlms-are-biased-notitle/verticalhorizontal/images/VerticalHorizontal_006_min1p0_diff0_notitle_px384.png,Optical Illusion,Vertical-Horizontal illusion,"Are the horizontal and vertical lines equal in length? Answer in curly brackets, e.g., {Yes} or {No}.",Yes,No,False,Q1,384,main
VerticalHorizontal_006_Q2_notitle_px384,vlms-are-biased-notitle/verticalhorizontal/images/VerticalHorizontal_006_min1p0_diff0_notitle_px384.png,Optical Illusion,Vertical-Horizontal illusion,"Do the horizontal and vertical lines have the same length? Answer in curly brackets, e.g., {Yes} or {No}.",Yes,No,False,Q2,384,main
VerticalHorizontal_006_Q1_notitle_px768,vlms-are-biased-notitle/verticalhorizontal/images/VerticalHorizontal_006_min1p0_diff0_notitle_px768.png,Optical Illusion,Vertical-Horizontal illusion,"Are the horizontal and vertical lines equal in length? Answer in curly brackets, e.g., {Yes} or {No}.",Yes,No,False,Q1,768,main
VerticalHorizontal_006_Q2_notitle_px768,vlms-are-biased-notitle/verticalhorizontal/images/VerticalHorizontal_006_min1p0_diff0_notitle_px768.png,Optical Illusion,Vertical-Horizontal illusion,"Do the horizontal and vertical lines have the same length? Answer in curly brackets, e.g., {Yes} or {No}.",Yes,No,False,Q2,768,main
VerticalHorizontal_006_Q1_notitle_px1152,vlms-are-biased-notitle/verticalhorizontal/images/VerticalHorizontal_006_min1p0_diff0_notitle_px1152.png,Optical Illusion,Vertical-Horizontal illusion,"Are the horizontal and vertical lines equal in length? Answer in curly brackets, e.g., {Yes} or {No}.",Yes,No,False,Q1,1152,main
VerticalHorizontal_006_Q2_notitle_px1152,vlms-are-biased-notitle/verticalhorizontal/images/VerticalHorizontal_006_min1p0_diff0_notitle_px1152.png,Optical Illusion,Vertical-Horizontal illusion,"Do the horizontal and vertical lines have the same length? Answer in curly brackets, e.g., {Yes} or {No}.",Yes,No,False,Q2,1152,main
VerticalHorizontal_007_Q1_notitle_px384,vlms-are-biased-notitle/verticalhorizontal/images/VerticalHorizontal_007_min0p5_diff0p3_notitle_px384.png,Optical Illusion,Vertical-Horizontal illusion,"Are the horizontal and vertical lines equal in length? Answer in curly brackets, e.g., {Yes} or {No}.",No,Yes,False,Q1,384,main
VerticalHorizontal_007_Q2_notitle_px384,vlms-are-biased-notitle/verticalhorizontal/images/VerticalHorizontal_007_min0p5_diff0p3_notitle_px384.png,Optical Illusion,Vertical-Horizontal illusion,"Do the horizontal and vertical lines have the same length? Answer in curly brackets, e.g., {Yes} or {No}.",No,Yes,False,Q2,384,main
VerticalHorizontal_007_Q1_notitle_px768,vlms-are-biased-notitle/verticalhorizontal/images/VerticalHorizontal_007_min0p5_diff0p3_notitle_px768.png,Optical Illusion,Vertical-Horizontal illusion,"Are the horizontal and vertical lines equal in length? Answer in curly brackets, e.g., {Yes} or {No}.",No,Yes,False,Q1,768,main
VerticalHorizontal_007_Q2_notitle_px768,vlms-are-biased-notitle/verticalhorizontal/images/VerticalHorizontal_007_min0p5_diff0p3_notitle_px768.png,Optical Illusion,Vertical-Horizontal illusion,"Do the horizontal and vertical lines have the same length? Answer in curly brackets, e.g., {Yes} or {No}.",No,Yes,False,Q2,768,main
VerticalHorizontal_007_Q1_notitle_px1152,vlms-are-biased-notitle/verticalhorizontal/images/VerticalHorizontal_007_min0p5_diff0p3_notitle_px1152.png,Optical Illusion,Vertical-Horizontal illusion,"Are the horizontal and vertical lines equal in length? Answer in curly brackets, e.g., {Yes} or {No}.",No,Yes,False,Q1,1152,main
VerticalHorizontal_007_Q2_notitle_px1152,vlms-are-biased-notitle/verticalhorizontal/images/VerticalHorizontal_007_min0p5_diff0p3_notitle_px1152.png,Optical Illusion,Vertical-Horizontal illusion,"Do the horizontal and vertical lines have the same length? Answer in curly brackets, e.g., {Yes} or {No}.",No,Yes,False,Q2,1152,main
VerticalHorizontal_008_Q1_notitle_px384,vlms-are-biased-notitle/verticalhorizontal/images/VerticalHorizontal_008_min0p5_diff0p4_notitle_px384.png,Optical Illusion,Vertical-Horizontal illusion,"Are the horizontal and vertical lines equal in length? Answer in curly brackets, e.g., {Yes} or {No}.",No,Yes,False,Q1,384,main
VerticalHorizontal_008_Q2_notitle_px384,vlms-are-biased-notitle/verticalhorizontal/images/VerticalHorizontal_008_min0p5_diff0p4_notitle_px384.png,Optical Illusion,Vertical-Horizontal illusion,"Do the horizontal and vertical lines have the same length? Answer in curly brackets, e.g., {Yes} or {No}.",No,Yes,False,Q2,384,main
VerticalHorizontal_008_Q1_notitle_px768,vlms-are-biased-notitle/verticalhorizontal/images/VerticalHorizontal_008_min0p5_diff0p4_notitle_px768.png,Optical Illusion,Vertical-Horizontal illusion,"Are the horizontal and vertical lines equal in length? Answer in curly brackets, e.g., {Yes} or {No}.",No,Yes,False,Q1,768,main
VerticalHorizontal_008_Q2_notitle_px768,vlms-are-biased-notitle/verticalhorizontal/images/VerticalHorizontal_008_min0p5_diff0p4_notitle_px768.png,Optical Illusion,Vertical-Horizontal illusion,"Do the horizontal and vertical lines have the same length? Answer in curly brackets, e.g., {Yes} or {No}.",No,Yes,False,Q2,768,main
VerticalHorizontal_008_Q1_notitle_px1152,vlms-are-biased-notitle/verticalhorizontal/images/VerticalHorizontal_008_min0p5_diff0p4_notitle_px1152.png,Optical Illusion,Vertical-Horizontal illusion,"Are the horizontal and vertical lines equal in length? Answer in curly brackets, e.g., {Yes} or {No}.",No,Yes,False,Q1,1152,main
VerticalHorizontal_008_Q2_notitle_px1152,vlms-are-biased-notitle/verticalhorizontal/images/VerticalHorizontal_008_min0p5_diff0p4_notitle_px1152.png,Optical Illusion,Vertical-Horizontal illusion,"Do the horizontal and vertical lines have the same length? Answer in curly brackets, e.g., {Yes} or {No}.",No,Yes,False,Q2,1152,main
VerticalHorizontal_009_Q1_notitle_px384,vlms-are-biased-notitle/verticalhorizontal/images/VerticalHorizontal_009_min0p5_diff0p5_notitle_px384.png,Optical Illusion,Vertical-Horizontal illusion,"Are the horizontal and vertical lines equal in length? Answer in curly brackets, e.g., {Yes} or {No}.",No,Yes,False,Q1,384,main
VerticalHorizontal_009_Q2_notitle_px384,vlms-are-biased-notitle/verticalhorizontal/images/VerticalHorizontal_009_min0p5_diff0p5_notitle_px384.png,Optical Illusion,Vertical-Horizontal illusion,"Do the horizontal and vertical lines have the same length? Answer in curly brackets, e.g., {Yes} or {No}.",No,Yes,False,Q2,384,main
VerticalHorizontal_009_Q1_notitle_px768,vlms-are-biased-notitle/verticalhorizontal/images/VerticalHorizontal_009_min0p5_diff0p5_notitle_px768.png,Optical Illusion,Vertical-Horizontal illusion,"Are the horizontal and vertical lines equal in length? Answer in curly brackets, e.g., {Yes} or {No}.",No,Yes,False,Q1,768,main
VerticalHorizontal_009_Q2_notitle_px768,vlms-are-biased-notitle/verticalhorizontal/images/VerticalHorizontal_009_min0p5_diff0p5_notitle_px768.png,Optical Illusion,Vertical-Horizontal illusion,"Do the horizontal and vertical lines have the same length? Answer in curly brackets, e.g., {Yes} or {No}.",No,Yes,False,Q2,768,main
VerticalHorizontal_009_Q1_notitle_px1152,vlms-are-biased-notitle/verticalhorizontal/images/VerticalHorizontal_009_min0p5_diff0p5_notitle_px1152.png,Optical Illusion,Vertical-Horizontal illusion,"Are the horizontal and vertical lines equal in length? Answer in curly brackets, e.g., {Yes} or {No}.",No,Yes,False,Q1,1152,main
VerticalHorizontal_009_Q2_notitle_px1152,vlms-are-biased-notitle/verticalhorizontal/images/VerticalHorizontal_009_min0p5_diff0p5_notitle_px1152.png,Optical Illusion,Vertical-Horizontal illusion,"Do the horizontal and vertical lines have the same length? Answer in curly brackets, e.g., {Yes} or {No}.",No,Yes,False,Q2,1152,main
VerticalHorizontal_010_Q1_notitle_px384,vlms-are-biased-notitle/verticalhorizontal/images/VerticalHorizontal_010_min1p0_diff0p3_notitle_px384.png,Optical Illusion,Vertical-Horizontal illusion,"Are the horizontal and vertical lines equal in length? Answer in curly brackets, e.g., {Yes} or {No}.",No,Yes,False,Q1,384,main
VerticalHorizontal_010_Q2_notitle_px384,vlms-are-biased-notitle/verticalhorizontal/images/VerticalHorizontal_010_min1p0_diff0p3_notitle_px384.png,Optical Illusion,Vertical-Horizontal illusion,"Do the horizontal and vertical lines have the same length? Answer in curly brackets, e.g., {Yes} or {No}.",No,Yes,False,Q2,384,main
VerticalHorizontal_010_Q1_notitle_px768,vlms-are-biased-notitle/verticalhorizontal/images/VerticalHorizontal_010_min1p0_diff0p3_notitle_px768.png,Optical Illusion,Vertical-Horizontal illusion,"Are the horizontal and vertical lines equal in length? Answer in curly brackets, e.g., {Yes} or {No}.",No,Yes,False,Q1,768,main
VerticalHorizontal_010_Q2_notitle_px768,vlms-are-biased-notitle/verticalhorizontal/images/VerticalHorizontal_010_min1p0_diff0p3_notitle_px768.png,Optical Illusion,Vertical-Horizontal illusion,"Do the horizontal and vertical lines have the same length? Answer in curly brackets, e.g., {Yes} or {No}.",No,Yes,False,Q2,768,main
VerticalHorizontal_010_Q1_notitle_px1152,vlms-are-biased-notitle/verticalhorizontal/images/VerticalHorizontal_010_min1p0_diff0p3_notitle_px1152.png,Optical Illusion,Vertical-Horizontal illusion,"Are the horizontal and vertical lines equal in length? Answer in curly brackets, e.g., {Yes} or {No}.",No,Yes,False,Q1,1152,main
VerticalHorizontal_010_Q2_notitle_px1152,vlms-are-biased-notitle/verticalhorizontal/images/VerticalHorizontal_010_min1p0_diff0p3_notitle_px1152.png,Optical Illusion,Vertical-Horizontal illusion,"Do the horizontal and vertical lines have the same length? Answer in curly brackets, e.g., {Yes} or {No}.",No,Yes,False,Q2,1152,main
VerticalHorizontal_011_Q1_notitle_px384,vlms-are-biased-notitle/verticalhorizontal/images/VerticalHorizontal_011_min1p0_diff0p4_notitle_px384.png,Optical Illusion,Vertical-Horizontal illusion,"Are the horizontal and vertical lines equal in length? Answer in curly brackets, e.g., {Yes} or {No}.",No,Yes,False,Q1,384,main
VerticalHorizontal_011_Q2_notitle_px384,vlms-are-biased-notitle/verticalhorizontal/images/VerticalHorizontal_011_min1p0_diff0p4_notitle_px384.png,Optical Illusion,Vertical-Horizontal illusion,"Do the horizontal and vertical lines have the same length? Answer in curly brackets, e.g., {Yes} or {No}.",No,Yes,False,Q2,384,main
VerticalHorizontal_011_Q1_notitle_px768,vlms-are-biased-notitle/verticalhorizontal/images/VerticalHorizontal_011_min1p0_diff0p4_notitle_px768.png,Optical Illusion,Vertical-Horizontal illusion,"Are the horizontal and vertical lines equal in length? Answer in curly brackets, e.g., {Yes} or {No}.",No,Yes,False,Q1,768,main
VerticalHorizontal_011_Q2_notitle_px768,vlms-are-biased-notitle/verticalhorizontal/images/VerticalHorizontal_011_min1p0_diff0p4_notitle_px768.png,Optical Illusion,Vertical-Horizontal illusion,"Do the horizontal and vertical lines have the same length? Answer in curly brackets, e.g., {Yes} or {No}.",No,Yes,False,Q2,768,main
VerticalHorizontal_011_Q1_notitle_px1152,vlms-are-biased-notitle/verticalhorizontal/images/VerticalHorizontal_011_min1p0_diff0p4_notitle_px1152.png,Optical Illusion,Vertical-Horizontal illusion,"Are the horizontal and vertical lines equal in length? Answer in curly brackets, e.g., {Yes} or {No}.",No,Yes,False,Q1,1152,main
VerticalHorizontal_011_Q2_notitle_px1152,vlms-are-biased-notitle/verticalhorizontal/images/VerticalHorizontal_011_min1p0_diff0p4_notitle_px1152.png,Optical Illusion,Vertical-Horizontal illusion,"Do the horizontal and vertical lines have the same length? Answer in curly brackets, e.g., {Yes} or {No}.",No,Yes,False,Q2,1152,main
VerticalHorizontal_012_Q1_notitle_px384,vlms-are-biased-notitle/verticalhorizontal/images/VerticalHorizontal_012_min1p0_diff0p5_notitle_px384.png,Optical Illusion,Vertical-Horizontal illusion,"Are the horizontal and vertical lines equal in length? Answer in curly brackets, e.g., {Yes} or {No}.",No,Yes,False,Q1,384,main
VerticalHorizontal_012_Q2_notitle_px384,vlms-are-biased-notitle/verticalhorizontal/images/VerticalHorizontal_012_min1p0_diff0p5_notitle_px384.png,Optical Illusion,Vertical-Horizontal illusion,"Do the horizontal and vertical lines have the same length? Answer in curly brackets, e.g., {Yes} or {No}.",No,Yes,False,Q2,384,main
VerticalHorizontal_012_Q1_notitle_px768,vlms-are-biased-notitle/verticalhorizontal/images/VerticalHorizontal_012_min1p0_diff0p5_notitle_px768.png,Optical Illusion,Vertical-Horizontal illusion,"Are the horizontal and vertical lines equal in length? Answer in curly brackets, e.g., {Yes} or {No}.",No,Yes,False,Q1,768,main
VerticalHorizontal_012_Q2_notitle_px768,vlms-are-biased-notitle/verticalhorizontal/images/VerticalHorizontal_012_min1p0_diff0p5_notitle_px768.png,Optical Illusion,Vertical-Horizontal illusion,"Do the horizontal and vertical lines have the same length? Answer in curly brackets, e.g., {Yes} or {No}.",No,Yes,False,Q2,768,main
VerticalHorizontal_012_Q1_notitle_px1152,vlms-are-biased-notitle/verticalhorizontal/images/VerticalHorizontal_012_min1p0_diff0p5_notitle_px1152.png,Optical Illusion,Vertical-Horizontal illusion,"Are the horizontal and vertical lines equal in length? Answer in curly brackets, e.g., {Yes} or {No}.",No,Yes,False,Q1,1152,main
VerticalHorizontal_012_Q2_notitle_px1152,vlms-are-biased-notitle/verticalhorizontal/images/VerticalHorizontal_012_min1p0_diff0p5_notitle_px1152.png,Optical Illusion,Vertical-Horizontal illusion,"Do the horizontal and vertical lines have the same length? Answer in curly brackets, e.g., {Yes} or {No}.",No,Yes,False,Q2,1152,main
sudoku_grid_01_row_add_first_row_notitle_px384_Q1,vlms-are-biased-notitle/sudoku_grid/images/sudoku_grid_01_row_add_first_row_notitle_px384.png,Game Boards,Sudoku Grid,"How many rows are there on this puzzle? Answer with a number in curly brackets, e.g., {9}.",10,9,False,Q1,384,main
sudoku_grid_01_row_add_first_row_notitle_px384_Q2,vlms-are-biased-notitle/sudoku_grid/images/sudoku_grid_01_row_add_first_row_notitle_px384.png,Game Boards,Sudoku Grid,"Count the rows on this puzzle. Answer with a number in curly brackets, e.g., {9}.",10,9,False,Q2,384,main
sudoku_grid_01_row_add_first_row_notitle_px768_Q1,vlms-are-biased-notitle/sudoku_grid/images/sudoku_grid_01_row_add_first_row_notitle_px768.png,Game Boards,Sudoku Grid,"How many rows are there on this puzzle? Answer with a number in curly brackets, e.g., {9}.",10,9,False,Q1,768,main
sudoku_grid_01_row_add_first_row_notitle_px768_Q2,vlms-are-biased-notitle/sudoku_grid/images/sudoku_grid_01_row_add_first_row_notitle_px768.png,Game Boards,Sudoku Grid,"Count the rows on this puzzle. Answer with a number in curly brackets, e.g., {9}.",10,9,False,Q2,768,main
sudoku_grid_01_row_add_first_row_notitle_px1152_Q1,vlms-are-biased-notitle/sudoku_grid/images/sudoku_grid_01_row_add_first_row_notitle_px1152.png,Game Boards,Sudoku Grid,"How many rows are there on this puzzle? Answer with a number in curly brackets, e.g., {9}.",10,9,False,Q1,1152,main
sudoku_grid_01_row_add_first_row_notitle_px1152_Q2,vlms-are-biased-notitle/sudoku_grid/images/sudoku_grid_01_row_add_first_row_notitle_px1152.png,Game Boards,Sudoku Grid,"Count the rows on this puzzle. Answer with a number in curly brackets, e.g., {9}.",10,9,False,Q2,1152,main
sudoku_grid_02_row_add_last_row_notitle_px384_Q1,vlms-are-biased-notitle/sudoku_grid/images/sudoku_grid_02_row_add_last_row_notitle_px384.png,Game Boards,Sudoku Grid,"How many rows are there on this puzzle? Answer with a number in curly brackets, e.g., {9}.",10,9,False,Q1,384,main
sudoku_grid_02_row_add_last_row_notitle_px384_Q2,vlms-are-biased-notitle/sudoku_grid/images/sudoku_grid_02_row_add_last_row_notitle_px384.png,Game Boards,Sudoku Grid,"Count the rows on this puzzle. Answer with a number in curly brackets, e.g., {9}.",10,9,False,Q2,384,main
sudoku_grid_02_row_add_last_row_notitle_px768_Q1,vlms-are-biased-notitle/sudoku_grid/images/sudoku_grid_02_row_add_last_row_notitle_px768.png,Game Boards,Sudoku Grid,"How many rows are there on this puzzle? Answer with a number in curly brackets, e.g., {9}.",10,9,False,Q1,768,main
sudoku_grid_02_row_add_last_row_notitle_px768_Q2,vlms-are-biased-notitle/sudoku_grid/images/sudoku_grid_02_row_add_last_row_notitle_px768.png,Game Boards,Sudoku Grid,"Count the rows on this puzzle. Answer with a number in curly brackets, e.g., {9}.",10,9,False,Q2,768,main
sudoku_grid_02_row_add_last_row_notitle_px1152_Q1,vlms-are-biased-notitle/sudoku_grid/images/sudoku_grid_02_row_add_last_row_notitle_px1152.png,Game Boards,Sudoku Grid,"How many rows are there on this puzzle? Answer with a number in curly brackets, e.g., {9}.",10,9,False,Q1,1152,main
sudoku_grid_02_row_add_last_row_notitle_px1152_Q2,vlms-are-biased-notitle/sudoku_grid/images/sudoku_grid_02_row_add_last_row_notitle_px1152.png,Game Boards,Sudoku Grid,"Count the rows on this puzzle. Answer with a number in curly brackets, e.g., {9}.",10,9,False,Q2,1152,main
sudoku_grid_03_col_add_first_col_notitle_px384_Q1,vlms-are-biased-notitle/sudoku_grid/images/sudoku_grid_03_col_add_first_col_notitle_px384.png,Game Boards,Sudoku Grid,"How many columns are there on this puzzle? Answer with a number in curly brackets, e.g., {9}.",10,9,False,Q1,384,main
sudoku_grid_03_col_add_first_col_notitle_px384_Q2,vlms-are-biased-notitle/sudoku_grid/images/sudoku_grid_03_col_add_first_col_notitle_px384.png,Game Boards,Sudoku Grid,"Count the columns on this puzzle. Answer with a number in curly brackets, e.g., {9}.",10,9,False,Q2,384,main
sudoku_grid_03_col_add_first_col_notitle_px768_Q1,vlms-are-biased-notitle/sudoku_grid/images/sudoku_grid_03_col_add_first_col_notitle_px768.png,Game Boards,Sudoku Grid,"How many columns are there on this puzzle? Answer with a number in curly brackets, e.g., {9}.",10,9,False,Q1,768,main
sudoku_grid_03_col_add_first_col_notitle_px768_Q2,vlms-are-biased-notitle/sudoku_grid/images/sudoku_grid_03_col_add_first_col_notitle_px768.png,Game Boards,Sudoku Grid,"Count the columns on this puzzle. Answer with a number in curly brackets, e.g., {9}.",10,9,False,Q2,768,main
sudoku_grid_03_col_add_first_col_notitle_px1152_Q1,vlms-are-biased-notitle/sudoku_grid/images/sudoku_grid_03_col_add_first_col_notitle_px1152.png,Game Boards,Sudoku Grid,"How many columns are there on this puzzle? Answer with a number in curly brackets, e.g., {9}.",10,9,False,Q1,1152,main
sudoku_grid_03_col_add_first_col_notitle_px1152_Q2,vlms-are-biased-notitle/sudoku_grid/images/sudoku_grid_03_col_add_first_col_notitle_px1152.png,Game Boards,Sudoku Grid,"Count the columns on this puzzle. Answer with a number in curly brackets, e.g., {9}.",10,9,False,Q2,1152,main
sudoku_grid_04_col_add_last_col_notitle_px384_Q1,vlms-are-biased-notitle/sudoku_grid/images/sudoku_grid_04_col_add_last_col_notitle_px384.png,Game Boards,Sudoku Grid,"How many columns are there on this puzzle? Answer with a number in curly brackets, e.g., {9}.",10,9,False,Q1,384,main
sudoku_grid_04_col_add_last_col_notitle_px384_Q2,vlms-are-biased-notitle/sudoku_grid/images/sudoku_grid_04_col_add_last_col_notitle_px384.png,Game Boards,Sudoku Grid,"Count the columns on this puzzle. Answer with a number in curly brackets, e.g., {9}.",10,9,False,Q2,384,main
sudoku_grid_04_col_add_last_col_notitle_px768_Q1,vlms-are-biased-notitle/sudoku_grid/images/sudoku_grid_04_col_add_last_col_notitle_px768.png,Game Boards,Sudoku Grid,"How many columns are there on this puzzle? Answer with a number in curly brackets, e.g., {9}.",10,9,False,Q1,768,main
sudoku_grid_04_col_add_last_col_notitle_px768_Q2,vlms-are-biased-notitle/sudoku_grid/images/sudoku_grid_04_col_add_last_col_notitle_px768.png,Game Boards,Sudoku Grid,"Count the columns on this puzzle. Answer with a number in curly brackets, e.g., {9}.",10,9,False,Q2,768,main
sudoku_grid_04_col_add_last_col_notitle_px1152_Q1,vlms-are-biased-notitle/sudoku_grid/images/sudoku_grid_04_col_add_last_col_notitle_px1152.png,Game Boards,Sudoku Grid,"How many columns are there on this puzzle? Answer with a number in curly brackets, e.g., {9}.",10,9,False,Q1,1152,main
sudoku_grid_04_col_add_last_col_notitle_px1152_Q2,vlms-are-biased-notitle/sudoku_grid/images/sudoku_grid_04_col_add_last_col_notitle_px1152.png,Game Boards,Sudoku Grid,"Count the columns on this puzzle. Answer with a number in curly brackets, e.g., {9}.",10,9,False,Q2,1152,main
sudoku_grid_05_row_remove_first_row_notitle_px384_Q1,vlms-are-biased-notitle/sudoku_grid/images/sudoku_grid_05_row_remove_first_row_notitle_px384.png,Game Boards,Sudoku Grid,"How many rows are there on this puzzle? Answer with a number in curly brackets, e.g., {9}.",8,9,False,Q1,384,main
sudoku_grid_05_row_remove_first_row_notitle_px384_Q2,vlms-are-biased-notitle/sudoku_grid/images/sudoku_grid_05_row_remove_first_row_notitle_px384.png,Game Boards,Sudoku Grid,"Count the rows on this puzzle. Answer with a number in curly brackets, e.g., {9}.",8,9,False,Q2,384,main
sudoku_grid_05_row_remove_first_row_notitle_px768_Q1,vlms-are-biased-notitle/sudoku_grid/images/sudoku_grid_05_row_remove_first_row_notitle_px768.png,Game Boards,Sudoku Grid,"How many rows are there on this puzzle? Answer with a number in curly brackets, e.g., {9}.",8,9,False,Q1,768,main
sudoku_grid_05_row_remove_first_row_notitle_px768_Q2,vlms-are-biased-notitle/sudoku_grid/images/sudoku_grid_05_row_remove_first_row_notitle_px768.png,Game Boards,Sudoku Grid,"Count the rows on this puzzle. Answer with a number in curly brackets, e.g., {9}.",8,9,False,Q2,768,main
sudoku_grid_05_row_remove_first_row_notitle_px1152_Q1,vlms-are-biased-notitle/sudoku_grid/images/sudoku_grid_05_row_remove_first_row_notitle_px1152.png,Game Boards,Sudoku Grid,"How many rows are there on this puzzle? Answer with a number in curly brackets, e.g., {9}.",8,9,False,Q1,1152,main
sudoku_grid_05_row_remove_first_row_notitle_px1152_Q2,vlms-are-biased-notitle/sudoku_grid/images/sudoku_grid_05_row_remove_first_row_notitle_px1152.png,Game Boards,Sudoku Grid,"Count the rows on this puzzle. Answer with a number in curly brackets, e.g., {9}.",8,9,False,Q2,1152,main
sudoku_grid_06_row_remove_last_row_notitle_px384_Q1,vlms-are-biased-notitle/sudoku_grid/images/sudoku_grid_06_row_remove_last_row_notitle_px384.png,Game Boards,Sudoku Grid,"How many rows are there on this puzzle? Answer with a number in curly brackets, e.g., {9}.",8,9,False,Q1,384,main
sudoku_grid_06_row_remove_last_row_notitle_px384_Q2,vlms-are-biased-notitle/sudoku_grid/images/sudoku_grid_06_row_remove_last_row_notitle_px384.png,Game Boards,Sudoku Grid,"Count the rows on this puzzle. Answer with a number in curly brackets, e.g., {9}.",8,9,False,Q2,384,main
sudoku_grid_06_row_remove_last_row_notitle_px768_Q1,vlms-are-biased-notitle/sudoku_grid/images/sudoku_grid_06_row_remove_last_row_notitle_px768.png,Game Boards,Sudoku Grid,"How many rows are there on this puzzle? Answer with a number in curly brackets, e.g., {9}.",8,9,False,Q1,768,main
sudoku_grid_06_row_remove_last_row_notitle_px768_Q2,vlms-are-biased-notitle/sudoku_grid/images/sudoku_grid_06_row_remove_last_row_notitle_px768.png,Game Boards,Sudoku Grid,"Count the rows on this puzzle. Answer with a number in curly brackets, e.g., {9}.",8,9,False,Q2,768,main
sudoku_grid_06_row_remove_last_row_notitle_px1152_Q1,vlms-are-biased-notitle/sudoku_grid/images/sudoku_grid_06_row_remove_last_row_notitle_px1152.png,Game Boards,Sudoku Grid,"How many rows are there on this puzzle? Answer with a number in curly brackets, e.g., {9}.",8,9,False,Q1,1152,main
sudoku_grid_06_row_remove_last_row_notitle_px1152_Q2,vlms-are-biased-notitle/sudoku_grid/images/sudoku_grid_06_row_remove_last_row_notitle_px1152.png,Game Boards,Sudoku Grid,"Count the rows on this puzzle. Answer with a number in curly brackets, e.g., {9}.",8,9,False,Q2,1152,main
sudoku_grid_07_col_remove_first_col_notitle_px384_Q1,vlms-are-biased-notitle/sudoku_grid/images/sudoku_grid_07_col_remove_first_col_notitle_px384.png,Game Boards,Sudoku Grid,"How many columns are there on this puzzle? Answer with a number in curly brackets, e.g., {9}.",8,9,False,Q1,384,main
sudoku_grid_07_col_remove_first_col_notitle_px384_Q2,vlms-are-biased-notitle/sudoku_grid/images/sudoku_grid_07_col_remove_first_col_notitle_px384.png,Game Boards,Sudoku Grid,"Count the columns on this puzzle. Answer with a number in curly brackets, e.g., {9}.",8,9,False,Q2,384,main
sudoku_grid_07_col_remove_first_col_notitle_px768_Q1,vlms-are-biased-notitle/sudoku_grid/images/sudoku_grid_07_col_remove_first_col_notitle_px768.png,Game Boards,Sudoku Grid,"How many columns are there on this puzzle? Answer with a number in curly brackets, e.g., {9}.",8,9,False,Q1,768,main
sudoku_grid_07_col_remove_first_col_notitle_px768_Q2,vlms-are-biased-notitle/sudoku_grid/images/sudoku_grid_07_col_remove_first_col_notitle_px768.png,Game Boards,Sudoku Grid,"Count the columns on this puzzle. Answer with a number in curly brackets, e.g., {9}.",8,9,False,Q2,768,main
sudoku_grid_07_col_remove_first_col_notitle_px1152_Q1,vlms-are-biased-notitle/sudoku_grid/images/sudoku_grid_07_col_remove_first_col_notitle_px1152.png,Game Boards,Sudoku Grid,"How many columns are there on this puzzle? Answer with a number in curly brackets, e.g., {9}.",8,9,False,Q1,1152,main
sudoku_grid_07_col_remove_first_col_notitle_px1152_Q2,vlms-are-biased-notitle/sudoku_grid/images/sudoku_grid_07_col_remove_first_col_notitle_px1152.png,Game Boards,Sudoku Grid,"Count the columns on this puzzle. Answer with a number in curly brackets, e.g., {9}.",8,9,False,Q2,1152,main
sudoku_grid_08_col_remove_last_col_notitle_px384_Q1,vlms-are-biased-notitle/sudoku_grid/images/sudoku_grid_08_col_remove_last_col_notitle_px384.png,Game Boards,Sudoku Grid,"How many columns are there on this puzzle? Answer with a number in curly brackets, e.g., {9}.",8,9,False,Q1,384,main
sudoku_grid_08_col_remove_last_col_notitle_px384_Q2,vlms-are-biased-notitle/sudoku_grid/images/sudoku_grid_08_col_remove_last_col_notitle_px384.png,Game Boards,Sudoku Grid,"Count the columns on this puzzle. Answer with a number in curly brackets, e.g., {9}.",8,9,False,Q2,384,main
sudoku_grid_08_col_remove_last_col_notitle_px768_Q1,vlms-are-biased-notitle/sudoku_grid/images/sudoku_grid_08_col_remove_last_col_notitle_px768.png,Game Boards,Sudoku Grid,"How many columns are there on this puzzle? Answer with a number in curly brackets, e.g., {9}.",8,9,False,Q1,768,main
sudoku_grid_08_col_remove_last_col_notitle_px768_Q2,vlms-are-biased-notitle/sudoku_grid/images/sudoku_grid_08_col_remove_last_col_notitle_px768.png,Game Boards,Sudoku Grid,"Count the columns on this puzzle. Answer with a number in curly brackets, e.g., {9}.",8,9,False,Q2,768,main
sudoku_grid_08_col_remove_last_col_notitle_px1152_Q1,vlms-are-biased-notitle/sudoku_grid/images/sudoku_grid_08_col_remove_last_col_notitle_px1152.png,Game Boards,Sudoku Grid,"How many columns are there on this puzzle? Answer with a number in curly brackets, e.g., {9}.",8,9,False,Q1,1152,main
sudoku_grid_08_col_remove_last_col_notitle_px1152_Q2,vlms-are-biased-notitle/sudoku_grid/images/sudoku_grid_08_col_remove_last_col_notitle_px1152.png,Game Boards,Sudoku Grid,"Count the columns on this puzzle. Answer with a number in curly brackets, e.g., {9}.",8,9,False,Q2,1152,main
xiangqi_grid_01_row_remove_row_before_river_notitle_px384_Q1,vlms-are-biased-notitle/xiangqi_grid/images/xiangqi_grid_01_row_remove_row_before_river_notitle_px384.png,Game Boards,Xiangqi Grid,"How many horizontal lines are there on this board? Answer with a number in curly brackets, e.g., {9}.",9,10,False,Q1,384,main
xiangqi_grid_01_row_remove_row_before_river_notitle_px384_Q2,vlms-are-biased-notitle/xiangqi_grid/images/xiangqi_grid_01_row_remove_row_before_river_notitle_px384.png,Game Boards,Xiangqi Grid,"Count the horizontal lines on this board. Answer with a number in curly brackets, e.g., {9}.",9,10,False,Q2,384,main
xiangqi_grid_01_row_remove_row_before_river_notitle_px768_Q1,vlms-are-biased-notitle/xiangqi_grid/images/xiangqi_grid_01_row_remove_row_before_river_notitle_px768.png,Game Boards,Xiangqi Grid,"How many horizontal lines are there on this board? Answer with a number in curly brackets, e.g., {9}.",9,10,False,Q1,768,main
xiangqi_grid_01_row_remove_row_before_river_notitle_px768_Q2,vlms-are-biased-notitle/xiangqi_grid/images/xiangqi_grid_01_row_remove_row_before_river_notitle_px768.png,Game Boards,Xiangqi Grid,"Count the horizontal lines on this board. Answer with a number in curly brackets, e.g., {9}.",9,10,False,Q2,768,main
xiangqi_grid_01_row_remove_row_before_river_notitle_px1152_Q1,vlms-are-biased-notitle/xiangqi_grid/images/xiangqi_grid_01_row_remove_row_before_river_notitle_px1152.png,Game Boards,Xiangqi Grid,"How many horizontal lines are there on this board? Answer with a number in curly brackets, e.g., {9}.",9,10,False,Q1,1152,main
xiangqi_grid_01_row_remove_row_before_river_notitle_px1152_Q2,vlms-are-biased-notitle/xiangqi_grid/images/xiangqi_grid_01_row_remove_row_before_river_notitle_px1152.png,Game Boards,Xiangqi Grid,"Count the horizontal lines on this board. Answer with a number in curly brackets, e.g., {9}.",9,10,False,Q2,1152,main
xiangqi_grid_02_row_remove_row_after_river_notitle_px384_Q1,vlms-are-biased-notitle/xiangqi_grid/images/xiangqi_grid_02_row_remove_row_after_river_notitle_px384.png,Game Boards,Xiangqi Grid,"How many horizontal lines are there on this board? Answer with a number in curly brackets, e.g., {9}.",9,10,False,Q1,384,main
xiangqi_grid_02_row_remove_row_after_river_notitle_px384_Q2,vlms-are-biased-notitle/xiangqi_grid/images/xiangqi_grid_02_row_remove_row_after_river_notitle_px384.png,Game Boards,Xiangqi Grid,"Count the horizontal lines on this board. Answer with a number in curly brackets, e.g., {9}.",9,10,False,Q2,384,main
xiangqi_grid_02_row_remove_row_after_river_notitle_px768_Q1,vlms-are-biased-notitle/xiangqi_grid/images/xiangqi_grid_02_row_remove_row_after_river_notitle_px768.png,Game Boards,Xiangqi Grid,"How many horizontal lines are there on this board? Answer with a number in curly brackets, e.g., {9}.",9,10,False,Q1,768,main
xiangqi_grid_02_row_remove_row_after_river_notitle_px768_Q2,vlms-are-biased-notitle/xiangqi_grid/images/xiangqi_grid_02_row_remove_row_after_river_notitle_px768.png,Game Boards,Xiangqi Grid,"Count the horizontal lines on this board. Answer with a number in curly brackets, e.g., {9}.",9,10,False,Q2,768,main
xiangqi_grid_02_row_remove_row_after_river_notitle_px1152_Q1,vlms-are-biased-notitle/xiangqi_grid/images/xiangqi_grid_02_row_remove_row_after_river_notitle_px1152.png,Game Boards,Xiangqi Grid,"How many horizontal lines are there on this board? Answer with a number in curly brackets, e.g., {9}.",9,10,False,Q1,1152,main
xiangqi_grid_02_row_remove_row_after_river_notitle_px1152_Q2,vlms-are-biased-notitle/xiangqi_grid/images/xiangqi_grid_02_row_remove_row_after_river_notitle_px1152.png,Game Boards,Xiangqi Grid,"Count the horizontal lines on this board. Answer with a number in curly brackets, e.g., {9}.",9,10,False,Q2,1152,main
xiangqi_grid_03_row_add_row_in_river_top_notitle_px384_Q1,vlms-are-biased-notitle/xiangqi_grid/images/xiangqi_grid_03_row_add_row_in_river_top_notitle_px384.png,Game Boards,Xiangqi Grid,"How many horizontal lines are there on this board? Answer with a number in curly brackets, e.g., {9}.",11,10,False,Q1,384,main
xiangqi_grid_03_row_add_row_in_river_top_notitle_px384_Q2,vlms-are-biased-notitle/xiangqi_grid/images/xiangqi_grid_03_row_add_row_in_river_top_notitle_px384.png,Game Boards,Xiangqi Grid,"Count the horizontal lines on this board. Answer with a number in curly brackets, e.g., {9}.",11,10,False,Q2,384,main
xiangqi_grid_03_row_add_row_in_river_top_notitle_px768_Q1,vlms-are-biased-notitle/xiangqi_grid/images/xiangqi_grid_03_row_add_row_in_river_top_notitle_px768.png,Game Boards,Xiangqi Grid,"How many horizontal lines are there on this board? Answer with a number in curly brackets, e.g., {9}.",11,10,False,Q1,768,main
xiangqi_grid_03_row_add_row_in_river_top_notitle_px768_Q2,vlms-are-biased-notitle/xiangqi_grid/images/xiangqi_grid_03_row_add_row_in_river_top_notitle_px768.png,Game Boards,Xiangqi Grid,"Count the horizontal lines on this board. Answer with a number in curly brackets, e.g., {9}.",11,10,False,Q2,768,main
xiangqi_grid_03_row_add_row_in_river_top_notitle_px1152_Q1,vlms-are-biased-notitle/xiangqi_grid/images/xiangqi_grid_03_row_add_row_in_river_top_notitle_px1152.png,Game Boards,Xiangqi Grid,"How many horizontal lines are there on this board? Answer with a number in curly brackets, e.g., {9}.",11,10,False,Q1,1152,main
xiangqi_grid_03_row_add_row_in_river_top_notitle_px1152_Q2,vlms-are-biased-notitle/xiangqi_grid/images/xiangqi_grid_03_row_add_row_in_river_top_notitle_px1152.png,Game Boards,Xiangqi Grid,"Count the horizontal lines on this board. Answer with a number in curly brackets, e.g., {9}.",11,10,False,Q2,1152,main
xiangqi_grid_04_row_add_row_in_river_bottom_notitle_px384_Q1,vlms-are-biased-notitle/xiangqi_grid/images/xiangqi_grid_04_row_add_row_in_river_bottom_notitle_px384.png,Game Boards,Xiangqi Grid,"How many horizontal lines are there on this board? Answer with a number in curly brackets, e.g., {9}.",11,10,False,Q1,384,main
xiangqi_grid_04_row_add_row_in_river_bottom_notitle_px384_Q2,vlms-are-biased-notitle/xiangqi_grid/images/xiangqi_grid_04_row_add_row_in_river_bottom_notitle_px384.png,Game Boards,Xiangqi Grid,"Count the horizontal lines on this board. Answer with a number in curly brackets, e.g., {9}.",11,10,False,Q2,384,main
xiangqi_grid_04_row_add_row_in_river_bottom_notitle_px768_Q1,vlms-are-biased-notitle/xiangqi_grid/images/xiangqi_grid_04_row_add_row_in_river_bottom_notitle_px768.png,Game Boards,Xiangqi Grid,"How many horizontal lines are there on this board? Answer with a number in curly brackets, e.g., {9}.",11,10,False,Q1,768,main
xiangqi_grid_04_row_add_row_in_river_bottom_notitle_px768_Q2,vlms-are-biased-notitle/xiangqi_grid/images/xiangqi_grid_04_row_add_row_in_river_bottom_notitle_px768.png,Game Boards,Xiangqi Grid,"Count the horizontal lines on this board. Answer with a number in curly brackets, e.g., {9}.",11,10,False,Q2,768,main
xiangqi_grid_04_row_add_row_in_river_bottom_notitle_px1152_Q1,vlms-are-biased-notitle/xiangqi_grid/images/xiangqi_grid_04_row_add_row_in_river_bottom_notitle_px1152.png,Game Boards,Xiangqi Grid,"How many horizontal lines are there on this board? Answer with a number in curly brackets, e.g., {9}.",11,10,False,Q1,1152,main
xiangqi_grid_04_row_add_row_in_river_bottom_notitle_px1152_Q2,vlms-are-biased-notitle/xiangqi_grid/images/xiangqi_grid_04_row_add_row_in_river_bottom_notitle_px1152.png,Game Boards,Xiangqi Grid,"Count the horizontal lines on this board. Answer with a number in curly brackets, e.g., {9}.",11,10,False,Q2,1152,main
xiangqi_grid_05_col_remove_first_col_notitle_px384_Q1,vlms-are-biased-notitle/xiangqi_grid/images/xiangqi_grid_05_col_remove_first_col_notitle_px384.png,Game Boards,Xiangqi Grid,"How many vertical lines are there on this board? Answer with a number in curly brackets, e.g., {9}.",8,9,False,Q1,384,main
xiangqi_grid_05_col_remove_first_col_notitle_px384_Q2,vlms-are-biased-notitle/xiangqi_grid/images/xiangqi_grid_05_col_remove_first_col_notitle_px384.png,Game Boards,Xiangqi Grid,"Count the vertical lines on this board. Answer with a number in curly brackets, e.g., {9}.",8,9,False,Q2,384,main
xiangqi_grid_05_col_remove_first_col_notitle_px768_Q1,vlms-are-biased-notitle/xiangqi_grid/images/xiangqi_grid_05_col_remove_first_col_notitle_px768.png,Game Boards,Xiangqi Grid,"How many vertical lines are there on this board? Answer with a number in curly brackets, e.g., {9}.",8,9,False,Q1,768,main
xiangqi_grid_05_col_remove_first_col_notitle_px768_Q2,vlms-are-biased-notitle/xiangqi_grid/images/xiangqi_grid_05_col_remove_first_col_notitle_px768.png,Game Boards,Xiangqi Grid,"Count the vertical lines on this board. Answer with a number in curly brackets, e.g., {9}.",8,9,False,Q2,768,main
xiangqi_grid_05_col_remove_first_col_notitle_px1152_Q1,vlms-are-biased-notitle/xiangqi_grid/images/xiangqi_grid_05_col_remove_first_col_notitle_px1152.png,Game Boards,Xiangqi Grid,"How many vertical lines are there on this board? Answer with a number in curly brackets, e.g., {9}.",8,9,False,Q1,1152,main
xiangqi_grid_05_col_remove_first_col_notitle_px1152_Q2,vlms-are-biased-notitle/xiangqi_grid/images/xiangqi_grid_05_col_remove_first_col_notitle_px1152.png,Game Boards,Xiangqi Grid,"Count the vertical lines on this board. Answer with a number in curly brackets, e.g., {9}.",8,9,False,Q2,1152,main
xiangqi_grid_06_col_remove_last_col_notitle_px384_Q1,vlms-are-biased-notitle/xiangqi_grid/images/xiangqi_grid_06_col_remove_last_col_notitle_px384.png,Game Boards,Xiangqi Grid,"How many vertical lines are there on this board? Answer with a number in curly brackets, e.g., {9}.",8,9,False,Q1,384,main
xiangqi_grid_06_col_remove_last_col_notitle_px384_Q2,vlms-are-biased-notitle/xiangqi_grid/images/xiangqi_grid_06_col_remove_last_col_notitle_px384.png,Game Boards,Xiangqi Grid,"Count the vertical lines on this board. Answer with a number in curly brackets, e.g., {9}.",8,9,False,Q2,384,main
xiangqi_grid_06_col_remove_last_col_notitle_px768_Q1,vlms-are-biased-notitle/xiangqi_grid/images/xiangqi_grid_06_col_remove_last_col_notitle_px768.png,Game Boards,Xiangqi Grid,"How many vertical lines are there on this board? Answer with a number in curly brackets, e.g., {9}.",8,9,False,Q1,768,main
xiangqi_grid_06_col_remove_last_col_notitle_px768_Q2,vlms-are-biased-notitle/xiangqi_grid/images/xiangqi_grid_06_col_remove_last_col_notitle_px768.png,Game Boards,Xiangqi Grid,"Count the vertical lines on this board. Answer with a number in curly brackets, e.g., {9}.",8,9,False,Q2,768,main
xiangqi_grid_06_col_remove_last_col_notitle_px1152_Q1,vlms-are-biased-notitle/xiangqi_grid/images/xiangqi_grid_06_col_remove_last_col_notitle_px1152.png,Game Boards,Xiangqi Grid,"How many vertical lines are there on this board? Answer with a number in curly brackets, e.g., {9}.",8,9,False,Q1,1152,main
xiangqi_grid_06_col_remove_last_col_notitle_px1152_Q2,vlms-are-biased-notitle/xiangqi_grid/images/xiangqi_grid_06_col_remove_last_col_notitle_px1152.png,Game Boards,Xiangqi Grid,"Count the vertical lines on this board. Answer with a number in curly brackets, e.g., {9}.",8,9,False,Q2,1152,main
xiangqi_grid_07_col_add_first_col_notitle_px384_Q1,vlms-are-biased-notitle/xiangqi_grid/images/xiangqi_grid_07_col_add_first_col_notitle_px384.png,Game Boards,Xiangqi Grid,"How many vertical lines are there on this board? Answer with a number in curly brackets, e.g., {9}.",10,9,False,Q1,384,main
xiangqi_grid_07_col_add_first_col_notitle_px384_Q2,vlms-are-biased-notitle/xiangqi_grid/images/xiangqi_grid_07_col_add_first_col_notitle_px384.png,Game Boards,Xiangqi Grid,"Count the vertical lines on this board. Answer with a number in curly brackets, e.g., {9}.",10,9,False,Q2,384,main
xiangqi_grid_07_col_add_first_col_notitle_px768_Q1,vlms-are-biased-notitle/xiangqi_grid/images/xiangqi_grid_07_col_add_first_col_notitle_px768.png,Game Boards,Xiangqi Grid,"How many vertical lines are there on this board? Answer with a number in curly brackets, e.g., {9}.",10,9,False,Q1,768,main
xiangqi_grid_07_col_add_first_col_notitle_px768_Q2,vlms-are-biased-notitle/xiangqi_grid/images/xiangqi_grid_07_col_add_first_col_notitle_px768.png,Game Boards,Xiangqi Grid,"Count the vertical lines on this board. Answer with a number in curly brackets, e.g., {9}.",10,9,False,Q2,768,main
xiangqi_grid_07_col_add_first_col_notitle_px1152_Q1,vlms-are-biased-notitle/xiangqi_grid/images/xiangqi_grid_07_col_add_first_col_notitle_px1152.png,Game Boards,Xiangqi Grid,"How many vertical lines are there on this board? Answer with a number in curly brackets, e.g., {9}.",10,9,False,Q1,1152,main
xiangqi_grid_07_col_add_first_col_notitle_px1152_Q2,vlms-are-biased-notitle/xiangqi_grid/images/xiangqi_grid_07_col_add_first_col_notitle_px1152.png,Game Boards,Xiangqi Grid,"Count the vertical lines on this board. Answer with a number in curly brackets, e.g., {9}.",10,9,False,Q2,1152,main
xiangqi_grid_08_col_add_last_col_notitle_px384_Q1,vlms-are-biased-notitle/xiangqi_grid/images/xiangqi_grid_08_col_add_last_col_notitle_px384.png,Game Boards,Xiangqi Grid,"How many vertical lines are there on this board? Answer with a number in curly brackets, e.g., {9}.",10,9,False,Q1,384,main
xiangqi_grid_08_col_add_last_col_notitle_px384_Q2,vlms-are-biased-notitle/xiangqi_grid/images/xiangqi_grid_08_col_add_last_col_notitle_px384.png,Game Boards,Xiangqi Grid,"Count the vertical lines on this board. Answer with a number in curly brackets, e.g., {9}.",10,9,False,Q2,384,main
xiangqi_grid_08_col_add_last_col_notitle_px768_Q1,vlms-are-biased-notitle/xiangqi_grid/images/xiangqi_grid_08_col_add_last_col_notitle_px768.png,Game Boards,Xiangqi Grid,"How many vertical lines are there on this board? Answer with a number in curly brackets, e.g., {9}.",10,9,False,Q1,768,main
xiangqi_grid_08_col_add_last_col_notitle_px768_Q2,vlms-are-biased-notitle/xiangqi_grid/images/xiangqi_grid_08_col_add_last_col_notitle_px768.png,Game Boards,Xiangqi Grid,"Count the vertical lines on this board. Answer with a number in curly brackets, e.g., {9}.",10,9,False,Q2,768,main
xiangqi_grid_08_col_add_last_col_notitle_px1152_Q1,vlms-are-biased-notitle/xiangqi_grid/images/xiangqi_grid_08_col_add_last_col_notitle_px1152.png,Game Boards,Xiangqi Grid,"How many vertical lines are there on this board? Answer with a number in curly brackets, e.g., {9}.",10,9,False,Q1,1152,main
xiangqi_grid_08_col_add_last_col_notitle_px1152_Q2,vlms-are-biased-notitle/xiangqi_grid/images/xiangqi_grid_08_col_add_last_col_notitle_px1152.png,Game Boards,Xiangqi Grid,"Count the vertical lines on this board. Answer with a number in curly brackets, e.g., {9}.",10,9,False,Q2,1152,main
dice_001_remove_notitle_px384_prompt1,vlms-are-biased-notitle/dice/images/dice_001_remove_C3_notitle_px384.png,Patterned Grid,Dice Pattern,"How many circles are there in cell C3? Answer with a number in curly brackets, e.g., {9}.",2,3,False,Q1,384,main
dice_001_remove_notitle_px384_prompt2,vlms-are-biased-notitle/dice/images/dice_001_remove_C3_notitle_px384.png,Patterned Grid,Dice Pattern,"Count the circles in cell C3. Answer with a number in curly brackets, e.g., {9}.",2,3,False,Q2,384,main
dice_001_remove_notitle_px768_prompt1,vlms-are-biased-notitle/dice/images/dice_001_remove_C3_notitle_px768.png,Patterned Grid,Dice Pattern,"How many circles are there in cell C3? Answer with a number in curly brackets, e.g., {9}.",2,3,False,Q1,768,main
dice_001_remove_notitle_px768_prompt2,vlms-are-biased-notitle/dice/images/dice_001_remove_C3_notitle_px768.png,Patterned Grid,Dice Pattern,"Count the circles in cell C3. Answer with a number in curly brackets, e.g., {9}.",2,3,False,Q2,768,main
dice_001_remove_notitle_px1152_prompt1,vlms-are-biased-notitle/dice/images/dice_001_remove_C3_notitle_px1152.png,Patterned Grid,Dice Pattern,"How many circles are there in cell C3? Answer with a number in curly brackets, e.g., {9}.",2,3,False,Q1,1152,main
dice_001_remove_notitle_px1152_prompt2,vlms-are-biased-notitle/dice/images/dice_001_remove_C3_notitle_px1152.png,Patterned Grid,Dice Pattern,"Count the circles in cell C3. Answer with a number in curly brackets, e.g., {9}.",2,3,False,Q2,1152,main
dice_001_replace_notitle_px384_prompt1,vlms-are-biased-notitle/dice/images/dice_001_replace_C3_notitle_px384.png,Patterned Grid,Dice Pattern,"How many circles are there in cell C3? Answer with a number in curly brackets, e.g., {9}.",2,3,False,Q1,384,main
dice_001_replace_notitle_px384_prompt2,vlms-are-biased-notitle/dice/images/dice_001_replace_C3_notitle_px384.png,Patterned Grid,Dice Pattern,"Count the circles in cell C3. Answer with a number in curly brackets, e.g., {9}.",2,3,False,Q2,384,main
dice_001_replace_notitle_px768_prompt1,vlms-are-biased-notitle/dice/images/dice_001_replace_C3_notitle_px768.png,Patterned Grid,Dice Pattern,"How many circles are there in cell C3? Answer with a number in curly brackets, e.g., {9}.",2,3,False,Q1,768,main
dice_001_replace_notitle_px768_prompt2,vlms-are-biased-notitle/dice/images/dice_001_replace_C3_notitle_px768.png,Patterned Grid,Dice Pattern,"Count the circles in cell C3. Answer with a number in curly brackets, e.g., {9}.",2,3,False,Q2,768,main
dice_001_replace_notitle_px1152_prompt1,vlms-are-biased-notitle/dice/images/dice_001_replace_C3_notitle_px1152.png,Patterned Grid,Dice Pattern,"How many circles are there in cell C3? Answer with a number in curly brackets, e.g., {9}.",2,3,False,Q1,1152,main
dice_001_replace_notitle_px1152_prompt2,vlms-are-biased-notitle/dice/images/dice_001_replace_C3_notitle_px1152.png,Patterned Grid,Dice Pattern,"Count the circles in cell C3. Answer with a number in curly brackets, e.g., {9}.",2,3,False,Q2,1152,main
dice_002_remove_notitle_px384_prompt1,vlms-are-biased-notitle/dice/images/dice_002_remove_E5_notitle_px384.png,Patterned Grid,Dice Pattern,"How many circles are there in cell E5? Answer with a number in curly brackets, e.g., {9}.",2,3,False,Q1,384,main
dice_002_remove_notitle_px384_prompt2,vlms-are-biased-notitle/dice/images/dice_002_remove_E5_notitle_px384.png,Patterned Grid,Dice Pattern,"Count the circles in cell E5. Answer with a number in curly brackets, e.g., {9}.",2,3,False,Q2,384,main
dice_002_remove_notitle_px768_prompt1,vlms-are-biased-notitle/dice/images/dice_002_remove_E5_notitle_px768.png,Patterned Grid,Dice Pattern,"How many circles are there in cell E5? Answer with a number in curly brackets, e.g., {9}.",2,3,False,Q1,768,main
dice_002_remove_notitle_px768_prompt2,vlms-are-biased-notitle/dice/images/dice_002_remove_E5_notitle_px768.png,Patterned Grid,Dice Pattern,"Count the circles in cell E5. Answer with a number in curly brackets, e.g., {9}.",2,3,False,Q2,768,main
dice_002_remove_notitle_px1152_prompt1,vlms-are-biased-notitle/dice/images/dice_002_remove_E5_notitle_px1152.png,Patterned Grid,Dice Pattern,"How many circles are there in cell E5? Answer with a number in curly brackets, e.g., {9}.",2,3,False,Q1,1152,main
dice_002_remove_notitle_px1152_prompt2,vlms-are-biased-notitle/dice/images/dice_002_remove_E5_notitle_px1152.png,Patterned Grid,Dice Pattern,"Count the circles in cell E5. Answer with a number in curly brackets, e.g., {9}.",2,3,False,Q2,1152,main
dice_002_replace_notitle_px384_prompt1,vlms-are-biased-notitle/dice/images/dice_002_replace_E5_notitle_px384.png,Patterned Grid,Dice Pattern,"How many circles are there in cell E5? Answer with a number in curly brackets, e.g., {9}.",2,3,False,Q1,384,main
dice_002_replace_notitle_px384_prompt2,vlms-are-biased-notitle/dice/images/dice_002_replace_E5_notitle_px384.png,Patterned Grid,Dice Pattern,"Count the circles in cell E5. Answer with a number in curly brackets, e.g., {9}.",2,3,False,Q2,384,main
dice_002_replace_notitle_px768_prompt1,vlms-are-biased-notitle/dice/images/dice_002_replace_E5_notitle_px768.png,Patterned Grid,Dice Pattern,"How many circles are there in cell E5? Answer with a number in curly brackets, e.g., {9}.",2,3,False,Q1,768,main
dice_002_replace_notitle_px768_prompt2,vlms-are-biased-notitle/dice/images/dice_002_replace_E5_notitle_px768.png,Patterned Grid,Dice Pattern,"Count the circles in cell E5. Answer with a number in curly brackets, e.g., {9}.",2,3,False,Q2,768,main
dice_002_replace_notitle_px1152_prompt1,vlms-are-biased-notitle/dice/images/dice_002_replace_E5_notitle_px1152.png,Patterned Grid,Dice Pattern,"How many circles are there in cell E5? Answer with a number in curly brackets, e.g., {9}.",2,3,False,Q1,1152,main
dice_002_replace_notitle_px1152_prompt2,vlms-are-biased-notitle/dice/images/dice_002_replace_E5_notitle_px1152.png,Patterned Grid,Dice Pattern,"Count the circles in cell E5. Answer with a number in curly brackets, e.g., {9}.",2,3,False,Q2,1152,main
dice_003_remove_notitle_px384_prompt1,vlms-are-biased-notitle/dice/images/dice_003_remove_D4_notitle_px384.png,Patterned Grid,Dice Pattern,"How many circles are there in cell D4? Answer with a number in curly brackets, e.g., {9}.",3,4,False,Q1,384,main
dice_003_remove_notitle_px384_prompt2,vlms-are-biased-notitle/dice/images/dice_003_remove_D4_notitle_px384.png,Patterned Grid,Dice Pattern,"Count the circles in cell D4. Answer with a number in curly brackets, e.g., {9}.",3,4,False,Q2,384,main
dice_003_remove_notitle_px768_prompt1,vlms-are-biased-notitle/dice/images/dice_003_remove_D4_notitle_px768.png,Patterned Grid,Dice Pattern,"How many circles are there in cell D4? Answer with a number in curly brackets, e.g., {9}.",3,4,False,Q1,768,main
dice_003_remove_notitle_px768_prompt2,vlms-are-biased-notitle/dice/images/dice_003_remove_D4_notitle_px768.png,Patterned Grid,Dice Pattern,"Count the circles in cell D4. Answer with a number in curly brackets, e.g., {9}.",3,4,False,Q2,768,main
dice_003_remove_notitle_px1152_prompt1,vlms-are-biased-notitle/dice/images/dice_003_remove_D4_notitle_px1152.png,Patterned Grid,Dice Pattern,"How many circles are there in cell D4? Answer with a number in curly brackets, e.g., {9}.",3,4,False,Q1,1152,main
dice_003_remove_notitle_px1152_prompt2,vlms-are-biased-notitle/dice/images/dice_003_remove_D4_notitle_px1152.png,Patterned Grid,Dice Pattern,"Count the circles in cell D4. Answer with a number in curly brackets, e.g., {9}.",3,4,False,Q2,1152,main
dice_003_replace_notitle_px384_prompt1,vlms-are-biased-notitle/dice/images/dice_003_replace_D4_notitle_px384.png,Patterned Grid,Dice Pattern,"How many circles are there in cell D4? Answer with a number in curly brackets, e.g., {9}.",3,4,False,Q1,384,main
dice_003_replace_notitle_px384_prompt2,vlms-are-biased-notitle/dice/images/dice_003_replace_D4_notitle_px384.png,Patterned Grid,Dice Pattern,"Count the circles in cell D4. Answer with a number in curly brackets, e.g., {9}.",3,4,False,Q2,384,main
dice_003_replace_notitle_px768_prompt1,vlms-are-biased-notitle/dice/images/dice_003_replace_D4_notitle_px768.png,Patterned Grid,Dice Pattern,"How many circles are there in cell D4? Answer with a number in curly brackets, e.g., {9}.",3,4,False,Q1,768,main
dice_003_replace_notitle_px768_prompt2,vlms-are-biased-notitle/dice/images/dice_003_replace_D4_notitle_px768.png,Patterned Grid,Dice Pattern,"Count the circles in cell D4. Answer with a number in curly brackets, e.g., {9}.",3,4,False,Q2,768,main
dice_003_replace_notitle_px1152_prompt1,vlms-are-biased-notitle/dice/images/dice_003_replace_D4_notitle_px1152.png,Patterned Grid,Dice Pattern,"How many circles are there in cell D4? Answer with a number in curly brackets, e.g., {9}.",3,4,False,Q1,1152,main
dice_003_replace_notitle_px1152_prompt2,vlms-are-biased-notitle/dice/images/dice_003_replace_D4_notitle_px1152.png,Patterned Grid,Dice Pattern,"Count the circles in cell D4. Answer with a number in curly brackets, e.g., {9}.",3,4,False,Q2,1152,main
dice_004_remove_notitle_px384_prompt1,vlms-are-biased-notitle/dice/images/dice_004_remove_F5_notitle_px384.png,Patterned Grid,Dice Pattern,"How many circles are there in cell F5? Answer with a number in curly brackets, e.g., {9}.",3,4,False,Q1,384,main
dice_004_remove_notitle_px384_prompt2,vlms-are-biased-notitle/dice/images/dice_004_remove_F5_notitle_px384.png,Patterned Grid,Dice Pattern,"Count the circles in cell F5. Answer with a number in curly brackets, e.g., {9}.",3,4,False,Q2,384,main
dice_004_remove_notitle_px768_prompt1,vlms-are-biased-notitle/dice/images/dice_004_remove_F5_notitle_px768.png,Patterned Grid,Dice Pattern,"How many circles are there in cell F5? Answer with a number in curly brackets, e.g., {9}.",3,4,False,Q1,768,main
dice_004_remove_notitle_px768_prompt2,vlms-are-biased-notitle/dice/images/dice_004_remove_F5_notitle_px768.png,Patterned Grid,Dice Pattern,"Count the circles in cell F5. Answer with a number in curly brackets, e.g., {9}.",3,4,False,Q2,768,main
dice_004_remove_notitle_px1152_prompt1,vlms-are-biased-notitle/dice/images/dice_004_remove_F5_notitle_px1152.png,Patterned Grid,Dice Pattern,"How many circles are there in cell F5? Answer with a number in curly brackets, e.g., {9}.",3,4,False,Q1,1152,main
dice_004_remove_notitle_px1152_prompt2,vlms-are-biased-notitle/dice/images/dice_004_remove_F5_notitle_px1152.png,Patterned Grid,Dice Pattern,"Count the circles in cell F5. Answer with a number in curly brackets, e.g., {9}.",3,4,False,Q2,1152,main
dice_004_replace_notitle_px384_prompt1,vlms-are-biased-notitle/dice/images/dice_004_replace_F5_notitle_px384.png,Patterned Grid,Dice Pattern,"How many circles are there in cell F5? Answer with a number in curly brackets, e.g., {9}.",3,4,False,Q1,384,main
dice_004_replace_notitle_px384_prompt2,vlms-are-biased-notitle/dice/images/dice_004_replace_F5_notitle_px384.png,Patterned Grid,Dice Pattern,"Count the circles in cell F5. Answer with a number in curly brackets, e.g., {9}.",3,4,False,Q2,384,main
dice_004_replace_notitle_px768_prompt1,vlms-are-biased-notitle/dice/images/dice_004_replace_F5_notitle_px768.png,Patterned Grid,Dice Pattern,"How many circles are there in cell F5? Answer with a number in curly brackets, e.g., {9}.",3,4,False,Q1,768,main
dice_004_replace_notitle_px768_prompt2,vlms-are-biased-notitle/dice/images/dice_004_replace_F5_notitle_px768.png,Patterned Grid,Dice Pattern,"Count the circles in cell F5. Answer with a number in curly brackets, e.g., {9}.",3,4,False,Q2,768,main
dice_004_replace_notitle_px1152_prompt1,vlms-are-biased-notitle/dice/images/dice_004_replace_F5_notitle_px1152.png,Patterned Grid,Dice Pattern,"How many circles are there in cell F5? Answer with a number in curly brackets, e.g., {9}.",3,4,False,Q1,1152,main
dice_004_replace_notitle_px1152_prompt2,vlms-are-biased-notitle/dice/images/dice_004_replace_F5_notitle_px1152.png,Patterned Grid,Dice Pattern,"Count the circles in cell F5. Answer with a number in curly brackets, e.g., {9}.",3,4,False,Q2,1152,main
dice_005_remove_notitle_px384_prompt1,vlms-are-biased-notitle/dice/images/dice_005_remove_G4_notitle_px384.png,Patterned Grid,Dice Pattern,"How many circles are there in cell G4? Answer with a number in curly brackets, e.g., {9}.",3,4,False,Q1,384,main
dice_005_remove_notitle_px384_prompt2,vlms-are-biased-notitle/dice/images/dice_005_remove_G4_notitle_px384.png,Patterned Grid,Dice Pattern,"Count the circles in cell G4. Answer with a number in curly brackets, e.g., {9}.",3,4,False,Q2,384,main
dice_005_remove_notitle_px768_prompt1,vlms-are-biased-notitle/dice/images/dice_005_remove_G4_notitle_px768.png,Patterned Grid,Dice Pattern,"How many circles are there in cell G4? Answer with a number in curly brackets, e.g., {9}.",3,4,False,Q1,768,main
dice_005_remove_notitle_px768_prompt2,vlms-are-biased-notitle/dice/images/dice_005_remove_G4_notitle_px768.png,Patterned Grid,Dice Pattern,"Count the circles in cell G4. Answer with a number in curly brackets, e.g., {9}.",3,4,False,Q2,768,main
dice_005_remove_notitle_px1152_prompt1,vlms-are-biased-notitle/dice/images/dice_005_remove_G4_notitle_px1152.png,Patterned Grid,Dice Pattern,"How many circles are there in cell G4? Answer with a number in curly brackets, e.g., {9}.",3,4,False,Q1,1152,main
dice_005_remove_notitle_px1152_prompt2,vlms-are-biased-notitle/dice/images/dice_005_remove_G4_notitle_px1152.png,Patterned Grid,Dice Pattern,"Count the circles in cell G4. Answer with a number in curly brackets, e.g., {9}.",3,4,False,Q2,1152,main
dice_005_replace_notitle_px384_prompt1,vlms-are-biased-notitle/dice/images/dice_005_replace_G4_notitle_px384.png,Patterned Grid,Dice Pattern,"How many circles are there in cell G4? Answer with a number in curly brackets, e.g., {9}.",3,4,False,Q1,384,main
dice_005_replace_notitle_px384_prompt2,vlms-are-biased-notitle/dice/images/dice_005_replace_G4_notitle_px384.png,Patterned Grid,Dice Pattern,"Count the circles in cell G4. Answer with a number in curly brackets, e.g., {9}.",3,4,False,Q2,384,main
dice_005_replace_notitle_px768_prompt1,vlms-are-biased-notitle/dice/images/dice_005_replace_G4_notitle_px768.png,Patterned Grid,Dice Pattern,"How many circles are there in cell G4? Answer with a number in curly brackets, e.g., {9}.",3,4,False,Q1,768,main
dice_005_replace_notitle_px768_prompt2,vlms-are-biased-notitle/dice/images/dice_005_replace_G4_notitle_px768.png,Patterned Grid,Dice Pattern,"Count the circles in cell G4. Answer with a number in curly brackets, e.g., {9}.",3,4,False,Q2,768,main
dice_005_replace_notitle_px1152_prompt1,vlms-are-biased-notitle/dice/images/dice_005_replace_G4_notitle_px1152.png,Patterned Grid,Dice Pattern,"How many circles are there in cell G4? Answer with a number in curly brackets, e.g., {9}.",3,4,False,Q1,1152,main
dice_005_replace_notitle_px1152_prompt2,vlms-are-biased-notitle/dice/images/dice_005_replace_G4_notitle_px1152.png,Patterned Grid,Dice Pattern,"Count the circles in cell G4. Answer with a number in curly brackets, e.g., {9}.",3,4,False,Q2,1152,main
dice_006_remove_notitle_px384_prompt1,vlms-are-biased-notitle/dice/images/dice_006_remove_D7_notitle_px384.png,Patterned Grid,Dice Pattern,"How many circles are there in cell D7? Answer with a number in curly brackets, e.g., {9}.",3,4,False,Q1,384,main
dice_006_remove_notitle_px384_prompt2,vlms-are-biased-notitle/dice/images/dice_006_remove_D7_notitle_px384.png,Patterned Grid,Dice Pattern,"Count the circles in cell D7. Answer with a number in curly brackets, e.g., {9}.",3,4,False,Q2,384,main
dice_006_remove_notitle_px768_prompt1,vlms-are-biased-notitle/dice/images/dice_006_remove_D7_notitle_px768.png,Patterned Grid,Dice Pattern,"How many circles are there in cell D7? Answer with a number in curly brackets, e.g., {9}.",3,4,False,Q1,768,main
dice_006_remove_notitle_px768_prompt2,vlms-are-biased-notitle/dice/images/dice_006_remove_D7_notitle_px768.png,Patterned Grid,Dice Pattern,"Count the circles in cell D7. Answer with a number in curly brackets, e.g., {9}.",3,4,False,Q2,768,main
dice_006_remove_notitle_px1152_prompt1,vlms-are-biased-notitle/dice/images/dice_006_remove_D7_notitle_px1152.png,Patterned Grid,Dice Pattern,"How many circles are there in cell D7? Answer with a number in curly brackets, e.g., {9}.",3,4,False,Q1,1152,main
dice_006_remove_notitle_px1152_prompt2,vlms-are-biased-notitle/dice/images/dice_006_remove_D7_notitle_px1152.png,Patterned Grid,Dice Pattern,"Count the circles in cell D7. Answer with a number in curly brackets, e.g., {9}.",3,4,False,Q2,1152,main
dice_006_replace_notitle_px384_prompt1,vlms-are-biased-notitle/dice/images/dice_006_replace_D7_notitle_px384.png,Patterned Grid,Dice Pattern,"How many circles are there in cell D7? Answer with a number in curly brackets, e.g., {9}.",3,4,False,Q1,384,main
dice_006_replace_notitle_px384_prompt2,vlms-are-biased-notitle/dice/images/dice_006_replace_D7_notitle_px384.png,Patterned Grid,Dice Pattern,"Count the circles in cell D7. Answer with a number in curly brackets, e.g., {9}.",3,4,False,Q2,384,main
dice_006_replace_notitle_px768_prompt1,vlms-are-biased-notitle/dice/images/dice_006_replace_D7_notitle_px768.png,Patterned Grid,Dice Pattern,"How many circles are there in cell D7? Answer with a number in curly brackets, e.g., {9}.",3,4,False,Q1,768,main
dice_006_replace_notitle_px768_prompt2,vlms-are-biased-notitle/dice/images/dice_006_replace_D7_notitle_px768.png,Patterned Grid,Dice Pattern,"Count the circles in cell D7. Answer with a number in curly brackets, e.g., {9}.",3,4,False,Q2,768,main
dice_006_replace_notitle_px1152_prompt1,vlms-are-biased-notitle/dice/images/dice_006_replace_D7_notitle_px1152.png,Patterned Grid,Dice Pattern,"How many circles are there in cell D7? Answer with a number in curly brackets, e.g., {9}.",3,4,False,Q1,1152,main
dice_006_replace_notitle_px1152_prompt2,vlms-are-biased-notitle/dice/images/dice_006_replace_D7_notitle_px1152.png,Patterned Grid,Dice Pattern,"Count the circles in cell D7. Answer with a number in curly brackets, e.g., {9}.",3,4,False,Q2,1152,main
dice_007_remove_notitle_px384_prompt1,vlms-are-biased-notitle/dice/images/dice_007_remove_D6_notitle_px384.png,Patterned Grid,Dice Pattern,"How many circles are there in cell D6? Answer with a number in curly brackets, e.g., {9}.",3,4,False,Q1,384,main
dice_007_remove_notitle_px384_prompt2,vlms-are-biased-notitle/dice/images/dice_007_remove_D6_notitle_px384.png,Patterned Grid,Dice Pattern,"Count the circles in cell D6. Answer with a number in curly brackets, e.g., {9}.",3,4,False,Q2,384,main
dice_007_remove_notitle_px768_prompt1,vlms-are-biased-notitle/dice/images/dice_007_remove_D6_notitle_px768.png,Patterned Grid,Dice Pattern,"How many circles are there in cell D6? Answer with a number in curly brackets, e.g., {9}.",3,4,False,Q1,768,main
dice_007_remove_notitle_px768_prompt2,vlms-are-biased-notitle/dice/images/dice_007_remove_D6_notitle_px768.png,Patterned Grid,Dice Pattern,"Count the circles in cell D6. Answer with a number in curly brackets, e.g., {9}.",3,4,False,Q2,768,main
dice_007_remove_notitle_px1152_prompt1,vlms-are-biased-notitle/dice/images/dice_007_remove_D6_notitle_px1152.png,Patterned Grid,Dice Pattern,"How many circles are there in cell D6? Answer with a number in curly brackets, e.g., {9}.",3,4,False,Q1,1152,main
dice_007_remove_notitle_px1152_prompt2,vlms-are-biased-notitle/dice/images/dice_007_remove_D6_notitle_px1152.png,Patterned Grid,Dice Pattern,"Count the circles in cell D6. Answer with a number in curly brackets, e.g., {9}.",3,4,False,Q2,1152,main
dice_007_replace_notitle_px384_prompt1,vlms-are-biased-notitle/dice/images/dice_007_replace_D6_notitle_px384.png,Patterned Grid,Dice Pattern,"How many circles are there in cell D6? Answer with a number in curly brackets, e.g., {9}.",3,4,False,Q1,384,main
dice_007_replace_notitle_px384_prompt2,vlms-are-biased-notitle/dice/images/dice_007_replace_D6_notitle_px384.png,Patterned Grid,Dice Pattern,"Count the circles in cell D6. Answer with a number in curly brackets, e.g., {9}.",3,4,False,Q2,384,main
dice_007_replace_notitle_px768_prompt1,vlms-are-biased-notitle/dice/images/dice_007_replace_D6_notitle_px768.png,Patterned Grid,Dice Pattern,"How many circles are there in cell D6? Answer with a number in curly brackets, e.g., {9}.",3,4,False,Q1,768,main
dice_007_replace_notitle_px768_prompt2,vlms-are-biased-notitle/dice/images/dice_007_replace_D6_notitle_px768.png,Patterned Grid,Dice Pattern,"Count the circles in cell D6. Answer with a number in curly brackets, e.g., {9}.",3,4,False,Q2,768,main
dice_007_replace_notitle_px1152_prompt1,vlms-are-biased-notitle/dice/images/dice_007_replace_D6_notitle_px1152.png,Patterned Grid,Dice Pattern,"How many circles are there in cell D6? Answer with a number in curly brackets, e.g., {9}.",3,4,False,Q1,1152,main
dice_007_replace_notitle_px1152_prompt2,vlms-are-biased-notitle/dice/images/dice_007_replace_D6_notitle_px1152.png,Patterned Grid,Dice Pattern,"Count the circles in cell D6. Answer with a number in curly brackets, e.g., {9}.",3,4,False,Q2,1152,main
dice_008_remove_notitle_px384_prompt1,vlms-are-biased-notitle/dice/images/dice_008_remove_D4_notitle_px384.png,Patterned Grid,Dice Pattern,"How many circles are there in cell D4? Answer with a number in curly brackets, e.g., {9}.",2,3,False,Q1,384,main
dice_008_remove_notitle_px384_prompt2,vlms-are-biased-notitle/dice/images/dice_008_remove_D4_notitle_px384.png,Patterned Grid,Dice Pattern,"Count the circles in cell D4. Answer with a number in curly brackets, e.g., {9}.",2,3,False,Q2,384,main
dice_008_remove_notitle_px768_prompt1,vlms-are-biased-notitle/dice/images/dice_008_remove_D4_notitle_px768.png,Patterned Grid,Dice Pattern,"How many circles are there in cell D4? Answer with a number in curly brackets, e.g., {9}.",2,3,False,Q1,768,main
dice_008_remove_notitle_px768_prompt2,vlms-are-biased-notitle/dice/images/dice_008_remove_D4_notitle_px768.png,Patterned Grid,Dice Pattern,"Count the circles in cell D4. Answer with a number in curly brackets, e.g., {9}.",2,3,False,Q2,768,main
dice_008_remove_notitle_px1152_prompt1,vlms-are-biased-notitle/dice/images/dice_008_remove_D4_notitle_px1152.png,Patterned Grid,Dice Pattern,"How many circles are there in cell D4? Answer with a number in curly brackets, e.g., {9}.",2,3,False,Q1,1152,main
dice_008_remove_notitle_px1152_prompt2,vlms-are-biased-notitle/dice/images/dice_008_remove_D4_notitle_px1152.png,Patterned Grid,Dice Pattern,"Count the circles in cell D4. Answer with a number in curly brackets, e.g., {9}.",2,3,False,Q2,1152,main
dice_008_replace_notitle_px384_prompt1,vlms-are-biased-notitle/dice/images/dice_008_replace_D4_notitle_px384.png,Patterned Grid,Dice Pattern,"How many circles are there in cell D4? Answer with a number in curly brackets, e.g., {9}.",2,3,False,Q1,384,main
dice_008_replace_notitle_px384_prompt2,vlms-are-biased-notitle/dice/images/dice_008_replace_D4_notitle_px384.png,Patterned Grid,Dice Pattern,"Count the circles in cell D4. Answer with a number in curly brackets, e.g., {9}.",2,3,False,Q2,384,main
dice_008_replace_notitle_px768_prompt1,vlms-are-biased-notitle/dice/images/dice_008_replace_D4_notitle_px768.png,Patterned Grid,Dice Pattern,"How many circles are there in cell D4? Answer with a number in curly brackets, e.g., {9}.",2,3,False,Q1,768,main
dice_008_replace_notitle_px768_prompt2,vlms-are-biased-notitle/dice/images/dice_008_replace_D4_notitle_px768.png,Patterned Grid,Dice Pattern,"Count the circles in cell D4. Answer with a number in curly brackets, e.g., {9}.",2,3,False,Q2,768,main
dice_008_replace_notitle_px1152_prompt1,vlms-are-biased-notitle/dice/images/dice_008_replace_D4_notitle_px1152.png,Patterned Grid,Dice Pattern,"How many circles are there in cell D4? Answer with a number in curly brackets, e.g., {9}.",2,3,False,Q1,1152,main
dice_008_replace_notitle_px1152_prompt2,vlms-are-biased-notitle/dice/images/dice_008_replace_D4_notitle_px1152.png,Patterned Grid,Dice Pattern,"Count the circles in cell D4. Answer with a number in curly brackets, e.g., {9}.",2,3,False,Q2,1152,main
dice_009_remove_notitle_px384_prompt1,vlms-are-biased-notitle/dice/images/dice_009_remove_D4_notitle_px384.png,Patterned Grid,Dice Pattern,"How many circles are there in cell D4? Answer with a number in curly brackets, e.g., {9}.",3,4,False,Q1,384,main
dice_009_remove_notitle_px384_prompt2,vlms-are-biased-notitle/dice/images/dice_009_remove_D4_notitle_px384.png,Patterned Grid,Dice Pattern,"Count the circles in cell D4. Answer with a number in curly brackets, e.g., {9}.",3,4,False,Q2,384,main
dice_009_remove_notitle_px768_prompt1,vlms-are-biased-notitle/dice/images/dice_009_remove_D4_notitle_px768.png,Patterned Grid,Dice Pattern,"How many circles are there in cell D4? Answer with a number in curly brackets, e.g., {9}.",3,4,False,Q1,768,main
dice_009_remove_notitle_px768_prompt2,vlms-are-biased-notitle/dice/images/dice_009_remove_D4_notitle_px768.png,Patterned Grid,Dice Pattern,"Count the circles in cell D4. Answer with a number in curly brackets, e.g., {9}.",3,4,False,Q2,768,main
dice_009_remove_notitle_px1152_prompt1,vlms-are-biased-notitle/dice/images/dice_009_remove_D4_notitle_px1152.png,Patterned Grid,Dice Pattern,"How many circles are there in cell D4? Answer with a number in curly brackets, e.g., {9}.",3,4,False,Q1,1152,main
dice_009_remove_notitle_px1152_prompt2,vlms-are-biased-notitle/dice/images/dice_009_remove_D4_notitle_px1152.png,Patterned Grid,Dice Pattern,"Count the circles in cell D4. Answer with a number in curly brackets, e.g., {9}.",3,4,False,Q2,1152,main
dice_009_replace_notitle_px384_prompt1,vlms-are-biased-notitle/dice/images/dice_009_replace_D4_notitle_px384.png,Patterned Grid,Dice Pattern,"How many circles are there in cell D4? Answer with a number in curly brackets, e.g., {9}.",3,4,False,Q1,384,main
dice_009_replace_notitle_px384_prompt2,vlms-are-biased-notitle/dice/images/dice_009_replace_D4_notitle_px384.png,Patterned Grid,Dice Pattern,"Count the circles in cell D4. Answer with a number in curly brackets, e.g., {9}.",3,4,False,Q2,384,main
dice_009_replace_notitle_px768_prompt1,vlms-are-biased-notitle/dice/images/dice_009_replace_D4_notitle_px768.png,Patterned Grid,Dice Pattern,"How many circles are there in cell D4? Answer with a number in curly brackets, e.g., {9}.",3,4,False,Q1,768,main
dice_009_replace_notitle_px768_prompt2,vlms-are-biased-notitle/dice/images/dice_009_replace_D4_notitle_px768.png,Patterned Grid,Dice Pattern,"Count the circles in cell D4. Answer with a number in curly brackets, e.g., {9}.",3,4,False,Q2,768,main
dice_009_replace_notitle_px1152_prompt1,vlms-are-biased-notitle/dice/images/dice_009_replace_D4_notitle_px1152.png,Patterned Grid,Dice Pattern,"How many circles are there in cell D4? Answer with a number in curly brackets, e.g., {9}.",3,4,False,Q1,1152,main
dice_009_replace_notitle_px1152_prompt2,vlms-are-biased-notitle/dice/images/dice_009_replace_D4_notitle_px1152.png,Patterned Grid,Dice Pattern,"Count the circles in cell D4. Answer with a number in curly brackets, e.g., {9}.",3,4,False,Q2,1152,main
dice_010_remove_notitle_px384_prompt1,vlms-are-biased-notitle/dice/images/dice_010_remove_E4_notitle_px384.png,Patterned Grid,Dice Pattern,"How many circles are there in cell E4? Answer with a number in curly brackets, e.g., {9}.",3,4,False,Q1,384,main
dice_010_remove_notitle_px384_prompt2,vlms-are-biased-notitle/dice/images/dice_010_remove_E4_notitle_px384.png,Patterned Grid,Dice Pattern,"Count the circles in cell E4. Answer with a number in curly brackets, e.g., {9}.",3,4,False,Q2,384,main
dice_010_remove_notitle_px768_prompt1,vlms-are-biased-notitle/dice/images/dice_010_remove_E4_notitle_px768.png,Patterned Grid,Dice Pattern,"How many circles are there in cell E4? Answer with a number in curly brackets, e.g., {9}.",3,4,False,Q1,768,main
dice_010_remove_notitle_px768_prompt2,vlms-are-biased-notitle/dice/images/dice_010_remove_E4_notitle_px768.png,Patterned Grid,Dice Pattern,"Count the circles in cell E4. Answer with a number in curly brackets, e.g., {9}.",3,4,False,Q2,768,main
dice_010_remove_notitle_px1152_prompt1,vlms-are-biased-notitle/dice/images/dice_010_remove_E4_notitle_px1152.png,Patterned Grid,Dice Pattern,"How many circles are there in cell E4? Answer with a number in curly brackets, e.g., {9}.",3,4,False,Q1,1152,main
dice_010_remove_notitle_px1152_prompt2,vlms-are-biased-notitle/dice/images/dice_010_remove_E4_notitle_px1152.png,Patterned Grid,Dice Pattern,"Count the circles in cell E4. Answer with a number in curly brackets, e.g., {9}.",3,4,False,Q2,1152,main
dice_010_replace_notitle_px384_prompt1,vlms-are-biased-notitle/dice/images/dice_010_replace_E4_notitle_px384.png,Patterned Grid,Dice Pattern,"How many circles are there in cell E4? Answer with a number in curly brackets, e.g., {9}.",3,4,False,Q1,384,main
dice_010_replace_notitle_px384_prompt2,vlms-are-biased-notitle/dice/images/dice_010_replace_E4_notitle_px384.png,Patterned Grid,Dice Pattern,"Count the circles in cell E4. Answer with a number in curly brackets, e.g., {9}.",3,4,False,Q2,384,main
dice_010_replace_notitle_px768_prompt1,vlms-are-biased-notitle/dice/images/dice_010_replace_E4_notitle_px768.png,Patterned Grid,Dice Pattern,"How many circles are there in cell E4? Answer with a number in curly brackets, e.g., {9}.",3,4,False,Q1,768,main
dice_010_replace_notitle_px768_prompt2,vlms-are-biased-notitle/dice/images/dice_010_replace_E4_notitle_px768.png,Patterned Grid,Dice Pattern,"Count the circles in cell E4. Answer with a number in curly brackets, e.g., {9}.",3,4,False,Q2,768,main
dice_010_replace_notitle_px1152_prompt1,vlms-are-biased-notitle/dice/images/dice_010_replace_E4_notitle_px1152.png,Patterned Grid,Dice Pattern,"How many circles are there in cell E4? Answer with a number in curly brackets, e.g., {9}.",3,4,False,Q1,1152,main
dice_010_replace_notitle_px1152_prompt2,vlms-are-biased-notitle/dice/images/dice_010_replace_E4_notitle_px1152.png,Patterned Grid,Dice Pattern,"Count the circles in cell E4. Answer with a number in curly brackets, e.g., {9}.",3,4,False,Q2,1152,main
dice_011_remove_notitle_px384_prompt1,vlms-are-biased-notitle/dice/images/dice_011_remove_F6_notitle_px384.png,Patterned Grid,Dice Pattern,"How many circles are there in cell F6? Answer with a number in curly brackets, e.g., {9}.",3,4,False,Q1,384,main
dice_011_remove_notitle_px384_prompt2,vlms-are-biased-notitle/dice/images/dice_011_remove_F6_notitle_px384.png,Patterned Grid,Dice Pattern,"Count the circles in cell F6. Answer with a number in curly brackets, e.g., {9}.",3,4,False,Q2,384,main
dice_011_remove_notitle_px768_prompt1,vlms-are-biased-notitle/dice/images/dice_011_remove_F6_notitle_px768.png,Patterned Grid,Dice Pattern,"How many circles are there in cell F6? Answer with a number in curly brackets, e.g., {9}.",3,4,False,Q1,768,main
dice_011_remove_notitle_px768_prompt2,vlms-are-biased-notitle/dice/images/dice_011_remove_F6_notitle_px768.png,Patterned Grid,Dice Pattern,"Count the circles in cell F6. Answer with a number in curly brackets, e.g., {9}.",3,4,False,Q2,768,main
dice_011_remove_notitle_px1152_prompt1,vlms-are-biased-notitle/dice/images/dice_011_remove_F6_notitle_px1152.png,Patterned Grid,Dice Pattern,"How many circles are there in cell F6? Answer with a number in curly brackets, e.g., {9}.",3,4,False,Q1,1152,main
dice_011_remove_notitle_px1152_prompt2,vlms-are-biased-notitle/dice/images/dice_011_remove_F6_notitle_px1152.png,Patterned Grid,Dice Pattern,"Count the circles in cell F6. Answer with a number in curly brackets, e.g., {9}.",3,4,False,Q2,1152,main
dice_011_replace_notitle_px384_prompt1,vlms-are-biased-notitle/dice/images/dice_011_replace_F6_notitle_px384.png,Patterned Grid,Dice Pattern,"How many circles are there in cell F6? Answer with a number in curly brackets, e.g., {9}.",3,4,False,Q1,384,main
dice_011_replace_notitle_px384_prompt2,vlms-are-biased-notitle/dice/images/dice_011_replace_F6_notitle_px384.png,Patterned Grid,Dice Pattern,"Count the circles in cell F6. Answer with a number in curly brackets, e.g., {9}.",3,4,False,Q2,384,main
dice_011_replace_notitle_px768_prompt1,vlms-are-biased-notitle/dice/images/dice_011_replace_F6_notitle_px768.png,Patterned Grid,Dice Pattern,"How many circles are there in cell F6? Answer with a number in curly brackets, e.g., {9}.",3,4,False,Q1,768,main
dice_011_replace_notitle_px768_prompt2,vlms-are-biased-notitle/dice/images/dice_011_replace_F6_notitle_px768.png,Patterned Grid,Dice Pattern,"Count the circles in cell F6. Answer with a number in curly brackets, e.g., {9}.",3,4,False,Q2,768,main
dice_011_replace_notitle_px1152_prompt1,vlms-are-biased-notitle/dice/images/dice_011_replace_F6_notitle_px1152.png,Patterned Grid,Dice Pattern,"How many circles are there in cell F6? Answer with a number in curly brackets, e.g., {9}.",3,4,False,Q1,1152,main
dice_011_replace_notitle_px1152_prompt2,vlms-are-biased-notitle/dice/images/dice_011_replace_F6_notitle_px1152.png,Patterned Grid,Dice Pattern,"Count the circles in cell F6. Answer with a number in curly brackets, e.g., {9}.",3,4,False,Q2,1152,main
dice_012_remove_notitle_px384_prompt1,vlms-are-biased-notitle/dice/images/dice_012_remove_D4_notitle_px384.png,Patterned Grid,Dice Pattern,"How many circles are there in cell D4? Answer with a number in curly brackets, e.g., {9}.",3,4,False,Q1,384,main
dice_012_remove_notitle_px384_prompt2,vlms-are-biased-notitle/dice/images/dice_012_remove_D4_notitle_px384.png,Patterned Grid,Dice Pattern,"Count the circles in cell D4. Answer with a number in curly brackets, e.g., {9}.",3,4,False,Q2,384,main
dice_012_remove_notitle_px768_prompt1,vlms-are-biased-notitle/dice/images/dice_012_remove_D4_notitle_px768.png,Patterned Grid,Dice Pattern,"How many circles are there in cell D4? Answer with a number in curly brackets, e.g., {9}.",3,4,False,Q1,768,main
dice_012_remove_notitle_px768_prompt2,vlms-are-biased-notitle/dice/images/dice_012_remove_D4_notitle_px768.png,Patterned Grid,Dice Pattern,"Count the circles in cell D4. Answer with a number in curly brackets, e.g., {9}.",3,4,False,Q2,768,main
dice_012_remove_notitle_px1152_prompt1,vlms-are-biased-notitle/dice/images/dice_012_remove_D4_notitle_px1152.png,Patterned Grid,Dice Pattern,"How many circles are there in cell D4? Answer with a number in curly brackets, e.g., {9}.",3,4,False,Q1,1152,main
dice_012_remove_notitle_px1152_prompt2,vlms-are-biased-notitle/dice/images/dice_012_remove_D4_notitle_px1152.png,Patterned Grid,Dice Pattern,"Count the circles in cell D4. Answer with a number in curly brackets, e.g., {9}.",3,4,False,Q2,1152,main
dice_012_replace_notitle_px384_prompt1,vlms-are-biased-notitle/dice/images/dice_012_replace_D4_notitle_px384.png,Patterned Grid,Dice Pattern,"How many circles are there in cell D4? Answer with a number in curly brackets, e.g., {9}.",3,4,False,Q1,384,main
dice_012_replace_notitle_px384_prompt2,vlms-are-biased-notitle/dice/images/dice_012_replace_D4_notitle_px384.png,Patterned Grid,Dice Pattern,"Count the circles in cell D4. Answer with a number in curly brackets, e.g., {9}.",3,4,False,Q2,384,main
dice_012_replace_notitle_px768_prompt1,vlms-are-biased-notitle/dice/images/dice_012_replace_D4_notitle_px768.png,Patterned Grid,Dice Pattern,"How many circles are there in cell D4? Answer with a number in curly brackets, e.g., {9}.",3,4,False,Q1,768,main
dice_012_replace_notitle_px768_prompt2,vlms-are-biased-notitle/dice/images/dice_012_replace_D4_notitle_px768.png,Patterned Grid,Dice Pattern,"Count the circles in cell D4. Answer with a number in curly brackets, e.g., {9}.",3,4,False,Q2,768,main
dice_012_replace_notitle_px1152_prompt1,vlms-are-biased-notitle/dice/images/dice_012_replace_D4_notitle_px1152.png,Patterned Grid,Dice Pattern,"How many circles are there in cell D4? Answer with a number in curly brackets, e.g., {9}.",3,4,False,Q1,1152,main
dice_012_replace_notitle_px1152_prompt2,vlms-are-biased-notitle/dice/images/dice_012_replace_D4_notitle_px1152.png,Patterned Grid,Dice Pattern,"Count the circles in cell D4. Answer with a number in curly brackets, e.g., {9}.",3,4,False,Q2,1152,main
dice_013_remove_notitle_px384_prompt1,vlms-are-biased-notitle/dice/images/dice_013_remove_H6_notitle_px384.png,Patterned Grid,Dice Pattern,"How many circles are there in cell H6? Answer with a number in curly brackets, e.g., {9}.",3,4,False,Q1,384,main
dice_013_remove_notitle_px384_prompt2,vlms-are-biased-notitle/dice/images/dice_013_remove_H6_notitle_px384.png,Patterned Grid,Dice Pattern,"Count the circles in cell H6. Answer with a number in curly brackets, e.g., {9}.",3,4,False,Q2,384,main
dice_013_remove_notitle_px768_prompt1,vlms-are-biased-notitle/dice/images/dice_013_remove_H6_notitle_px768.png,Patterned Grid,Dice Pattern,"How many circles are there in cell H6? Answer with a number in curly brackets, e.g., {9}.",3,4,False,Q1,768,main
dice_013_remove_notitle_px768_prompt2,vlms-are-biased-notitle/dice/images/dice_013_remove_H6_notitle_px768.png,Patterned Grid,Dice Pattern,"Count the circles in cell H6. Answer with a number in curly brackets, e.g., {9}.",3,4,False,Q2,768,main
dice_013_remove_notitle_px1152_prompt1,vlms-are-biased-notitle/dice/images/dice_013_remove_H6_notitle_px1152.png,Patterned Grid,Dice Pattern,"How many circles are there in cell H6? Answer with a number in curly brackets, e.g., {9}.",3,4,False,Q1,1152,main
dice_013_remove_notitle_px1152_prompt2,vlms-are-biased-notitle/dice/images/dice_013_remove_H6_notitle_px1152.png,Patterned Grid,Dice Pattern,"Count the circles in cell H6. Answer with a number in curly brackets, e.g., {9}.",3,4,False,Q2,1152,main
dice_013_replace_notitle_px384_prompt1,vlms-are-biased-notitle/dice/images/dice_013_replace_H6_notitle_px384.png,Patterned Grid,Dice Pattern,"How many circles are there in cell H6? Answer with a number in curly brackets, e.g., {9}.",3,4,False,Q1,384,main
dice_013_replace_notitle_px384_prompt2,vlms-are-biased-notitle/dice/images/dice_013_replace_H6_notitle_px384.png,Patterned Grid,Dice Pattern,"Count the circles in cell H6. Answer with a number in curly brackets, e.g., {9}.",3,4,False,Q2,384,main
dice_013_replace_notitle_px768_prompt1,vlms-are-biased-notitle/dice/images/dice_013_replace_H6_notitle_px768.png,Patterned Grid,Dice Pattern,"How many circles are there in cell H6? Answer with a number in curly brackets, e.g., {9}.",3,4,False,Q1,768,main
dice_013_replace_notitle_px768_prompt2,vlms-are-biased-notitle/dice/images/dice_013_replace_H6_notitle_px768.png,Patterned Grid,Dice Pattern,"Count the circles in cell H6. Answer with a number in curly brackets, e.g., {9}.",3,4,False,Q2,768,main
dice_013_replace_notitle_px1152_prompt1,vlms-are-biased-notitle/dice/images/dice_013_replace_H6_notitle_px1152.png,Patterned Grid,Dice Pattern,"How many circles are there in cell H6? Answer with a number in curly brackets, e.g., {9}.",3,4,False,Q1,1152,main
dice_013_replace_notitle_px1152_prompt2,vlms-are-biased-notitle/dice/images/dice_013_replace_H6_notitle_px1152.png,Patterned Grid,Dice Pattern,"Count the circles in cell H6. Answer with a number in curly brackets, e.g., {9}.",3,4,False,Q2,1152,main
dice_014_remove_notitle_px384_prompt1,vlms-are-biased-notitle/dice/images/dice_014_remove_D8_notitle_px384.png,Patterned Grid,Dice Pattern,"How many circles are there in cell D8? Answer with a number in curly brackets, e.g., {9}.",3,4,False,Q1,384,main
dice_014_remove_notitle_px384_prompt2,vlms-are-biased-notitle/dice/images/dice_014_remove_D8_notitle_px384.png,Patterned Grid,Dice Pattern,"Count the circles in cell D8. Answer with a number in curly brackets, e.g., {9}.",3,4,False,Q2,384,main
dice_014_remove_notitle_px768_prompt1,vlms-are-biased-notitle/dice/images/dice_014_remove_D8_notitle_px768.png,Patterned Grid,Dice Pattern,"How many circles are there in cell D8? Answer with a number in curly brackets, e.g., {9}.",3,4,False,Q1,768,main
dice_014_remove_notitle_px768_prompt2,vlms-are-biased-notitle/dice/images/dice_014_remove_D8_notitle_px768.png,Patterned Grid,Dice Pattern,"Count the circles in cell D8. Answer with a number in curly brackets, e.g., {9}.",3,4,False,Q2,768,main
dice_014_remove_notitle_px1152_prompt1,vlms-are-biased-notitle/dice/images/dice_014_remove_D8_notitle_px1152.png,Patterned Grid,Dice Pattern,"How many circles are there in cell D8? Answer with a number in curly brackets, e.g., {9}.",3,4,False,Q1,1152,main
dice_014_remove_notitle_px1152_prompt2,vlms-are-biased-notitle/dice/images/dice_014_remove_D8_notitle_px1152.png,Patterned Grid,Dice Pattern,"Count the circles in cell D8. Answer with a number in curly brackets, e.g., {9}.",3,4,False,Q2,1152,main
dice_014_replace_notitle_px384_prompt1,vlms-are-biased-notitle/dice/images/dice_014_replace_D8_notitle_px384.png,Patterned Grid,Dice Pattern,"How many circles are there in cell D8? Answer with a number in curly brackets, e.g., {9}.",3,4,False,Q1,384,main
dice_014_replace_notitle_px384_prompt2,vlms-are-biased-notitle/dice/images/dice_014_replace_D8_notitle_px384.png,Patterned Grid,Dice Pattern,"Count the circles in cell D8. Answer with a number in curly brackets, e.g., {9}.",3,4,False,Q2,384,main
dice_014_replace_notitle_px768_prompt1,vlms-are-biased-notitle/dice/images/dice_014_replace_D8_notitle_px768.png,Patterned Grid,Dice Pattern,"How many circles are there in cell D8? Answer with a number in curly brackets, e.g., {9}.",3,4,False,Q1,768,main
dice_014_replace_notitle_px768_prompt2,vlms-are-biased-notitle/dice/images/dice_014_replace_D8_notitle_px768.png,Patterned Grid,Dice Pattern,"Count the circles in cell D8. Answer with a number in curly brackets, e.g., {9}.",3,4,False,Q2,768,main
dice_014_replace_notitle_px1152_prompt1,vlms-are-biased-notitle/dice/images/dice_014_replace_D8_notitle_px1152.png,Patterned Grid,Dice Pattern,"How many circles are there in cell D8? Answer with a number in curly brackets, e.g., {9}.",3,4,False,Q1,1152,main
dice_014_replace_notitle_px1152_prompt2,vlms-are-biased-notitle/dice/images/dice_014_replace_D8_notitle_px1152.png,Patterned Grid,Dice Pattern,"Count the circles in cell D8. Answer with a number in curly brackets, e.g., {9}.",3,4,False,Q2,1152,main
MullerLyer_001_Q1_notitle_px384,vlms-are-biased-notitle/mullerlyer/images/MullerLyer_001_str30_diff0_notitle_px384.png,Optical Illusion,Müller-Lyer illusion,"Are the two horizontal lines equal in length? Answer in curly brackets, e.g., {Yes} or {No}.",Yes,No,False,Q1,384,main
MullerLyer_001_Q2_notitle_px384,vlms-are-biased-notitle/mullerlyer/images/MullerLyer_001_str30_diff0_notitle_px384.png,Optical Illusion,Müller-Lyer illusion,"Do the two horizontal lines have the same length? Answer in curly brackets, e.g., {Yes} or {No}.",Yes,No,False,Q2,384,main
MullerLyer_001_Q1_notitle_px768,vlms-are-biased-notitle/mullerlyer/images/MullerLyer_001_str30_diff0_notitle_px768.png,Optical Illusion,Müller-Lyer illusion,"Are the two horizontal lines equal in length? Answer in curly brackets, e.g., {Yes} or {No}.",Yes,No,False,Q1,768,main
MullerLyer_001_Q2_notitle_px768,vlms-are-biased-notitle/mullerlyer/images/MullerLyer_001_str30_diff0_notitle_px768.png,Optical Illusion,Müller-Lyer illusion,"Do the two horizontal lines have the same length? Answer in curly brackets, e.g., {Yes} or {No}.",Yes,No,False,Q2,768,main
MullerLyer_001_Q1_notitle_px1152,vlms-are-biased-notitle/mullerlyer/images/MullerLyer_001_str30_diff0_notitle_px1152.png,Optical Illusion,Müller-Lyer illusion,"Are the two horizontal lines equal in length? Answer in curly brackets, e.g., {Yes} or {No}.",Yes,No,False,Q1,1152,main
MullerLyer_001_Q2_notitle_px1152,vlms-are-biased-notitle/mullerlyer/images/MullerLyer_001_str30_diff0_notitle_px1152.png,Optical Illusion,Müller-Lyer illusion,"Do the two horizontal lines have the same length? Answer in curly brackets, e.g., {Yes} or {No}.",Yes,No,False,Q2,1152,main
MullerLyer_002_Q1_notitle_px384,vlms-are-biased-notitle/mullerlyer/images/MullerLyer_002_strneg30_diff0_notitle_px384.png,Optical Illusion,Müller-Lyer illusion,"Are the two horizontal lines equal in length? Answer in curly brackets, e.g., {Yes} or {No}.",Yes,No,False,Q1,384,main
MullerLyer_002_Q2_notitle_px384,vlms-are-biased-notitle/mullerlyer/images/MullerLyer_002_strneg30_diff0_notitle_px384.png,Optical Illusion,Müller-Lyer illusion,"Do the two horizontal lines have the same length? Answer in curly brackets, e.g., {Yes} or {No}.",Yes,No,False,Q2,384,main
MullerLyer_002_Q1_notitle_px768,vlms-are-biased-notitle/mullerlyer/images/MullerLyer_002_strneg30_diff0_notitle_px768.png,Optical Illusion,Müller-Lyer illusion,"Are the two horizontal lines equal in length? Answer in curly brackets, e.g., {Yes} or {No}.",Yes,No,False,Q1,768,main
MullerLyer_002_Q2_notitle_px768,vlms-are-biased-notitle/mullerlyer/images/MullerLyer_002_strneg30_diff0_notitle_px768.png,Optical Illusion,Müller-Lyer illusion,"Do the two horizontal lines have the same length? Answer in curly brackets, e.g., {Yes} or {No}.",Yes,No,False,Q2,768,main
MullerLyer_002_Q1_notitle_px1152,vlms-are-biased-notitle/mullerlyer/images/MullerLyer_002_strneg30_diff0_notitle_px1152.png,Optical Illusion,Müller-Lyer illusion,"Are the two horizontal lines equal in length? Answer in curly brackets, e.g., {Yes} or {No}.",Yes,No,False,Q1,1152,main
MullerLyer_002_Q2_notitle_px1152,vlms-are-biased-notitle/mullerlyer/images/MullerLyer_002_strneg30_diff0_notitle_px1152.png,Optical Illusion,Müller-Lyer illusion,"Do the two horizontal lines have the same length? Answer in curly brackets, e.g., {Yes} or {No}.",Yes,No,False,Q2,1152,main
MullerLyer_003_Q1_notitle_px384,vlms-are-biased-notitle/mullerlyer/images/MullerLyer_003_str35_diff0_notitle_px384.png,Optical Illusion,Müller-Lyer illusion,"Are the two horizontal lines equal in length? Answer in curly brackets, e.g., {Yes} or {No}.",Yes,No,False,Q1,384,main
MullerLyer_003_Q2_notitle_px384,vlms-are-biased-notitle/mullerlyer/images/MullerLyer_003_str35_diff0_notitle_px384.png,Optical Illusion,Müller-Lyer illusion,"Do the two horizontal lines have the same length? Answer in curly brackets, e.g., {Yes} or {No}.",Yes,No,False,Q2,384,main
MullerLyer_003_Q1_notitle_px768,vlms-are-biased-notitle/mullerlyer/images/MullerLyer_003_str35_diff0_notitle_px768.png,Optical Illusion,Müller-Lyer illusion,"Are the two horizontal lines equal in length? Answer in curly brackets, e.g., {Yes} or {No}.",Yes,No,False,Q1,768,main
MullerLyer_003_Q2_notitle_px768,vlms-are-biased-notitle/mullerlyer/images/MullerLyer_003_str35_diff0_notitle_px768.png,Optical Illusion,Müller-Lyer illusion,"Do the two horizontal lines have the same length? Answer in curly brackets, e.g., {Yes} or {No}.",Yes,No,False,Q2,768,main
MullerLyer_003_Q1_notitle_px1152,vlms-are-biased-notitle/mullerlyer/images/MullerLyer_003_str35_diff0_notitle_px1152.png,Optical Illusion,Müller-Lyer illusion,"Are the two horizontal lines equal in length? Answer in curly brackets, e.g., {Yes} or {No}.",Yes,No,False,Q1,1152,main
MullerLyer_003_Q2_notitle_px1152,vlms-are-biased-notitle/mullerlyer/images/MullerLyer_003_str35_diff0_notitle_px1152.png,Optical Illusion,Müller-Lyer illusion,"Do the two horizontal lines have the same length? Answer in curly brackets, e.g., {Yes} or {No}.",Yes,No,False,Q2,1152,main
MullerLyer_004_Q1_notitle_px384,vlms-are-biased-notitle/mullerlyer/images/MullerLyer_004_strneg35_diff0_notitle_px384.png,Optical Illusion,Müller-Lyer illusion,"Are the two horizontal lines equal in length? Answer in curly brackets, e.g., {Yes} or {No}.",Yes,No,False,Q1,384,main
MullerLyer_004_Q2_notitle_px384,vlms-are-biased-notitle/mullerlyer/images/MullerLyer_004_strneg35_diff0_notitle_px384.png,Optical Illusion,Müller-Lyer illusion,"Do the two horizontal lines have the same length? Answer in curly brackets, e.g., {Yes} or {No}.",Yes,No,False,Q2,384,main
MullerLyer_004_Q1_notitle_px768,vlms-are-biased-notitle/mullerlyer/images/MullerLyer_004_strneg35_diff0_notitle_px768.png,Optical Illusion,Müller-Lyer illusion,"Are the two horizontal lines equal in length? Answer in curly brackets, e.g., {Yes} or {No}.",Yes,No,False,Q1,768,main
MullerLyer_004_Q2_notitle_px768,vlms-are-biased-notitle/mullerlyer/images/MullerLyer_004_strneg35_diff0_notitle_px768.png,Optical Illusion,Müller-Lyer illusion,"Do the two horizontal lines have the same length? Answer in curly brackets, e.g., {Yes} or {No}.",Yes,No,False,Q2,768,main
MullerLyer_004_Q1_notitle_px1152,vlms-are-biased-notitle/mullerlyer/images/MullerLyer_004_strneg35_diff0_notitle_px1152.png,Optical Illusion,Müller-Lyer illusion,"Are the two horizontal lines equal in length? Answer in curly brackets, e.g., {Yes} or {No}.",Yes,No,False,Q1,1152,main
MullerLyer_004_Q2_notitle_px1152,vlms-are-biased-notitle/mullerlyer/images/MullerLyer_004_strneg35_diff0_notitle_px1152.png,Optical Illusion,Müller-Lyer illusion,"Do the two horizontal lines have the same length? Answer in curly brackets, e.g., {Yes} or {No}.",Yes,No,False,Q2,1152,main
MullerLyer_005_Q1_notitle_px384,vlms-are-biased-notitle/mullerlyer/images/MullerLyer_005_str40_diff0_notitle_px384.png,Optical Illusion,Müller-Lyer illusion,"Are the two horizontal lines equal in length? Answer in curly brackets, e.g., {Yes} or {No}.",Yes,No,False,Q1,384,main
MullerLyer_005_Q2_notitle_px384,vlms-are-biased-notitle/mullerlyer/images/MullerLyer_005_str40_diff0_notitle_px384.png,Optical Illusion,Müller-Lyer illusion,"Do the two horizontal lines have the same length? Answer in curly brackets, e.g., {Yes} or {No}.",Yes,No,False,Q2,384,main
MullerLyer_005_Q1_notitle_px768,vlms-are-biased-notitle/mullerlyer/images/MullerLyer_005_str40_diff0_notitle_px768.png,Optical Illusion,Müller-Lyer illusion,"Are the two horizontal lines equal in length? Answer in curly brackets, e.g., {Yes} or {No}.",Yes,No,False,Q1,768,main
MullerLyer_005_Q2_notitle_px768,vlms-are-biased-notitle/mullerlyer/images/MullerLyer_005_str40_diff0_notitle_px768.png,Optical Illusion,Müller-Lyer illusion,"Do the two horizontal lines have the same length? Answer in curly brackets, e.g., {Yes} or {No}.",Yes,No,False,Q2,768,main
MullerLyer_005_Q1_notitle_px1152,vlms-are-biased-notitle/mullerlyer/images/MullerLyer_005_str40_diff0_notitle_px1152.png,Optical Illusion,Müller-Lyer illusion,"Are the two horizontal lines equal in length? Answer in curly brackets, e.g., {Yes} or {No}.",Yes,No,False,Q1,1152,main
MullerLyer_005_Q2_notitle_px1152,vlms-are-biased-notitle/mullerlyer/images/MullerLyer_005_str40_diff0_notitle_px1152.png,Optical Illusion,Müller-Lyer illusion,"Do the two horizontal lines have the same length? Answer in curly brackets, e.g., {Yes} or {No}.",Yes,No,False,Q2,1152,main
MullerLyer_006_Q1_notitle_px384,vlms-are-biased-notitle/mullerlyer/images/MullerLyer_006_strneg40_diff0_notitle_px384.png,Optical Illusion,Müller-Lyer illusion,"Are the two horizontal lines equal in length? Answer in curly brackets, e.g., {Yes} or {No}.",Yes,No,False,Q1,384,main
MullerLyer_006_Q2_notitle_px384,vlms-are-biased-notitle/mullerlyer/images/MullerLyer_006_strneg40_diff0_notitle_px384.png,Optical Illusion,Müller-Lyer illusion,"Do the two horizontal lines have the same length? Answer in curly brackets, e.g., {Yes} or {No}.",Yes,No,False,Q2,384,main
MullerLyer_006_Q1_notitle_px768,vlms-are-biased-notitle/mullerlyer/images/MullerLyer_006_strneg40_diff0_notitle_px768.png,Optical Illusion,Müller-Lyer illusion,"Are the two horizontal lines equal in length? Answer in curly brackets, e.g., {Yes} or {No}.",Yes,No,False,Q1,768,main
MullerLyer_006_Q2_notitle_px768,vlms-are-biased-notitle/mullerlyer/images/MullerLyer_006_strneg40_diff0_notitle_px768.png,Optical Illusion,Müller-Lyer illusion,"Do the two horizontal lines have the same length? Answer in curly brackets, e.g., {Yes} or {No}.",Yes,No,False,Q2,768,main
MullerLyer_006_Q1_notitle_px1152,vlms-are-biased-notitle/mullerlyer/images/MullerLyer_006_strneg40_diff0_notitle_px1152.png,Optical Illusion,Müller-Lyer illusion,"Are the two horizontal lines equal in length? Answer in curly brackets, e.g., {Yes} or {No}.",Yes,No,False,Q1,1152,main
MullerLyer_006_Q2_notitle_px1152,vlms-are-biased-notitle/mullerlyer/images/MullerLyer_006_strneg40_diff0_notitle_px1152.png,Optical Illusion,Müller-Lyer illusion,"Do the two horizontal lines have the same length? Answer in curly brackets, e.g., {Yes} or {No}.",Yes,No,False,Q2,1152,main
MullerLyer_007_Q1_notitle_px384,vlms-are-biased-notitle/mullerlyer/images/MullerLyer_007_str45_diff0_notitle_px384.png,Optical Illusion,Müller-Lyer illusion,"Are the two horizontal lines equal in length? Answer in curly brackets, e.g., {Yes} or {No}.",Yes,No,False,Q1,384,main
MullerLyer_007_Q2_notitle_px384,vlms-are-biased-notitle/mullerlyer/images/MullerLyer_007_str45_diff0_notitle_px384.png,Optical Illusion,Müller-Lyer illusion,"Do the two horizontal lines have the same length? Answer in curly brackets, e.g., {Yes} or {No}.",Yes,No,False,Q2,384,main
MullerLyer_007_Q1_notitle_px768,vlms-are-biased-notitle/mullerlyer/images/MullerLyer_007_str45_diff0_notitle_px768.png,Optical Illusion,Müller-Lyer illusion,"Are the two horizontal lines equal in length? Answer in curly brackets, e.g., {Yes} or {No}.",Yes,No,False,Q1,768,main
MullerLyer_007_Q2_notitle_px768,vlms-are-biased-notitle/mullerlyer/images/MullerLyer_007_str45_diff0_notitle_px768.png,Optical Illusion,Müller-Lyer illusion,"Do the two horizontal lines have the same length? Answer in curly brackets, e.g., {Yes} or {No}.",Yes,No,False,Q2,768,main
MullerLyer_007_Q1_notitle_px1152,vlms-are-biased-notitle/mullerlyer/images/MullerLyer_007_str45_diff0_notitle_px1152.png,Optical Illusion,Müller-Lyer illusion,"Are the two horizontal lines equal in length? Answer in curly brackets, e.g., {Yes} or {No}.",Yes,No,False,Q1,1152,main
MullerLyer_007_Q2_notitle_px1152,vlms-are-biased-notitle/mullerlyer/images/MullerLyer_007_str45_diff0_notitle_px1152.png,Optical Illusion,Müller-Lyer illusion,"Do the two horizontal lines have the same length? Answer in curly brackets, e.g., {Yes} or {No}.",Yes,No,False,Q2,1152,main
MullerLyer_008_Q1_notitle_px384,vlms-are-biased-notitle/mullerlyer/images/MullerLyer_008_strneg45_diff0_notitle_px384.png,Optical Illusion,Müller-Lyer illusion,"Are the two horizontal lines equal in length? Answer in curly brackets, e.g., {Yes} or {No}.",Yes,No,False,Q1,384,main
MullerLyer_008_Q2_notitle_px384,vlms-are-biased-notitle/mullerlyer/images/MullerLyer_008_strneg45_diff0_notitle_px384.png,Optical Illusion,Müller-Lyer illusion,"Do the two horizontal lines have the same length? Answer in curly brackets, e.g., {Yes} or {No}.",Yes,No,False,Q2,384,main
MullerLyer_008_Q1_notitle_px768,vlms-are-biased-notitle/mullerlyer/images/MullerLyer_008_strneg45_diff0_notitle_px768.png,Optical Illusion,Müller-Lyer illusion,"Are the two horizontal lines equal in length? Answer in curly brackets, e.g., {Yes} or {No}.",Yes,No,False,Q1,768,main
MullerLyer_008_Q2_notitle_px768,vlms-are-biased-notitle/mullerlyer/images/MullerLyer_008_strneg45_diff0_notitle_px768.png,Optical Illusion,Müller-Lyer illusion,"Do the two horizontal lines have the same length? Answer in curly brackets, e.g., {Yes} or {No}.",Yes,No,False,Q2,768,main
MullerLyer_008_Q1_notitle_px1152,vlms-are-biased-notitle/mullerlyer/images/MullerLyer_008_strneg45_diff0_notitle_px1152.png,Optical Illusion,Müller-Lyer illusion,"Are the two horizontal lines equal in length? Answer in curly brackets, e.g., {Yes} or {No}.",Yes,No,False,Q1,1152,main
MullerLyer_008_Q2_notitle_px1152,vlms-are-biased-notitle/mullerlyer/images/MullerLyer_008_strneg45_diff0_notitle_px1152.png,Optical Illusion,Müller-Lyer illusion,"Do the two horizontal lines have the same length? Answer in curly brackets, e.g., {Yes} or {No}.",Yes,No,False,Q2,1152,main
MullerLyer_009_Q1_notitle_px384,vlms-are-biased-notitle/mullerlyer/images/MullerLyer_009_str50_diff0_notitle_px384.png,Optical Illusion,Müller-Lyer illusion,"Are the two horizontal lines equal in length? Answer in curly brackets, e.g., {Yes} or {No}.",Yes,No,False,Q1,384,main
MullerLyer_009_Q2_notitle_px384,vlms-are-biased-notitle/mullerlyer/images/MullerLyer_009_str50_diff0_notitle_px384.png,Optical Illusion,Müller-Lyer illusion,"Do the two horizontal lines have the same length? Answer in curly brackets, e.g., {Yes} or {No}.",Yes,No,False,Q2,384,main
MullerLyer_009_Q1_notitle_px768,vlms-are-biased-notitle/mullerlyer/images/MullerLyer_009_str50_diff0_notitle_px768.png,Optical Illusion,Müller-Lyer illusion,"Are the two horizontal lines equal in length? Answer in curly brackets, e.g., {Yes} or {No}.",Yes,No,False,Q1,768,main
MullerLyer_009_Q2_notitle_px768,vlms-are-biased-notitle/mullerlyer/images/MullerLyer_009_str50_diff0_notitle_px768.png,Optical Illusion,Müller-Lyer illusion,"Do the two horizontal lines have the same length? Answer in curly brackets, e.g., {Yes} or {No}.",Yes,No,False,Q2,768,main
MullerLyer_009_Q1_notitle_px1152,vlms-are-biased-notitle/mullerlyer/images/MullerLyer_009_str50_diff0_notitle_px1152.png,Optical Illusion,Müller-Lyer illusion,"Are the two horizontal lines equal in length? Answer in curly brackets, e.g., {Yes} or {No}.",Yes,No,False,Q1,1152,main
MullerLyer_009_Q2_notitle_px1152,vlms-are-biased-notitle/mullerlyer/images/MullerLyer_009_str50_diff0_notitle_px1152.png,Optical Illusion,Müller-Lyer illusion,"Do the two horizontal lines have the same length? Answer in curly brackets, e.g., {Yes} or {No}.",Yes,No,False,Q2,1152,main
MullerLyer_010_Q1_notitle_px384,vlms-are-biased-notitle/mullerlyer/images/MullerLyer_010_strneg50_diff0_notitle_px384.png,Optical Illusion,Müller-Lyer illusion,"Are the two horizontal lines equal in length? Answer in curly brackets, e.g., {Yes} or {No}.",Yes,No,False,Q1,384,main
MullerLyer_010_Q2_notitle_px384,vlms-are-biased-notitle/mullerlyer/images/MullerLyer_010_strneg50_diff0_notitle_px384.png,Optical Illusion,Müller-Lyer illusion,"Do the two horizontal lines have the same length? Answer in curly brackets, e.g., {Yes} or {No}.",Yes,No,False,Q2,384,main
MullerLyer_010_Q1_notitle_px768,vlms-are-biased-notitle/mullerlyer/images/MullerLyer_010_strneg50_diff0_notitle_px768.png,Optical Illusion,Müller-Lyer illusion,"Are the two horizontal lines equal in length? Answer in curly brackets, e.g., {Yes} or {No}.",Yes,No,False,Q1,768,main
MullerLyer_010_Q2_notitle_px768,vlms-are-biased-notitle/mullerlyer/images/MullerLyer_010_strneg50_diff0_notitle_px768.png,Optical Illusion,Müller-Lyer illusion,"Do the two horizontal lines have the same length? Answer in curly brackets, e.g., {Yes} or {No}.",Yes,No,False,Q2,768,main
MullerLyer_010_Q1_notitle_px1152,vlms-are-biased-notitle/mullerlyer/images/MullerLyer_010_strneg50_diff0_notitle_px1152.png,Optical Illusion,Müller-Lyer illusion,"Are the two horizontal lines equal in length? Answer in curly brackets, e.g., {Yes} or {No}.",Yes,No,False,Q1,1152,main
MullerLyer_010_Q2_notitle_px1152,vlms-are-biased-notitle/mullerlyer/images/MullerLyer_010_strneg50_diff0_notitle_px1152.png,Optical Illusion,Müller-Lyer illusion,"Do the two horizontal lines have the same length? Answer in curly brackets, e.g., {Yes} or {No}.",Yes,No,False,Q2,1152,main
MullerLyer_011_Q1_notitle_px384,vlms-are-biased-notitle/mullerlyer/images/MullerLyer_011_str55_diff0_notitle_px384.png,Optical Illusion,Müller-Lyer illusion,"Are the two horizontal lines equal in length? Answer in curly brackets, e.g., {Yes} or {No}.",Yes,No,False,Q1,384,main
MullerLyer_011_Q2_notitle_px384,vlms-are-biased-notitle/mullerlyer/images/MullerLyer_011_str55_diff0_notitle_px384.png,Optical Illusion,Müller-Lyer illusion,"Do the two horizontal lines have the same length? Answer in curly brackets, e.g., {Yes} or {No}.",Yes,No,False,Q2,384,main
MullerLyer_011_Q1_notitle_px768,vlms-are-biased-notitle/mullerlyer/images/MullerLyer_011_str55_diff0_notitle_px768.png,Optical Illusion,Müller-Lyer illusion,"Are the two horizontal lines equal in length? Answer in curly brackets, e.g., {Yes} or {No}.",Yes,No,False,Q1,768,main
MullerLyer_011_Q2_notitle_px768,vlms-are-biased-notitle/mullerlyer/images/MullerLyer_011_str55_diff0_notitle_px768.png,Optical Illusion,Müller-Lyer illusion,"Do the two horizontal lines have the same length? Answer in curly brackets, e.g., {Yes} or {No}.",Yes,No,False,Q2,768,main
MullerLyer_011_Q1_notitle_px1152,vlms-are-biased-notitle/mullerlyer/images/MullerLyer_011_str55_diff0_notitle_px1152.png,Optical Illusion,Müller-Lyer illusion,"Are the two horizontal lines equal in length? Answer in curly brackets, e.g., {Yes} or {No}.",Yes,No,False,Q1,1152,main
MullerLyer_011_Q2_notitle_px1152,vlms-are-biased-notitle/mullerlyer/images/MullerLyer_011_str55_diff0_notitle_px1152.png,Optical Illusion,Müller-Lyer illusion,"Do the two horizontal lines have the same length? Answer in curly brackets, e.g., {Yes} or {No}.",Yes,No,False,Q2,1152,main
MullerLyer_012_Q1_notitle_px384,vlms-are-biased-notitle/mullerlyer/images/MullerLyer_012_strneg55_diff0_notitle_px384.png,Optical Illusion,Müller-Lyer illusion,"Are the two horizontal lines equal in length? Answer in curly brackets, e.g., {Yes} or {No}.",Yes,No,False,Q1,384,main
MullerLyer_012_Q2_notitle_px384,vlms-are-biased-notitle/mullerlyer/images/MullerLyer_012_strneg55_diff0_notitle_px384.png,Optical Illusion,Müller-Lyer illusion,"Do the two horizontal lines have the same length? Answer in curly brackets, e.g., {Yes} or {No}.",Yes,No,False,Q2,384,main
MullerLyer_012_Q1_notitle_px768,vlms-are-biased-notitle/mullerlyer/images/MullerLyer_012_strneg55_diff0_notitle_px768.png,Optical Illusion,Müller-Lyer illusion,"Are the two horizontal lines equal in length? Answer in curly brackets, e.g., {Yes} or {No}.",Yes,No,False,Q1,768,main
MullerLyer_012_Q2_notitle_px768,vlms-are-biased-notitle/mullerlyer/images/MullerLyer_012_strneg55_diff0_notitle_px768.png,Optical Illusion,Müller-Lyer illusion,"Do the two horizontal lines have the same length? Answer in curly brackets, e.g., {Yes} or {No}.",Yes,No,False,Q2,768,main
MullerLyer_012_Q1_notitle_px1152,vlms-are-biased-notitle/mullerlyer/images/MullerLyer_012_strneg55_diff0_notitle_px1152.png,Optical Illusion,Müller-Lyer illusion,"Are the two horizontal lines equal in length? Answer in curly brackets, e.g., {Yes} or {No}.",Yes,No,False,Q1,1152,main
MullerLyer_012_Q2_notitle_px1152,vlms-are-biased-notitle/mullerlyer/images/MullerLyer_012_strneg55_diff0_notitle_px1152.png,Optical Illusion,Müller-Lyer illusion,"Do the two horizontal lines have the same length? Answer in curly brackets, e.g., {Yes} or {No}.",Yes,No,False,Q2,1152,main
MullerLyer_013_Q1_notitle_px384,vlms-are-biased-notitle/mullerlyer/images/MullerLyer_013_str30_diff0p3_notitle_px384.png,Optical Illusion,Müller-Lyer illusion,"Are the two horizontal lines equal in length? Answer in curly brackets, e.g., {Yes} or {No}.",No,Yes,False,Q1,384,main
MullerLyer_013_Q2_notitle_px384,vlms-are-biased-notitle/mullerlyer/images/MullerLyer_013_str30_diff0p3_notitle_px384.png,Optical Illusion,Müller-Lyer illusion,"Do the two horizontal lines have the same length? Answer in curly brackets, e.g., {Yes} or {No}.",No,Yes,False,Q2,384,main
MullerLyer_013_Q1_notitle_px768,vlms-are-biased-notitle/mullerlyer/images/MullerLyer_013_str30_diff0p3_notitle_px768.png,Optical Illusion,Müller-Lyer illusion,"Are the two horizontal lines equal in length? Answer in curly brackets, e.g., {Yes} or {No}.",No,Yes,False,Q1,768,main
MullerLyer_013_Q2_notitle_px768,vlms-are-biased-notitle/mullerlyer/images/MullerLyer_013_str30_diff0p3_notitle_px768.png,Optical Illusion,Müller-Lyer illusion,"Do the two horizontal lines have the same length? Answer in curly brackets, e.g., {Yes} or {No}.",No,Yes,False,Q2,768,main
MullerLyer_013_Q1_notitle_px1152,vlms-are-biased-notitle/mullerlyer/images/MullerLyer_013_str30_diff0p3_notitle_px1152.png,Optical Illusion,Müller-Lyer illusion,"Are the two horizontal lines equal in length? Answer in curly brackets, e.g., {Yes} or {No}.",No,Yes,False,Q1,1152,main
MullerLyer_013_Q2_notitle_px1152,vlms-are-biased-notitle/mullerlyer/images/MullerLyer_013_str30_diff0p3_notitle_px1152.png,Optical Illusion,Müller-Lyer illusion,"Do the two horizontal lines have the same length? Answer in curly brackets, e.g., {Yes} or {No}.",No,Yes,False,Q2,1152,main
MullerLyer_014_Q1_notitle_px384,vlms-are-biased-notitle/mullerlyer/images/MullerLyer_014_strneg30_diffneg0p3_notitle_px384.png,Optical Illusion,Müller-Lyer illusion,"Are the two horizontal lines equal in length? Answer in curly brackets, e.g., {Yes} or {No}.",No,Yes,False,Q1,384,main
MullerLyer_014_Q2_notitle_px384,vlms-are-biased-notitle/mullerlyer/images/MullerLyer_014_strneg30_diffneg0p3_notitle_px384.png,Optical Illusion,Müller-Lyer illusion,"Do the two horizontal lines have the same length? Answer in curly brackets, e.g., {Yes} or {No}.",No,Yes,False,Q2,384,main
MullerLyer_014_Q1_notitle_px768,vlms-are-biased-notitle/mullerlyer/images/MullerLyer_014_strneg30_diffneg0p3_notitle_px768.png,Optical Illusion,Müller-Lyer illusion,"Are the two horizontal lines equal in length? Answer in curly brackets, e.g., {Yes} or {No}.",No,Yes,False,Q1,768,main
MullerLyer_014_Q2_notitle_px768,vlms-are-biased-notitle/mullerlyer/images/MullerLyer_014_strneg30_diffneg0p3_notitle_px768.png,Optical Illusion,Müller-Lyer illusion,"Do the two horizontal lines have the same length? Answer in curly brackets, e.g., {Yes} or {No}.",No,Yes,False,Q2,768,main
MullerLyer_014_Q1_notitle_px1152,vlms-are-biased-notitle/mullerlyer/images/MullerLyer_014_strneg30_diffneg0p3_notitle_px1152.png,Optical Illusion,Müller-Lyer illusion,"Are the two horizontal lines equal in length? Answer in curly brackets, e.g., {Yes} or {No}.",No,Yes,False,Q1,1152,main
MullerLyer_014_Q2_notitle_px1152,vlms-are-biased-notitle/mullerlyer/images/MullerLyer_014_strneg30_diffneg0p3_notitle_px1152.png,Optical Illusion,Müller-Lyer illusion,"Do the two horizontal lines have the same length? Answer in curly brackets, e.g., {Yes} or {No}.",No,Yes,False,Q2,1152,main
MullerLyer_015_Q1_notitle_px384,vlms-are-biased-notitle/mullerlyer/images/MullerLyer_015_str30_diff0p4_notitle_px384.png,Optical Illusion,Müller-Lyer illusion,"Are the two horizontal lines equal in length? Answer in curly brackets, e.g., {Yes} or {No}.",No,Yes,False,Q1,384,main
MullerLyer_015_Q2_notitle_px384,vlms-are-biased-notitle/mullerlyer/images/MullerLyer_015_str30_diff0p4_notitle_px384.png,Optical Illusion,Müller-Lyer illusion,"Do the two horizontal lines have the same length? Answer in curly brackets, e.g., {Yes} or {No}.",No,Yes,False,Q2,384,main
MullerLyer_015_Q1_notitle_px768,vlms-are-biased-notitle/mullerlyer/images/MullerLyer_015_str30_diff0p4_notitle_px768.png,Optical Illusion,Müller-Lyer illusion,"Are the two horizontal lines equal in length? Answer in curly brackets, e.g., {Yes} or {No}.",No,Yes,False,Q1,768,main
MullerLyer_015_Q2_notitle_px768,vlms-are-biased-notitle/mullerlyer/images/MullerLyer_015_str30_diff0p4_notitle_px768.png,Optical Illusion,Müller-Lyer illusion,"Do the two horizontal lines have the same length? Answer in curly brackets, e.g., {Yes} or {No}.",No,Yes,False,Q2,768,main
MullerLyer_015_Q1_notitle_px1152,vlms-are-biased-notitle/mullerlyer/images/MullerLyer_015_str30_diff0p4_notitle_px1152.png,Optical Illusion,Müller-Lyer illusion,"Are the two horizontal lines equal in length? Answer in curly brackets, e.g., {Yes} or {No}.",No,Yes,False,Q1,1152,main
MullerLyer_015_Q2_notitle_px1152,vlms-are-biased-notitle/mullerlyer/images/MullerLyer_015_str30_diff0p4_notitle_px1152.png,Optical Illusion,Müller-Lyer illusion,"Do the two horizontal lines have the same length? Answer in curly brackets, e.g., {Yes} or {No}.",No,Yes,False,Q2,1152,main
MullerLyer_016_Q1_notitle_px384,vlms-are-biased-notitle/mullerlyer/images/MullerLyer_016_strneg30_diffneg0p4_notitle_px384.png,Optical Illusion,Müller-Lyer illusion,"Are the two horizontal lines equal in length? Answer in curly brackets, e.g., {Yes} or {No}.",No,Yes,False,Q1,384,main
MullerLyer_016_Q2_notitle_px384,vlms-are-biased-notitle/mullerlyer/images/MullerLyer_016_strneg30_diffneg0p4_notitle_px384.png,Optical Illusion,Müller-Lyer illusion,"Do the two horizontal lines have the same length? Answer in curly brackets, e.g., {Yes} or {No}.",No,Yes,False,Q2,384,main
MullerLyer_016_Q1_notitle_px768,vlms-are-biased-notitle/mullerlyer/images/MullerLyer_016_strneg30_diffneg0p4_notitle_px768.png,Optical Illusion,Müller-Lyer illusion,"Are the two horizontal lines equal in length? Answer in curly brackets, e.g., {Yes} or {No}.",No,Yes,False,Q1,768,main
MullerLyer_016_Q2_notitle_px768,vlms-are-biased-notitle/mullerlyer/images/MullerLyer_016_strneg30_diffneg0p4_notitle_px768.png,Optical Illusion,Müller-Lyer illusion,"Do the two horizontal lines have the same length? Answer in curly brackets, e.g., {Yes} or {No}.",No,Yes,False,Q2,768,main
MullerLyer_016_Q1_notitle_px1152,vlms-are-biased-notitle/mullerlyer/images/MullerLyer_016_strneg30_diffneg0p4_notitle_px1152.png,Optical Illusion,Müller-Lyer illusion,"Are the two horizontal lines equal in length? Answer in curly brackets, e.g., {Yes} or {No}.",No,Yes,False,Q1,1152,main
MullerLyer_016_Q2_notitle_px1152,vlms-are-biased-notitle/mullerlyer/images/MullerLyer_016_strneg30_diffneg0p4_notitle_px1152.png,Optical Illusion,Müller-Lyer illusion,"Do the two horizontal lines have the same length? Answer in curly brackets, e.g., {Yes} or {No}.",No,Yes,False,Q2,1152,main
MullerLyer_017_Q1_notitle_px384,vlms-are-biased-notitle/mullerlyer/images/MullerLyer_017_str30_diff0p5_notitle_px384.png,Optical Illusion,Müller-Lyer illusion,"Are the two horizontal lines equal in length? Answer in curly brackets, e.g., {Yes} or {No}.",No,Yes,False,Q1,384,main
MullerLyer_017_Q2_notitle_px384,vlms-are-biased-notitle/mullerlyer/images/MullerLyer_017_str30_diff0p5_notitle_px384.png,Optical Illusion,Müller-Lyer illusion,"Do the two horizontal lines have the same length? Answer in curly brackets, e.g., {Yes} or {No}.",No,Yes,False,Q2,384,main
MullerLyer_017_Q1_notitle_px768,vlms-are-biased-notitle/mullerlyer/images/MullerLyer_017_str30_diff0p5_notitle_px768.png,Optical Illusion,Müller-Lyer illusion,"Are the two horizontal lines equal in length? Answer in curly brackets, e.g., {Yes} or {No}.",No,Yes,False,Q1,768,main
MullerLyer_017_Q2_notitle_px768,vlms-are-biased-notitle/mullerlyer/images/MullerLyer_017_str30_diff0p5_notitle_px768.png,Optical Illusion,Müller-Lyer illusion,"Do the two horizontal lines have the same length? Answer in curly brackets, e.g., {Yes} or {No}.",No,Yes,False,Q2,768,main
MullerLyer_017_Q1_notitle_px1152,vlms-are-biased-notitle/mullerlyer/images/MullerLyer_017_str30_diff0p5_notitle_px1152.png,Optical Illusion,Müller-Lyer illusion,"Are the two horizontal lines equal in length? Answer in curly brackets, e.g., {Yes} or {No}.",No,Yes,False,Q1,1152,main
MullerLyer_017_Q2_notitle_px1152,vlms-are-biased-notitle/mullerlyer/images/MullerLyer_017_str30_diff0p5_notitle_px1152.png,Optical Illusion,Müller-Lyer illusion,"Do the two horizontal lines have the same length? Answer in curly brackets, e.g., {Yes} or {No}.",No,Yes,False,Q2,1152,main
MullerLyer_018_Q1_notitle_px384,vlms-are-biased-notitle/mullerlyer/images/MullerLyer_018_strneg30_diffneg0p5_notitle_px384.png,Optical Illusion,Müller-Lyer illusion,"Are the two horizontal lines equal in length? Answer in curly brackets, e.g., {Yes} or {No}.",No,Yes,False,Q1,384,main
MullerLyer_018_Q2_notitle_px384,vlms-are-biased-notitle/mullerlyer/images/MullerLyer_018_strneg30_diffneg0p5_notitle_px384.png,Optical Illusion,Müller-Lyer illusion,"Do the two horizontal lines have the same length? Answer in curly brackets, e.g., {Yes} or {No}.",No,Yes,False,Q2,384,main
MullerLyer_018_Q1_notitle_px768,vlms-are-biased-notitle/mullerlyer/images/MullerLyer_018_strneg30_diffneg0p5_notitle_px768.png,Optical Illusion,Müller-Lyer illusion,"Are the two horizontal lines equal in length? Answer in curly brackets, e.g., {Yes} or {No}.",No,Yes,False,Q1,768,main
MullerLyer_018_Q2_notitle_px768,vlms-are-biased-notitle/mullerlyer/images/MullerLyer_018_strneg30_diffneg0p5_notitle_px768.png,Optical Illusion,Müller-Lyer illusion,"Do the two horizontal lines have the same length? Answer in curly brackets, e.g., {Yes} or {No}.",No,Yes,False,Q2,768,main
MullerLyer_018_Q1_notitle_px1152,vlms-are-biased-notitle/mullerlyer/images/MullerLyer_018_strneg30_diffneg0p5_notitle_px1152.png,Optical Illusion,Müller-Lyer illusion,"Are the two horizontal lines equal in length? Answer in curly brackets, e.g., {Yes} or {No}.",No,Yes,False,Q1,1152,main
MullerLyer_018_Q2_notitle_px1152,vlms-are-biased-notitle/mullerlyer/images/MullerLyer_018_strneg30_diffneg0p5_notitle_px1152.png,Optical Illusion,Müller-Lyer illusion,"Do the two horizontal lines have the same length? Answer in curly brackets, e.g., {Yes} or {No}.",No,Yes,False,Q2,1152,main
MullerLyer_019_Q1_notitle_px384,vlms-are-biased-notitle/mullerlyer/images/MullerLyer_019_str50_diff0p3_notitle_px384.png,Optical Illusion,Müller-Lyer illusion,"Are the two horizontal lines equal in length? Answer in curly brackets, e.g., {Yes} or {No}.",No,Yes,False,Q1,384,main
MullerLyer_019_Q2_notitle_px384,vlms-are-biased-notitle/mullerlyer/images/MullerLyer_019_str50_diff0p3_notitle_px384.png,Optical Illusion,Müller-Lyer illusion,"Do the two horizontal lines have the same length? Answer in curly brackets, e.g., {Yes} or {No}.",No,Yes,False,Q2,384,main
MullerLyer_019_Q1_notitle_px768,vlms-are-biased-notitle/mullerlyer/images/MullerLyer_019_str50_diff0p3_notitle_px768.png,Optical Illusion,Müller-Lyer illusion,"Are the two horizontal lines equal in length? Answer in curly brackets, e.g., {Yes} or {No}.",No,Yes,False,Q1,768,main
MullerLyer_019_Q2_notitle_px768,vlms-are-biased-notitle/mullerlyer/images/MullerLyer_019_str50_diff0p3_notitle_px768.png,Optical Illusion,Müller-Lyer illusion,"Do the two horizontal lines have the same length? Answer in curly brackets, e.g., {Yes} or {No}.",No,Yes,False,Q2,768,main
MullerLyer_019_Q1_notitle_px1152,vlms-are-biased-notitle/mullerlyer/images/MullerLyer_019_str50_diff0p3_notitle_px1152.png,Optical Illusion,Müller-Lyer illusion,"Are the two horizontal lines equal in length? Answer in curly brackets, e.g., {Yes} or {No}.",No,Yes,False,Q1,1152,main
MullerLyer_019_Q2_notitle_px1152,vlms-are-biased-notitle/mullerlyer/images/MullerLyer_019_str50_diff0p3_notitle_px1152.png,Optical Illusion,Müller-Lyer illusion,"Do the two horizontal lines have the same length? Answer in curly brackets, e.g., {Yes} or {No}.",No,Yes,False,Q2,1152,main
MullerLyer_020_Q1_notitle_px384,vlms-are-biased-notitle/mullerlyer/images/MullerLyer_020_strneg50_diffneg0p3_notitle_px384.png,Optical Illusion,Müller-Lyer illusion,"Are the two horizontal lines equal in length? Answer in curly brackets, e.g., {Yes} or {No}.",No,Yes,False,Q1,384,main
MullerLyer_020_Q2_notitle_px384,vlms-are-biased-notitle/mullerlyer/images/MullerLyer_020_strneg50_diffneg0p3_notitle_px384.png,Optical Illusion,Müller-Lyer illusion,"Do the two horizontal lines have the same length? Answer in curly brackets, e.g., {Yes} or {No}.",No,Yes,False,Q2,384,main
MullerLyer_020_Q1_notitle_px768,vlms-are-biased-notitle/mullerlyer/images/MullerLyer_020_strneg50_diffneg0p3_notitle_px768.png,Optical Illusion,Müller-Lyer illusion,"Are the two horizontal lines equal in length? Answer in curly brackets, e.g., {Yes} or {No}.",No,Yes,False,Q1,768,main
MullerLyer_020_Q2_notitle_px768,vlms-are-biased-notitle/mullerlyer/images/MullerLyer_020_strneg50_diffneg0p3_notitle_px768.png,Optical Illusion,Müller-Lyer illusion,"Do the two horizontal lines have the same length? Answer in curly brackets, e.g., {Yes} or {No}.",No,Yes,False,Q2,768,main
MullerLyer_020_Q1_notitle_px1152,vlms-are-biased-notitle/mullerlyer/images/MullerLyer_020_strneg50_diffneg0p3_notitle_px1152.png,Optical Illusion,Müller-Lyer illusion,"Are the two horizontal lines equal in length? Answer in curly brackets, e.g., {Yes} or {No}.",No,Yes,False,Q1,1152,main
MullerLyer_020_Q2_notitle_px1152,vlms-are-biased-notitle/mullerlyer/images/MullerLyer_020_strneg50_diffneg0p3_notitle_px1152.png,Optical Illusion,Müller-Lyer illusion,"Do the two horizontal lines have the same length? Answer in curly brackets, e.g., {Yes} or {No}.",No,Yes,False,Q2,1152,main
MullerLyer_021_Q1_notitle_px384,vlms-are-biased-notitle/mullerlyer/images/MullerLyer_021_str50_diff0p4_notitle_px384.png,Optical Illusion,Müller-Lyer illusion,"Are the two horizontal lines equal in length? Answer in curly brackets, e.g., {Yes} or {No}.",No,Yes,False,Q1,384,main
MullerLyer_021_Q2_notitle_px384,vlms-are-biased-notitle/mullerlyer/images/MullerLyer_021_str50_diff0p4_notitle_px384.png,Optical Illusion,Müller-Lyer illusion,"Do the two horizontal lines have the same length? Answer in curly brackets, e.g., {Yes} or {No}.",No,Yes,False,Q2,384,main
MullerLyer_021_Q1_notitle_px768,vlms-are-biased-notitle/mullerlyer/images/MullerLyer_021_str50_diff0p4_notitle_px768.png,Optical Illusion,Müller-Lyer illusion,"Are the two horizontal lines equal in length? Answer in curly brackets, e.g., {Yes} or {No}.",No,Yes,False,Q1,768,main
MullerLyer_021_Q2_notitle_px768,vlms-are-biased-notitle/mullerlyer/images/MullerLyer_021_str50_diff0p4_notitle_px768.png,Optical Illusion,Müller-Lyer illusion,"Do the two horizontal lines have the same length? Answer in curly brackets, e.g., {Yes} or {No}.",No,Yes,False,Q2,768,main
MullerLyer_021_Q1_notitle_px1152,vlms-are-biased-notitle/mullerlyer/images/MullerLyer_021_str50_diff0p4_notitle_px1152.png,Optical Illusion,Müller-Lyer illusion,"Are the two horizontal lines equal in length? Answer in curly brackets, e.g., {Yes} or {No}.",No,Yes,False,Q1,1152,main
MullerLyer_021_Q2_notitle_px1152,vlms-are-biased-notitle/mullerlyer/images/MullerLyer_021_str50_diff0p4_notitle_px1152.png,Optical Illusion,Müller-Lyer illusion,"Do the two horizontal lines have the same length? Answer in curly brackets, e.g., {Yes} or {No}.",No,Yes,False,Q2,1152,main
MullerLyer_022_Q1_notitle_px384,vlms-are-biased-notitle/mullerlyer/images/MullerLyer_022_strneg50_diffneg0p4_notitle_px384.png,Optical Illusion,Müller-Lyer illusion,"Are the two horizontal lines equal in length? Answer in curly brackets, e.g., {Yes} or {No}.",No,Yes,False,Q1,384,main
MullerLyer_022_Q2_notitle_px384,vlms-are-biased-notitle/mullerlyer/images/MullerLyer_022_strneg50_diffneg0p4_notitle_px384.png,Optical Illusion,Müller-Lyer illusion,"Do the two horizontal lines have the same length? Answer in curly brackets, e.g., {Yes} or {No}.",No,Yes,False,Q2,384,main
MullerLyer_022_Q1_notitle_px768,vlms-are-biased-notitle/mullerlyer/images/MullerLyer_022_strneg50_diffneg0p4_notitle_px768.png,Optical Illusion,Müller-Lyer illusion,"Are the two horizontal lines equal in length? Answer in curly brackets, e.g., {Yes} or {No}.",No,Yes,False,Q1,768,main
MullerLyer_022_Q2_notitle_px768,vlms-are-biased-notitle/mullerlyer/images/MullerLyer_022_strneg50_diffneg0p4_notitle_px768.png,Optical Illusion,Müller-Lyer illusion,"Do the two horizontal lines have the same length? Answer in curly brackets, e.g., {Yes} or {No}.",No,Yes,False,Q2,768,main
MullerLyer_022_Q1_notitle_px1152,vlms-are-biased-notitle/mullerlyer/images/MullerLyer_022_strneg50_diffneg0p4_notitle_px1152.png,Optical Illusion,Müller-Lyer illusion,"Are the two horizontal lines equal in length? Answer in curly brackets, e.g., {Yes} or {No}.",No,Yes,False,Q1,1152,main
MullerLyer_022_Q2_notitle_px1152,vlms-are-biased-notitle/mullerlyer/images/MullerLyer_022_strneg50_diffneg0p4_notitle_px1152.png,Optical Illusion,Müller-Lyer illusion,"Do the two horizontal lines have the same length? Answer in curly brackets, e.g., {Yes} or {No}.",No,Yes,False,Q2,1152,main
MullerLyer_023_Q1_notitle_px384,vlms-are-biased-notitle/mullerlyer/images/MullerLyer_023_str50_diff0p5_notitle_px384.png,Optical Illusion,Müller-Lyer illusion,"Are the two horizontal lines equal in length? Answer in curly brackets, e.g., {Yes} or {No}.",No,Yes,False,Q1,384,main
MullerLyer_023_Q2_notitle_px384,vlms-are-biased-notitle/mullerlyer/images/MullerLyer_023_str50_diff0p5_notitle_px384.png,Optical Illusion,Müller-Lyer illusion,"Do the two horizontal lines have the same length? Answer in curly brackets, e.g., {Yes} or {No}.",No,Yes,False,Q2,384,main
MullerLyer_023_Q1_notitle_px768,vlms-are-biased-notitle/mullerlyer/images/MullerLyer_023_str50_diff0p5_notitle_px768.png,Optical Illusion,Müller-Lyer illusion,"Are the two horizontal lines equal in length? Answer in curly brackets, e.g., {Yes} or {No}.",No,Yes,False,Q1,768,main
MullerLyer_023_Q2_notitle_px768,vlms-are-biased-notitle/mullerlyer/images/MullerLyer_023_str50_diff0p5_notitle_px768.png,Optical Illusion,Müller-Lyer illusion,"Do the two horizontal lines have the same length? Answer in curly brackets, e.g., {Yes} or {No}.",No,Yes,False,Q2,768,main
MullerLyer_023_Q1_notitle_px1152,vlms-are-biased-notitle/mullerlyer/images/MullerLyer_023_str50_diff0p5_notitle_px1152.png,Optical Illusion,Müller-Lyer illusion,"Are the two horizontal lines equal in length? Answer in curly brackets, e.g., {Yes} or {No}.",No,Yes,False,Q1,1152,main
MullerLyer_023_Q2_notitle_px1152,vlms-are-biased-notitle/mullerlyer/images/MullerLyer_023_str50_diff0p5_notitle_px1152.png,Optical Illusion,Müller-Lyer illusion,"Do the two horizontal lines have the same length? Answer in curly brackets, e.g., {Yes} or {No}.",No,Yes,False,Q2,1152,main
MullerLyer_024_Q1_notitle_px384,vlms-are-biased-notitle/mullerlyer/images/MullerLyer_024_strneg50_diffneg0p5_notitle_px384.png,Optical Illusion,Müller-Lyer illusion,"Are the two horizontal lines equal in length? Answer in curly brackets, e.g., {Yes} or {No}.",No,Yes,False,Q1,384,main
MullerLyer_024_Q2_notitle_px384,vlms-are-biased-notitle/mullerlyer/images/MullerLyer_024_strneg50_diffneg0p5_notitle_px384.png,Optical Illusion,Müller-Lyer illusion,"Do the two horizontal lines have the same length? Answer in curly brackets, e.g., {Yes} or {No}.",No,Yes,False,Q2,384,main
MullerLyer_024_Q1_notitle_px768,vlms-are-biased-notitle/mullerlyer/images/MullerLyer_024_strneg50_diffneg0p5_notitle_px768.png,Optical Illusion,Müller-Lyer illusion,"Are the two horizontal lines equal in length? Answer in curly brackets, e.g., {Yes} or {No}.",No,Yes,False,Q1,768,main
MullerLyer_024_Q2_notitle_px768,vlms-are-biased-notitle/mullerlyer/images/MullerLyer_024_strneg50_diffneg0p5_notitle_px768.png,Optical Illusion,Müller-Lyer illusion,"Do the two horizontal lines have the same length? Answer in curly brackets, e.g., {Yes} or {No}.",No,Yes,False,Q2,768,main
MullerLyer_024_Q1_notitle_px1152,vlms-are-biased-notitle/mullerlyer/images/MullerLyer_024_strneg50_diffneg0p5_notitle_px1152.png,Optical Illusion,Müller-Lyer illusion,"Are the two horizontal lines equal in length? Answer in curly brackets, e.g., {Yes} or {No}.",No,Yes,False,Q1,1152,main
MullerLyer_024_Q2_notitle_px1152,vlms-are-biased-notitle/mullerlyer/images/MullerLyer_024_strneg50_diffneg0p5_notitle_px1152.png,Optical Illusion,Müller-Lyer illusion,"Do the two horizontal lines have the same length? Answer in curly brackets, e.g., {Yes} or {No}.",No,Yes,False,Q2,1152,main
chess_grid_01_row_remove_first_row_notitle_px384_Q1,vlms-are-biased-notitle/chess_grid/images/chess_grid_01_row_remove_first_row_notitle_px384.png,Game Boards,Chess Grid,"How many rows are there on this board? Answer with a number in curly brackets, e.g., {9}.",7,8,False,Q1,384,main
chess_grid_01_row_remove_first_row_notitle_px384_Q2,vlms-are-biased-notitle/chess_grid/images/chess_grid_01_row_remove_first_row_notitle_px384.png,Game Boards,Chess Grid,"Count the rows on this board. Answer with a number in curly brackets, e.g., {9}.",7,8,False,Q2,384,main
chess_grid_01_row_remove_first_row_notitle_px768_Q1,vlms-are-biased-notitle/chess_grid/images/chess_grid_01_row_remove_first_row_notitle_px768.png,Game Boards,Chess Grid,"How many rows are there on this board? Answer with a number in curly brackets, e.g., {9}.",7,8,False,Q1,768,main
chess_grid_01_row_remove_first_row_notitle_px768_Q2,vlms-are-biased-notitle/chess_grid/images/chess_grid_01_row_remove_first_row_notitle_px768.png,Game Boards,Chess Grid,"Count the rows on this board. Answer with a number in curly brackets, e.g., {9}.",7,8,False,Q2,768,main
chess_grid_01_row_remove_first_row_notitle_px1152_Q1,vlms-are-biased-notitle/chess_grid/images/chess_grid_01_row_remove_first_row_notitle_px1152.png,Game Boards,Chess Grid,"How many rows are there on this board? Answer with a number in curly brackets, e.g., {9}.",7,8,False,Q1,1152,main
chess_grid_01_row_remove_first_row_notitle_px1152_Q2,vlms-are-biased-notitle/chess_grid/images/chess_grid_01_row_remove_first_row_notitle_px1152.png,Game Boards,Chess Grid,"Count the rows on this board. Answer with a number in curly brackets, e.g., {9}.",7,8,False,Q2,1152,main
chess_grid_02_row_remove_last_row_notitle_px384_Q1,vlms-are-biased-notitle/chess_grid/images/chess_grid_02_row_remove_last_row_notitle_px384.png,Game Boards,Chess Grid,"How many rows are there on this board? Answer with a number in curly brackets, e.g., {9}.",7,8,False,Q1,384,main
chess_grid_02_row_remove_last_row_notitle_px384_Q2,vlms-are-biased-notitle/chess_grid/images/chess_grid_02_row_remove_last_row_notitle_px384.png,Game Boards,Chess Grid,"Count the rows on this board. Answer with a number in curly brackets, e.g., {9}.",7,8,False,Q2,384,main
chess_grid_02_row_remove_last_row_notitle_px768_Q1,vlms-are-biased-notitle/chess_grid/images/chess_grid_02_row_remove_last_row_notitle_px768.png,Game Boards,Chess Grid,"How many rows are there on this board? Answer with a number in curly brackets, e.g., {9}.",7,8,False,Q1,768,main
chess_grid_02_row_remove_last_row_notitle_px768_Q2,vlms-are-biased-notitle/chess_grid/images/chess_grid_02_row_remove_last_row_notitle_px768.png,Game Boards,Chess Grid,"Count the rows on this board. Answer with a number in curly brackets, e.g., {9}.",7,8,False,Q2,768,main
chess_grid_02_row_remove_last_row_notitle_px1152_Q1,vlms-are-biased-notitle/chess_grid/images/chess_grid_02_row_remove_last_row_notitle_px1152.png,Game Boards,Chess Grid,"How many rows are there on this board? Answer with a number in curly brackets, e.g., {9}.",7,8,False,Q1,1152,main
chess_grid_02_row_remove_last_row_notitle_px1152_Q2,vlms-are-biased-notitle/chess_grid/images/chess_grid_02_row_remove_last_row_notitle_px1152.png,Game Boards,Chess Grid,"Count the rows on this board. Answer with a number in curly brackets, e.g., {9}.",7,8,False,Q2,1152,main
chess_grid_03_row_add_first_row_notitle_px384_Q1,vlms-are-biased-notitle/chess_grid/images/chess_grid_03_row_add_first_row_notitle_px384.png,Game Boards,Chess Grid,"How many rows are there on this board? Answer with a number in curly brackets, e.g., {9}.",9,8,False,Q1,384,main
chess_grid_03_row_add_first_row_notitle_px384_Q2,vlms-are-biased-notitle/chess_grid/images/chess_grid_03_row_add_first_row_notitle_px384.png,Game Boards,Chess Grid,"Count the rows on this board. Answer with a number in curly brackets, e.g., {9}.",9,8,False,Q2,384,main
chess_grid_03_row_add_first_row_notitle_px768_Q1,vlms-are-biased-notitle/chess_grid/images/chess_grid_03_row_add_first_row_notitle_px768.png,Game Boards,Chess Grid,"How many rows are there on this board? Answer with a number in curly brackets, e.g., {9}.",9,8,False,Q1,768,main
chess_grid_03_row_add_first_row_notitle_px768_Q2,vlms-are-biased-notitle/chess_grid/images/chess_grid_03_row_add_first_row_notitle_px768.png,Game Boards,Chess Grid,"Count the rows on this board. Answer with a number in curly brackets, e.g., {9}.",9,8,False,Q2,768,main
chess_grid_03_row_add_first_row_notitle_px1152_Q1,vlms-are-biased-notitle/chess_grid/images/chess_grid_03_row_add_first_row_notitle_px1152.png,Game Boards,Chess Grid,"How many rows are there on this board? Answer with a number in curly brackets, e.g., {9}.",9,8,False,Q1,1152,main
chess_grid_03_row_add_first_row_notitle_px1152_Q2,vlms-are-biased-notitle/chess_grid/images/chess_grid_03_row_add_first_row_notitle_px1152.png,Game Boards,Chess Grid,"Count the rows on this board. Answer with a number in curly brackets, e.g., {9}.",9,8,False,Q2,1152,main
chess_grid_04_row_add_last_row_notitle_px384_Q1,vlms-are-biased-notitle/chess_grid/images/chess_grid_04_row_add_last_row_notitle_px384.png,Game Boards,Chess Grid,"How many rows are there on this board? Answer with a number in curly brackets, e.g., {9}.",9,8,False,Q1,384,main
chess_grid_04_row_add_last_row_notitle_px384_Q2,vlms-are-biased-notitle/chess_grid/images/chess_grid_04_row_add_last_row_notitle_px384.png,Game Boards,Chess Grid,"Count the rows on this board. Answer with a number in curly brackets, e.g., {9}.",9,8,False,Q2,384,main
chess_grid_04_row_add_last_row_notitle_px768_Q1,vlms-are-biased-notitle/chess_grid/images/chess_grid_04_row_add_last_row_notitle_px768.png,Game Boards,Chess Grid,"How many rows are there on this board? Answer with a number in curly brackets, e.g., {9}.",9,8,False,Q1,768,main
chess_grid_04_row_add_last_row_notitle_px768_Q2,vlms-are-biased-notitle/chess_grid/images/chess_grid_04_row_add_last_row_notitle_px768.png,Game Boards,Chess Grid,"Count the rows on this board. Answer with a number in curly brackets, e.g., {9}.",9,8,False,Q2,768,main
chess_grid_04_row_add_last_row_notitle_px1152_Q1,vlms-are-biased-notitle/chess_grid/images/chess_grid_04_row_add_last_row_notitle_px1152.png,Game Boards,Chess Grid,"How many rows are there on this board? Answer with a number in curly brackets, e.g., {9}.",9,8,False,Q1,1152,main
chess_grid_04_row_add_last_row_notitle_px1152_Q2,vlms-are-biased-notitle/chess_grid/images/chess_grid_04_row_add_last_row_notitle_px1152.png,Game Boards,Chess Grid,"Count the rows on this board. Answer with a number in curly brackets, e.g., {9}.",9,8,False,Q2,1152,main
chess_grid_05_col_remove_first_col_notitle_px384_Q1,vlms-are-biased-notitle/chess_grid/images/chess_grid_05_col_remove_first_col_notitle_px384.png,Game Boards,Chess Grid,"How many columns are there on this board? Answer with a number in curly brackets, e.g., {9}.",7,8,False,Q1,384,main
chess_grid_05_col_remove_first_col_notitle_px384_Q2,vlms-are-biased-notitle/chess_grid/images/chess_grid_05_col_remove_first_col_notitle_px384.png,Game Boards,Chess Grid,"Count the columns on this board. Answer with a number in curly brackets, e.g., {9}.",7,8,False,Q2,384,main
chess_grid_05_col_remove_first_col_notitle_px768_Q1,vlms-are-biased-notitle/chess_grid/images/chess_grid_05_col_remove_first_col_notitle_px768.png,Game Boards,Chess Grid,"How many columns are there on this board? Answer with a number in curly brackets, e.g., {9}.",7,8,False,Q1,768,main
chess_grid_05_col_remove_first_col_notitle_px768_Q2,vlms-are-biased-notitle/chess_grid/images/chess_grid_05_col_remove_first_col_notitle_px768.png,Game Boards,Chess Grid,"Count the columns on this board. Answer with a number in curly brackets, e.g., {9}.",7,8,False,Q2,768,main
chess_grid_05_col_remove_first_col_notitle_px1152_Q1,vlms-are-biased-notitle/chess_grid/images/chess_grid_05_col_remove_first_col_notitle_px1152.png,Game Boards,Chess Grid,"How many columns are there on this board? Answer with a number in curly brackets, e.g., {9}.",7,8,False,Q1,1152,main
chess_grid_05_col_remove_first_col_notitle_px1152_Q2,vlms-are-biased-notitle/chess_grid/images/chess_grid_05_col_remove_first_col_notitle_px1152.png,Game Boards,Chess Grid,"Count the columns on this board. Answer with a number in curly brackets, e.g., {9}.",7,8,False,Q2,1152,main
chess_grid_06_col_remove_last_col_notitle_px384_Q1,vlms-are-biased-notitle/chess_grid/images/chess_grid_06_col_remove_last_col_notitle_px384.png,Game Boards,Chess Grid,"How many columns are there on this board? Answer with a number in curly brackets, e.g., {9}.",7,8,False,Q1,384,main
chess_grid_06_col_remove_last_col_notitle_px384_Q2,vlms-are-biased-notitle/chess_grid/images/chess_grid_06_col_remove_last_col_notitle_px384.png,Game Boards,Chess Grid,"Count the columns on this board. Answer with a number in curly brackets, e.g., {9}.",7,8,False,Q2,384,main
chess_grid_06_col_remove_last_col_notitle_px768_Q1,vlms-are-biased-notitle/chess_grid/images/chess_grid_06_col_remove_last_col_notitle_px768.png,Game Boards,Chess Grid,"How many columns are there on this board? Answer with a number in curly brackets, e.g., {9}.",7,8,False,Q1,768,main
chess_grid_06_col_remove_last_col_notitle_px768_Q2,vlms-are-biased-notitle/chess_grid/images/chess_grid_06_col_remove_last_col_notitle_px768.png,Game Boards,Chess Grid,"Count the columns on this board. Answer with a number in curly brackets, e.g., {9}.",7,8,False,Q2,768,main
chess_grid_06_col_remove_last_col_notitle_px1152_Q1,vlms-are-biased-notitle/chess_grid/images/chess_grid_06_col_remove_last_col_notitle_px1152.png,Game Boards,Chess Grid,"How many columns are there on this board? Answer with a number in curly brackets, e.g., {9}.",7,8,False,Q1,1152,main
chess_grid_06_col_remove_last_col_notitle_px1152_Q2,vlms-are-biased-notitle/chess_grid/images/chess_grid_06_col_remove_last_col_notitle_px1152.png,Game Boards,Chess Grid,"Count the columns on this board. Answer with a number in curly brackets, e.g., {9}.",7,8,False,Q2,1152,main
chess_grid_07_col_add_first_col_notitle_px384_Q1,vlms-are-biased-notitle/chess_grid/images/chess_grid_07_col_add_first_col_notitle_px384.png,Game Boards,Chess Grid,"How many columns are there on this board? Answer with a number in curly brackets, e.g., {9}.",9,8,False,Q1,384,main
chess_grid_07_col_add_first_col_notitle_px384_Q2,vlms-are-biased-notitle/chess_grid/images/chess_grid_07_col_add_first_col_notitle_px384.png,Game Boards,Chess Grid,"Count the columns on this board. Answer with a number in curly brackets, e.g., {9}.",9,8,False,Q2,384,main
chess_grid_07_col_add_first_col_notitle_px768_Q1,vlms-are-biased-notitle/chess_grid/images/chess_grid_07_col_add_first_col_notitle_px768.png,Game Boards,Chess Grid,"How many columns are there on this board? Answer with a number in curly brackets, e.g., {9}.",9,8,False,Q1,768,main
chess_grid_07_col_add_first_col_notitle_px768_Q2,vlms-are-biased-notitle/chess_grid/images/chess_grid_07_col_add_first_col_notitle_px768.png,Game Boards,Chess Grid,"Count the columns on this board. Answer with a number in curly brackets, e.g., {9}.",9,8,False,Q2,768,main
chess_grid_07_col_add_first_col_notitle_px1152_Q1,vlms-are-biased-notitle/chess_grid/images/chess_grid_07_col_add_first_col_notitle_px1152.png,Game Boards,Chess Grid,"How many columns are there on this board? Answer with a number in curly brackets, e.g., {9}.",9,8,False,Q1,1152,main
chess_grid_07_col_add_first_col_notitle_px1152_Q2,vlms-are-biased-notitle/chess_grid/images/chess_grid_07_col_add_first_col_notitle_px1152.png,Game Boards,Chess Grid,"Count the columns on this board. Answer with a number in curly brackets, e.g., {9}.",9,8,False,Q2,1152,main
chess_grid_08_col_add_last_col_notitle_px384_Q1,vlms-are-biased-notitle/chess_grid/images/chess_grid_08_col_add_last_col_notitle_px384.png,Game Boards,Chess Grid,"How many columns are there on this board? Answer with a number in curly brackets, e.g., {9}.",9,8,False,Q1,384,main
chess_grid_08_col_add_last_col_notitle_px384_Q2,vlms-are-biased-notitle/chess_grid/images/chess_grid_08_col_add_last_col_notitle_px384.png,Game Boards,Chess Grid,"Count the columns on this board. Answer with a number in curly brackets, e.g., {9}.",9,8,False,Q2,384,main
chess_grid_08_col_add_last_col_notitle_px768_Q1,vlms-are-biased-notitle/chess_grid/images/chess_grid_08_col_add_last_col_notitle_px768.png,Game Boards,Chess Grid,"How many columns are there on this board? Answer with a number in curly brackets, e.g., {9}.",9,8,False,Q1,768,main
chess_grid_08_col_add_last_col_notitle_px768_Q2,vlms-are-biased-notitle/chess_grid/images/chess_grid_08_col_add_last_col_notitle_px768.png,Game Boards,Chess Grid,"Count the columns on this board. Answer with a number in curly brackets, e.g., {9}.",9,8,False,Q2,768,main
chess_grid_08_col_add_last_col_notitle_px1152_Q1,vlms-are-biased-notitle/chess_grid/images/chess_grid_08_col_add_last_col_notitle_px1152.png,Game Boards,Chess Grid,"How many columns are there on this board? Answer with a number in curly brackets, e.g., {9}.",9,8,False,Q1,1152,main
chess_grid_08_col_add_last_col_notitle_px1152_Q2,vlms-are-biased-notitle/chess_grid/images/chess_grid_08_col_add_last_col_notitle_px1152.png,Game Boards,Chess Grid,"Count the columns on this board. Answer with a number in curly brackets, e.g., {9}.",9,8,False,Q2,1152,main
chess_pieces_001_remove_notitle_px384_prompt1,vlms-are-biased-notitle/chess_pieces/images/chess_pieces_001_remove_whiteknight_at_g1_notitle_px384.png,Chess Pieces,Chess Pieces,"How many chess pieces are there on this board? Answer with a number in curly brackets, e.g., {9}.",31,32,False,Q1,384,main
chess_pieces_001_remove_notitle_px384_prompt2,vlms-are-biased-notitle/chess_pieces/images/chess_pieces_001_remove_whiteknight_at_g1_notitle_px384.png,Chess Pieces,Chess Pieces,"Count the chess pieces on this board. Answer with a number in curly brackets, e.g., {9}.",31,32,False,Q2,384,main
chess_pieces_001_remove_notitle_px768_prompt1,vlms-are-biased-notitle/chess_pieces/images/chess_pieces_001_remove_whiteknight_at_g1_notitle_px768.png,Chess Pieces,Chess Pieces,"How many chess pieces are there on this board? Answer with a number in curly brackets, e.g., {9}.",31,32,False,Q1,768,main
chess_pieces_001_remove_notitle_px768_prompt2,vlms-are-biased-notitle/chess_pieces/images/chess_pieces_001_remove_whiteknight_at_g1_notitle_px768.png,Chess Pieces,Chess Pieces,"Count the chess pieces on this board. Answer with a number in curly brackets, e.g., {9}.",31,32,False,Q2,768,main
chess_pieces_001_remove_notitle_px1152_prompt1,vlms-are-biased-notitle/chess_pieces/images/chess_pieces_001_remove_whiteknight_at_g1_notitle_px1152.png,Chess Pieces,Chess Pieces,"How many chess pieces are there on this board? Answer with a number in curly brackets, e.g., {9}.",31,32,False,Q1,1152,main
chess_pieces_001_remove_notitle_px1152_prompt2,vlms-are-biased-notitle/chess_pieces/images/chess_pieces_001_remove_whiteknight_at_g1_notitle_px1152.png,Chess Pieces,Chess Pieces,"Count the chess pieces on this board. Answer with a number in curly brackets, e.g., {9}.",31,32,False,Q2,1152,main
chess_pieces_001_replace_notitle_px384_prompt1,vlms-are-biased-notitle/chess_pieces/images/chess_pieces_001_replace_whiteknight_to_whiteking_at_g1_notitle_px384.png,Chess Pieces,Chess Pieces,"How many King pieces are there on this board? Answer with a number in curly brackets, e.g., {9}.",3,2,False,Q1,384,main
chess_pieces_001_replace_notitle_px384_prompt2,vlms-are-biased-notitle/chess_pieces/images/chess_pieces_001_replace_whiteknight_to_whiteking_at_g1_notitle_px384.png,Chess Pieces,Chess Pieces,"Count the King pieces on this board. Answer with a number in curly brackets, e.g., {9}.",3,2,False,Q2,384,main
chess_pieces_001_replace_notitle_px768_prompt1,vlms-are-biased-notitle/chess_pieces/images/chess_pieces_001_replace_whiteknight_to_whiteking_at_g1_notitle_px768.png,Chess Pieces,Chess Pieces,"How many King pieces are there on this board? Answer with a number in curly brackets, e.g., {9}.",3,2,False,Q1,768,main
chess_pieces_001_replace_notitle_px768_prompt2,vlms-are-biased-notitle/chess_pieces/images/chess_pieces_001_replace_whiteknight_to_whiteking_at_g1_notitle_px768.png,Chess Pieces,Chess Pieces,"Count the King pieces on this board. Answer with a number in curly brackets, e.g., {9}.",3,2,False,Q2,768,main
chess_pieces_001_replace_notitle_px1152_prompt1,vlms-are-biased-notitle/chess_pieces/images/chess_pieces_001_replace_whiteknight_to_whiteking_at_g1_notitle_px1152.png,Chess Pieces,Chess Pieces,"How many King pieces are there on this board? Answer with a number in curly brackets, e.g., {9}.",3,2,False,Q1,1152,main
chess_pieces_001_replace_notitle_px1152_prompt2,vlms-are-biased-notitle/chess_pieces/images/chess_pieces_001_replace_whiteknight_to_whiteking_at_g1_notitle_px1152.png,Chess Pieces,Chess Pieces,"Count the King pieces on this board. Answer with a number in curly brackets, e.g., {9}.",3,2,False,Q2,1152,main
chess_pieces_002_remove_notitle_px384_prompt1,vlms-are-biased-notitle/chess_pieces/images/chess_pieces_002_remove_whitepawn_at_a2_notitle_px384.png,Chess Pieces,Chess Pieces,"How many chess pieces are there on this board? Answer with a number in curly brackets, e.g., {9}.",31,32,False,Q1,384,main
chess_pieces_002_remove_notitle_px384_prompt2,vlms-are-biased-notitle/chess_pieces/images/chess_pieces_002_remove_whitepawn_at_a2_notitle_px384.png,Chess Pieces,Chess Pieces,"Count the chess pieces on this board. Answer with a number in curly brackets, e.g., {9}.",31,32,False,Q2,384,main
chess_pieces_002_remove_notitle_px768_prompt1,vlms-are-biased-notitle/chess_pieces/images/chess_pieces_002_remove_whitepawn_at_a2_notitle_px768.png,Chess Pieces,Chess Pieces,"How many chess pieces are there on this board? Answer with a number in curly brackets, e.g., {9}.",31,32,False,Q1,768,main
chess_pieces_002_remove_notitle_px768_prompt2,vlms-are-biased-notitle/chess_pieces/images/chess_pieces_002_remove_whitepawn_at_a2_notitle_px768.png,Chess Pieces,Chess Pieces,"Count the chess pieces on this board. Answer with a number in curly brackets, e.g., {9}.",31,32,False,Q2,768,main
chess_pieces_002_remove_notitle_px1152_prompt1,vlms-are-biased-notitle/chess_pieces/images/chess_pieces_002_remove_whitepawn_at_a2_notitle_px1152.png,Chess Pieces,Chess Pieces,"How many chess pieces are there on this board? Answer with a number in curly brackets, e.g., {9}.",31,32,False,Q1,1152,main
chess_pieces_002_remove_notitle_px1152_prompt2,vlms-are-biased-notitle/chess_pieces/images/chess_pieces_002_remove_whitepawn_at_a2_notitle_px1152.png,Chess Pieces,Chess Pieces,"Count the chess pieces on this board. Answer with a number in curly brackets, e.g., {9}.",31,32,False,Q2,1152,main
chess_pieces_002_replace_notitle_px384_prompt1,vlms-are-biased-notitle/chess_pieces/images/chess_pieces_002_replace_whitepawn_to_whiteking_at_a2_notitle_px384.png,Chess Pieces,Chess Pieces,"How many King pieces are there on this board? Answer with a number in curly brackets, e.g., {9}.",3,2,False,Q1,384,main
chess_pieces_002_replace_notitle_px384_prompt2,vlms-are-biased-notitle/chess_pieces/images/chess_pieces_002_replace_whitepawn_to_whiteking_at_a2_notitle_px384.png,Chess Pieces,Chess Pieces,"Count the King pieces on this board. Answer with a number in curly brackets, e.g., {9}.",3,2,False,Q2,384,main
chess_pieces_002_replace_notitle_px768_prompt1,vlms-are-biased-notitle/chess_pieces/images/chess_pieces_002_replace_whitepawn_to_whiteking_at_a2_notitle_px768.png,Chess Pieces,Chess Pieces,"How many King pieces are there on this board? Answer with a number in curly brackets, e.g., {9}.",3,2,False,Q1,768,main
chess_pieces_002_replace_notitle_px768_prompt2,vlms-are-biased-notitle/chess_pieces/images/chess_pieces_002_replace_whitepawn_to_whiteking_at_a2_notitle_px768.png,Chess Pieces,Chess Pieces,"Count the King pieces on this board. Answer with a number in curly brackets, e.g., {9}.",3,2,False,Q2,768,main
chess_pieces_002_replace_notitle_px1152_prompt1,vlms-are-biased-notitle/chess_pieces/images/chess_pieces_002_replace_whitepawn_to_whiteking_at_a2_notitle_px1152.png,Chess Pieces,Chess Pieces,"How many King pieces are there on this board? Answer with a number in curly brackets, e.g., {9}.",3,2,False,Q1,1152,main
chess_pieces_002_replace_notitle_px1152_prompt2,vlms-are-biased-notitle/chess_pieces/images/chess_pieces_002_replace_whitepawn_to_whiteking_at_a2_notitle_px1152.png,Chess Pieces,Chess Pieces,"Count the King pieces on this board. Answer with a number in curly brackets, e.g., {9}.",3,2,False,Q2,1152,main
chess_pieces_003_remove_notitle_px384_prompt1,vlms-are-biased-notitle/chess_pieces/images/chess_pieces_003_remove_blackpawn_at_b7_notitle_px384.png,Chess Pieces,Chess Pieces,"How many chess pieces are there on this board? Answer with a number in curly brackets, e.g., {9}.",31,32,False,Q1,384,main
chess_pieces_003_remove_notitle_px384_prompt2,vlms-are-biased-notitle/chess_pieces/images/chess_pieces_003_remove_blackpawn_at_b7_notitle_px384.png,Chess Pieces,Chess Pieces,"Count the chess pieces on this board. Answer with a number in curly brackets, e.g., {9}.",31,32,False,Q2,384,main
chess_pieces_003_remove_notitle_px768_prompt1,vlms-are-biased-notitle/chess_pieces/images/chess_pieces_003_remove_blackpawn_at_b7_notitle_px768.png,Chess Pieces,Chess Pieces,"How many chess pieces are there on this board? Answer with a number in curly brackets, e.g., {9}.",31,32,False,Q1,768,main
chess_pieces_003_remove_notitle_px768_prompt2,vlms-are-biased-notitle/chess_pieces/images/chess_pieces_003_remove_blackpawn_at_b7_notitle_px768.png,Chess Pieces,Chess Pieces,"Count the chess pieces on this board. Answer with a number in curly brackets, e.g., {9}.",31,32,False,Q2,768,main
chess_pieces_003_remove_notitle_px1152_prompt1,vlms-are-biased-notitle/chess_pieces/images/chess_pieces_003_remove_blackpawn_at_b7_notitle_px1152.png,Chess Pieces,Chess Pieces,"How many chess pieces are there on this board? Answer with a number in curly brackets, e.g., {9}.",31,32,False,Q1,1152,main
chess_pieces_003_remove_notitle_px1152_prompt2,vlms-are-biased-notitle/chess_pieces/images/chess_pieces_003_remove_blackpawn_at_b7_notitle_px1152.png,Chess Pieces,Chess Pieces,"Count the chess pieces on this board. Answer with a number in curly brackets, e.g., {9}.",31,32,False,Q2,1152,main
chess_pieces_003_replace_notitle_px384_prompt1,vlms-are-biased-notitle/chess_pieces/images/chess_pieces_003_replace_blackpawn_to_blackknight_at_b7_notitle_px384.png,Chess Pieces,Chess Pieces,"How many Knight pieces are there on this board? Answer with a number in curly brackets, e.g., {9}.",5,4,False,Q1,384,main
chess_pieces_003_replace_notitle_px384_prompt2,vlms-are-biased-notitle/chess_pieces/images/chess_pieces_003_replace_blackpawn_to_blackknight_at_b7_notitle_px384.png,Chess Pieces,Chess Pieces,"Count the Knight pieces on this board. Answer with a number in curly brackets, e.g., {9}.",5,4,False,Q2,384,main
chess_pieces_003_replace_notitle_px768_prompt1,vlms-are-biased-notitle/chess_pieces/images/chess_pieces_003_replace_blackpawn_to_blackknight_at_b7_notitle_px768.png,Chess Pieces,Chess Pieces,"How many Knight pieces are there on this board? Answer with a number in curly brackets, e.g., {9}.",5,4,False,Q1,768,main
chess_pieces_003_replace_notitle_px768_prompt2,vlms-are-biased-notitle/chess_pieces/images/chess_pieces_003_replace_blackpawn_to_blackknight_at_b7_notitle_px768.png,Chess Pieces,Chess Pieces,"Count the Knight pieces on this board. Answer with a number in curly brackets, e.g., {9}.",5,4,False,Q2,768,main
chess_pieces_003_replace_notitle_px1152_prompt1,vlms-are-biased-notitle/chess_pieces/images/chess_pieces_003_replace_blackpawn_to_blackknight_at_b7_notitle_px1152.png,Chess Pieces,Chess Pieces,"How many Knight pieces are there on this board? Answer with a number in curly brackets, e.g., {9}.",5,4,False,Q1,1152,main
chess_pieces_003_replace_notitle_px1152_prompt2,vlms-are-biased-notitle/chess_pieces/images/chess_pieces_003_replace_blackpawn_to_blackknight_at_b7_notitle_px1152.png,Chess Pieces,Chess Pieces,"Count the Knight pieces on this board. Answer with a number in curly brackets, e.g., {9}.",5,4,False,Q2,1152,main
chess_pieces_004_remove_notitle_px384_prompt1,vlms-are-biased-notitle/chess_pieces/images/chess_pieces_004_remove_blackbishop_at_c8_notitle_px384.png,Chess Pieces,Chess Pieces,"How many chess pieces are there on this board? Answer with a number in curly brackets, e.g., {9}.",31,32,False,Q1,384,main
chess_pieces_004_remove_notitle_px384_prompt2,vlms-are-biased-notitle/chess_pieces/images/chess_pieces_004_remove_blackbishop_at_c8_notitle_px384.png,Chess Pieces,Chess Pieces,"Count the chess pieces on this board. Answer with a number in curly brackets, e.g., {9}.",31,32,False,Q2,384,main
chess_pieces_004_remove_notitle_px768_prompt1,vlms-are-biased-notitle/chess_pieces/images/chess_pieces_004_remove_blackbishop_at_c8_notitle_px768.png,Chess Pieces,Chess Pieces,"How many chess pieces are there on this board? Answer with a number in curly brackets, e.g., {9}.",31,32,False,Q1,768,main
chess_pieces_004_remove_notitle_px768_prompt2,vlms-are-biased-notitle/chess_pieces/images/chess_pieces_004_remove_blackbishop_at_c8_notitle_px768.png,Chess Pieces,Chess Pieces,"Count the chess pieces on this board. Answer with a number in curly brackets, e.g., {9}.",31,32,False,Q2,768,main
chess_pieces_004_remove_notitle_px1152_prompt1,vlms-are-biased-notitle/chess_pieces/images/chess_pieces_004_remove_blackbishop_at_c8_notitle_px1152.png,Chess Pieces,Chess Pieces,"How many chess pieces are there on this board? Answer with a number in curly brackets, e.g., {9}.",31,32,False,Q1,1152,main
chess_pieces_004_remove_notitle_px1152_prompt2,vlms-are-biased-notitle/chess_pieces/images/chess_pieces_004_remove_blackbishop_at_c8_notitle_px1152.png,Chess Pieces,Chess Pieces,"Count the chess pieces on this board. Answer with a number in curly brackets, e.g., {9}.",31,32,False,Q2,1152,main
chess_pieces_004_replace_notitle_px384_prompt1,vlms-are-biased-notitle/chess_pieces/images/chess_pieces_004_replace_blackbishop_to_blackpawn_at_c8_notitle_px384.png,Chess Pieces,Chess Pieces,"How many Pawn pieces are there on this board? Answer with a number in curly brackets, e.g., {9}.",17,16,False,Q1,384,main
chess_pieces_004_replace_notitle_px384_prompt2,vlms-are-biased-notitle/chess_pieces/images/chess_pieces_004_replace_blackbishop_to_blackpawn_at_c8_notitle_px384.png,Chess Pieces,Chess Pieces,"Count the Pawn pieces on this board. Answer with a number in curly brackets, e.g., {9}.",17,16,False,Q2,384,main
chess_pieces_004_replace_notitle_px768_prompt1,vlms-are-biased-notitle/chess_pieces/images/chess_pieces_004_replace_blackbishop_to_blackpawn_at_c8_notitle_px768.png,Chess Pieces,Chess Pieces,"How many Pawn pieces are there on this board? Answer with a number in curly brackets, e.g., {9}.",17,16,False,Q1,768,main
chess_pieces_004_replace_notitle_px768_prompt2,vlms-are-biased-notitle/chess_pieces/images/chess_pieces_004_replace_blackbishop_to_blackpawn_at_c8_notitle_px768.png,Chess Pieces,Chess Pieces,"Count the Pawn pieces on this board. Answer with a number in curly brackets, e.g., {9}.",17,16,False,Q2,768,main
chess_pieces_004_replace_notitle_px1152_prompt1,vlms-are-biased-notitle/chess_pieces/images/chess_pieces_004_replace_blackbishop_to_blackpawn_at_c8_notitle_px1152.png,Chess Pieces,Chess Pieces,"How many Pawn pieces are there on this board? Answer with a number in curly brackets, e.g., {9}.",17,16,False,Q1,1152,main
chess_pieces_004_replace_notitle_px1152_prompt2,vlms-are-biased-notitle/chess_pieces/images/chess_pieces_004_replace_blackbishop_to_blackpawn_at_c8_notitle_px1152.png,Chess Pieces,Chess Pieces,"Count the Pawn pieces on this board. Answer with a number in curly brackets, e.g., {9}.",17,16,False,Q2,1152,main
chess_pieces_005_remove_notitle_px384_prompt1,vlms-are-biased-notitle/chess_pieces/images/chess_pieces_005_remove_whiteking_at_e1_notitle_px384.png,Chess Pieces,Chess Pieces,"How many chess pieces are there on this board? Answer with a number in curly brackets, e.g., {9}.",31,32,False,Q1,384,main
chess_pieces_005_remove_notitle_px384_prompt2,vlms-are-biased-notitle/chess_pieces/images/chess_pieces_005_remove_whiteking_at_e1_notitle_px384.png,Chess Pieces,Chess Pieces,"Count the chess pieces on this board. Answer with a number in curly brackets, e.g., {9}.",31,32,False,Q2,384,main
chess_pieces_005_remove_notitle_px768_prompt1,vlms-are-biased-notitle/chess_pieces/images/chess_pieces_005_remove_whiteking_at_e1_notitle_px768.png,Chess Pieces,Chess Pieces,"How many chess pieces are there on this board? Answer with a number in curly brackets, e.g., {9}.",31,32,False,Q1,768,main
chess_pieces_005_remove_notitle_px768_prompt2,vlms-are-biased-notitle/chess_pieces/images/chess_pieces_005_remove_whiteking_at_e1_notitle_px768.png,Chess Pieces,Chess Pieces,"Count the chess pieces on this board. Answer with a number in curly brackets, e.g., {9}.",31,32,False,Q2,768,main
chess_pieces_005_remove_notitle_px1152_prompt1,vlms-are-biased-notitle/chess_pieces/images/chess_pieces_005_remove_whiteking_at_e1_notitle_px1152.png,Chess Pieces,Chess Pieces,"How many chess pieces are there on this board? Answer with a number in curly brackets, e.g., {9}.",31,32,False,Q1,1152,main
chess_pieces_005_remove_notitle_px1152_prompt2,vlms-are-biased-notitle/chess_pieces/images/chess_pieces_005_remove_whiteking_at_e1_notitle_px1152.png,Chess Pieces,Chess Pieces,"Count the chess pieces on this board. Answer with a number in curly brackets, e.g., {9}.",31,32,False,Q2,1152,main
chess_pieces_005_replace_notitle_px384_prompt1,vlms-are-biased-notitle/chess_pieces/images/chess_pieces_005_replace_whiteking_to_whiterook_at_e1_notitle_px384.png,Chess Pieces,Chess Pieces,"How many Rook pieces are there on this board? Answer with a number in curly brackets, e.g., {9}.",5,4,False,Q1,384,main
chess_pieces_005_replace_notitle_px384_prompt2,vlms-are-biased-notitle/chess_pieces/images/chess_pieces_005_replace_whiteking_to_whiterook_at_e1_notitle_px384.png,Chess Pieces,Chess Pieces,"Count the Rook pieces on this board. Answer with a number in curly brackets, e.g., {9}.",5,4,False,Q2,384,main
chess_pieces_005_replace_notitle_px768_prompt1,vlms-are-biased-notitle/chess_pieces/images/chess_pieces_005_replace_whiteking_to_whiterook_at_e1_notitle_px768.png,Chess Pieces,Chess Pieces,"How many Rook pieces are there on this board? Answer with a number in curly brackets, e.g., {9}.",5,4,False,Q1,768,main
chess_pieces_005_replace_notitle_px768_prompt2,vlms-are-biased-notitle/chess_pieces/images/chess_pieces_005_replace_whiteking_to_whiterook_at_e1_notitle_px768.png,Chess Pieces,Chess Pieces,"Count the Rook pieces on this board. Answer with a number in curly brackets, e.g., {9}.",5,4,False,Q2,768,main
chess_pieces_005_replace_notitle_px1152_prompt1,vlms-are-biased-notitle/chess_pieces/images/chess_pieces_005_replace_whiteking_to_whiterook_at_e1_notitle_px1152.png,Chess Pieces,Chess Pieces,"How many Rook pieces are there on this board? Answer with a number in curly brackets, e.g., {9}.",5,4,False,Q1,1152,main
chess_pieces_005_replace_notitle_px1152_prompt2,vlms-are-biased-notitle/chess_pieces/images/chess_pieces_005_replace_whiteking_to_whiterook_at_e1_notitle_px1152.png,Chess Pieces,Chess Pieces,"Count the Rook pieces on this board. Answer with a number in curly brackets, e.g., {9}.",5,4,False,Q2,1152,main
chess_pieces_006_remove_notitle_px384_prompt1,vlms-are-biased-notitle/chess_pieces/images/chess_pieces_006_remove_whitepawn_at_c2_notitle_px384.png,Chess Pieces,Chess Pieces,"How many chess pieces are there on this board? Answer with a number in curly brackets, e.g., {9}.",31,32,False,Q1,384,main
chess_pieces_006_remove_notitle_px384_prompt2,vlms-are-biased-notitle/chess_pieces/images/chess_pieces_006_remove_whitepawn_at_c2_notitle_px384.png,Chess Pieces,Chess Pieces,"Count the chess pieces on this board. Answer with a number in curly brackets, e.g., {9}.",31,32,False,Q2,384,main
chess_pieces_006_remove_notitle_px768_prompt1,vlms-are-biased-notitle/chess_pieces/images/chess_pieces_006_remove_whitepawn_at_c2_notitle_px768.png,Chess Pieces,Chess Pieces,"How many chess pieces are there on this board? Answer with a number in curly brackets, e.g., {9}.",31,32,False,Q1,768,main
chess_pieces_006_remove_notitle_px768_prompt2,vlms-are-biased-notitle/chess_pieces/images/chess_pieces_006_remove_whitepawn_at_c2_notitle_px768.png,Chess Pieces,Chess Pieces,"Count the chess pieces on this board. Answer with a number in curly brackets, e.g., {9}.",31,32,False,Q2,768,main
chess_pieces_006_remove_notitle_px1152_prompt1,vlms-are-biased-notitle/chess_pieces/images/chess_pieces_006_remove_whitepawn_at_c2_notitle_px1152.png,Chess Pieces,Chess Pieces,"How many chess pieces are there on this board? Answer with a number in curly brackets, e.g., {9}.",31,32,False,Q1,1152,main
chess_pieces_006_remove_notitle_px1152_prompt2,vlms-are-biased-notitle/chess_pieces/images/chess_pieces_006_remove_whitepawn_at_c2_notitle_px1152.png,Chess Pieces,Chess Pieces,"Count the chess pieces on this board. Answer with a number in curly brackets, e.g., {9}.",31,32,False,Q2,1152,main
chess_pieces_006_replace_notitle_px384_prompt1,vlms-are-biased-notitle/chess_pieces/images/chess_pieces_006_replace_whitepawn_to_whiteking_at_c2_notitle_px384.png,Chess Pieces,Chess Pieces,"How many King pieces are there on this board? Answer with a number in curly brackets, e.g., {9}.",3,2,False,Q1,384,main
chess_pieces_006_replace_notitle_px384_prompt2,vlms-are-biased-notitle/chess_pieces/images/chess_pieces_006_replace_whitepawn_to_whiteking_at_c2_notitle_px384.png,Chess Pieces,Chess Pieces,"Count the King pieces on this board. Answer with a number in curly brackets, e.g., {9}.",3,2,False,Q2,384,main
chess_pieces_006_replace_notitle_px768_prompt1,vlms-are-biased-notitle/chess_pieces/images/chess_pieces_006_replace_whitepawn_to_whiteking_at_c2_notitle_px768.png,Chess Pieces,Chess Pieces,"How many King pieces are there on this board? Answer with a number in curly brackets, e.g., {9}.",3,2,False,Q1,768,main
chess_pieces_006_replace_notitle_px768_prompt2,vlms-are-biased-notitle/chess_pieces/images/chess_pieces_006_replace_whitepawn_to_whiteking_at_c2_notitle_px768.png,Chess Pieces,Chess Pieces,"Count the King pieces on this board. Answer with a number in curly brackets, e.g., {9}.",3,2,False,Q2,768,main
chess_pieces_006_replace_notitle_px1152_prompt1,vlms-are-biased-notitle/chess_pieces/images/chess_pieces_006_replace_whitepawn_to_whiteking_at_c2_notitle_px1152.png,Chess Pieces,Chess Pieces,"How many King pieces are there on this board? Answer with a number in curly brackets, e.g., {9}.",3,2,False,Q1,1152,main
chess_pieces_006_replace_notitle_px1152_prompt2,vlms-are-biased-notitle/chess_pieces/images/chess_pieces_006_replace_whitepawn_to_whiteking_at_c2_notitle_px1152.png,Chess Pieces,Chess Pieces,"Count the King pieces on this board. Answer with a number in curly brackets, e.g., {9}.",3,2,False,Q2,1152,main
chess_pieces_007_remove_notitle_px384_prompt1,vlms-are-biased-notitle/chess_pieces/images/chess_pieces_007_remove_blackpawn_at_h7_notitle_px384.png,Chess Pieces,Chess Pieces,"How many chess pieces are there on this board? Answer with a number in curly brackets, e.g., {9}.",31,32,False,Q1,384,main
chess_pieces_007_remove_notitle_px384_prompt2,vlms-are-biased-notitle/chess_pieces/images/chess_pieces_007_remove_blackpawn_at_h7_notitle_px384.png,Chess Pieces,Chess Pieces,"Count the chess pieces on this board. Answer with a number in curly brackets, e.g., {9}.",31,32,False,Q2,384,main
chess_pieces_007_remove_notitle_px768_prompt1,vlms-are-biased-notitle/chess_pieces/images/chess_pieces_007_remove_blackpawn_at_h7_notitle_px768.png,Chess Pieces,Chess Pieces,"How many chess pieces are there on this board? Answer with a number in curly brackets, e.g., {9}.",31,32,False,Q1,768,main
chess_pieces_007_remove_notitle_px768_prompt2,vlms-are-biased-notitle/chess_pieces/images/chess_pieces_007_remove_blackpawn_at_h7_notitle_px768.png,Chess Pieces,Chess Pieces,"Count the chess pieces on this board. Answer with a number in curly brackets, e.g., {9}.",31,32,False,Q2,768,main
chess_pieces_007_remove_notitle_px1152_prompt1,vlms-are-biased-notitle/chess_pieces/images/chess_pieces_007_remove_blackpawn_at_h7_notitle_px1152.png,Chess Pieces,Chess Pieces,"How many chess pieces are there on this board? Answer with a number in curly brackets, e.g., {9}.",31,32,False,Q1,1152,main
chess_pieces_007_remove_notitle_px1152_prompt2,vlms-are-biased-notitle/chess_pieces/images/chess_pieces_007_remove_blackpawn_at_h7_notitle_px1152.png,Chess Pieces,Chess Pieces,"Count the chess pieces on this board. Answer with a number in curly brackets, e.g., {9}.",31,32,False,Q2,1152,main
chess_pieces_007_replace_notitle_px384_prompt1,vlms-are-biased-notitle/chess_pieces/images/chess_pieces_007_replace_blackpawn_to_blackking_at_h7_notitle_px384.png,Chess Pieces,Chess Pieces,"How many King pieces are there on this board? Answer with a number in curly brackets, e.g., {9}.",3,2,False,Q1,384,main
chess_pieces_007_replace_notitle_px384_prompt2,vlms-are-biased-notitle/chess_pieces/images/chess_pieces_007_replace_blackpawn_to_blackking_at_h7_notitle_px384.png,Chess Pieces,Chess Pieces,"Count the King pieces on this board. Answer with a number in curly brackets, e.g., {9}.",3,2,False,Q2,384,main
chess_pieces_007_replace_notitle_px768_prompt1,vlms-are-biased-notitle/chess_pieces/images/chess_pieces_007_replace_blackpawn_to_blackking_at_h7_notitle_px768.png,Chess Pieces,Chess Pieces,"How many King pieces are there on this board? Answer with a number in curly brackets, e.g., {9}.",3,2,False,Q1,768,main
chess_pieces_007_replace_notitle_px768_prompt2,vlms-are-biased-notitle/chess_pieces/images/chess_pieces_007_replace_blackpawn_to_blackking_at_h7_notitle_px768.png,Chess Pieces,Chess Pieces,"Count the King pieces on this board. Answer with a number in curly brackets, e.g., {9}.",3,2,False,Q2,768,main
chess_pieces_007_replace_notitle_px1152_prompt1,vlms-are-biased-notitle/chess_pieces/images/chess_pieces_007_replace_blackpawn_to_blackking_at_h7_notitle_px1152.png,Chess Pieces,Chess Pieces,"How many King pieces are there on this board? Answer with a number in curly brackets, e.g., {9}.",3,2,False,Q1,1152,main
chess_pieces_007_replace_notitle_px1152_prompt2,vlms-are-biased-notitle/chess_pieces/images/chess_pieces_007_replace_blackpawn_to_blackking_at_h7_notitle_px1152.png,Chess Pieces,Chess Pieces,"Count the King pieces on this board. Answer with a number in curly brackets, e.g., {9}.",3,2,False,Q2,1152,main
chess_pieces_008_remove_notitle_px384_prompt1,vlms-are-biased-notitle/chess_pieces/images/chess_pieces_008_remove_blackbishop_at_f8_notitle_px384.png,Chess Pieces,Chess Pieces,"How many chess pieces are there on this board? Answer with a number in curly brackets, e.g., {9}.",31,32,False,Q1,384,main
chess_pieces_008_remove_notitle_px384_prompt2,vlms-are-biased-notitle/chess_pieces/images/chess_pieces_008_remove_blackbishop_at_f8_notitle_px384.png,Chess Pieces,Chess Pieces,"Count the chess pieces on this board. Answer with a number in curly brackets, e.g., {9}.",31,32,False,Q2,384,main
chess_pieces_008_remove_notitle_px768_prompt1,vlms-are-biased-notitle/chess_pieces/images/chess_pieces_008_remove_blackbishop_at_f8_notitle_px768.png,Chess Pieces,Chess Pieces,"How many chess pieces are there on this board? Answer with a number in curly brackets, e.g., {9}.",31,32,False,Q1,768,main
chess_pieces_008_remove_notitle_px768_prompt2,vlms-are-biased-notitle/chess_pieces/images/chess_pieces_008_remove_blackbishop_at_f8_notitle_px768.png,Chess Pieces,Chess Pieces,"Count the chess pieces on this board. Answer with a number in curly brackets, e.g., {9}.",31,32,False,Q2,768,main
chess_pieces_008_remove_notitle_px1152_prompt1,vlms-are-biased-notitle/chess_pieces/images/chess_pieces_008_remove_blackbishop_at_f8_notitle_px1152.png,Chess Pieces,Chess Pieces,"How many chess pieces are there on this board? Answer with a number in curly brackets, e.g., {9}.",31,32,False,Q1,1152,main
chess_pieces_008_remove_notitle_px1152_prompt2,vlms-are-biased-notitle/chess_pieces/images/chess_pieces_008_remove_blackbishop_at_f8_notitle_px1152.png,Chess Pieces,Chess Pieces,"Count the chess pieces on this board. Answer with a number in curly brackets, e.g., {9}.",31,32,False,Q2,1152,main
chess_pieces_008_replace_notitle_px384_prompt1,vlms-are-biased-notitle/chess_pieces/images/chess_pieces_008_replace_blackbishop_to_blackqueen_at_f8_notitle_px384.png,Chess Pieces,Chess Pieces,"How many Queen pieces are there on this board? Answer with a number in curly brackets, e.g., {9}.",3,2,False,Q1,384,main
chess_pieces_008_replace_notitle_px384_prompt2,vlms-are-biased-notitle/chess_pieces/images/chess_pieces_008_replace_blackbishop_to_blackqueen_at_f8_notitle_px384.png,Chess Pieces,Chess Pieces,"Count the Queen pieces on this board. Answer with a number in curly brackets, e.g., {9}.",3,2,False,Q2,384,main
chess_pieces_008_replace_notitle_px768_prompt1,vlms-are-biased-notitle/chess_pieces/images/chess_pieces_008_replace_blackbishop_to_blackqueen_at_f8_notitle_px768.png,Chess Pieces,Chess Pieces,"How many Queen pieces are there on this board? Answer with a number in curly brackets, e.g., {9}.",3,2,False,Q1,768,main
chess_pieces_008_replace_notitle_px768_prompt2,vlms-are-biased-notitle/chess_pieces/images/chess_pieces_008_replace_blackbishop_to_blackqueen_at_f8_notitle_px768.png,Chess Pieces,Chess Pieces,"Count the Queen pieces on this board. Answer with a number in curly brackets, e.g., {9}.",3,2,False,Q2,768,main
chess_pieces_008_replace_notitle_px1152_prompt1,vlms-are-biased-notitle/chess_pieces/images/chess_pieces_008_replace_blackbishop_to_blackqueen_at_f8_notitle_px1152.png,Chess Pieces,Chess Pieces,"How many Queen pieces are there on this board? Answer with a number in curly brackets, e.g., {9}.",3,2,False,Q1,1152,main
chess_pieces_008_replace_notitle_px1152_prompt2,vlms-are-biased-notitle/chess_pieces/images/chess_pieces_008_replace_blackbishop_to_blackqueen_at_f8_notitle_px1152.png,Chess Pieces,Chess Pieces,"Count the Queen pieces on this board. Answer with a number in curly brackets, e.g., {9}.",3,2,False,Q2,1152,main
chess_pieces_009_remove_notitle_px384_prompt1,vlms-are-biased-notitle/chess_pieces/images/chess_pieces_009_remove_whitepawn_at_g2_notitle_px384.png,Chess Pieces,Chess Pieces,"How many chess pieces are there on this board? Answer with a number in curly brackets, e.g., {9}.",31,32,False,Q1,384,main
chess_pieces_009_remove_notitle_px384_prompt2,vlms-are-biased-notitle/chess_pieces/images/chess_pieces_009_remove_whitepawn_at_g2_notitle_px384.png,Chess Pieces,Chess Pieces,"Count the chess pieces on this board. Answer with a number in curly brackets, e.g., {9}.",31,32,False,Q2,384,main
chess_pieces_009_remove_notitle_px768_prompt1,vlms-are-biased-notitle/chess_pieces/images/chess_pieces_009_remove_whitepawn_at_g2_notitle_px768.png,Chess Pieces,Chess Pieces,"How many chess pieces are there on this board? Answer with a number in curly brackets, e.g., {9}.",31,32,False,Q1,768,main
chess_pieces_009_remove_notitle_px768_prompt2,vlms-are-biased-notitle/chess_pieces/images/chess_pieces_009_remove_whitepawn_at_g2_notitle_px768.png,Chess Pieces,Chess Pieces,"Count the chess pieces on this board. Answer with a number in curly brackets, e.g., {9}.",31,32,False,Q2,768,main
chess_pieces_009_remove_notitle_px1152_prompt1,vlms-are-biased-notitle/chess_pieces/images/chess_pieces_009_remove_whitepawn_at_g2_notitle_px1152.png,Chess Pieces,Chess Pieces,"How many chess pieces are there on this board? Answer with a number in curly brackets, e.g., {9}.",31,32,False,Q1,1152,main
chess_pieces_009_remove_notitle_px1152_prompt2,vlms-are-biased-notitle/chess_pieces/images/chess_pieces_009_remove_whitepawn_at_g2_notitle_px1152.png,Chess Pieces,Chess Pieces,"Count the chess pieces on this board. Answer with a number in curly brackets, e.g., {9}.",31,32,False,Q2,1152,main
chess_pieces_009_replace_notitle_px384_prompt1,vlms-are-biased-notitle/chess_pieces/images/chess_pieces_009_replace_whitepawn_to_whiterook_at_g2_notitle_px384.png,Chess Pieces,Chess Pieces,"How many Rook pieces are there on this board? Answer with a number in curly brackets, e.g., {9}.",5,4,False,Q1,384,main
chess_pieces_009_replace_notitle_px384_prompt2,vlms-are-biased-notitle/chess_pieces/images/chess_pieces_009_replace_whitepawn_to_whiterook_at_g2_notitle_px384.png,Chess Pieces,Chess Pieces,"Count the Rook pieces on this board. Answer with a number in curly brackets, e.g., {9}.",5,4,False,Q2,384,main
chess_pieces_009_replace_notitle_px768_prompt1,vlms-are-biased-notitle/chess_pieces/images/chess_pieces_009_replace_whitepawn_to_whiterook_at_g2_notitle_px768.png,Chess Pieces,Chess Pieces,"How many Rook pieces are there on this board? Answer with a number in curly brackets, e.g., {9}.",5,4,False,Q1,768,main
chess_pieces_009_replace_notitle_px768_prompt2,vlms-are-biased-notitle/chess_pieces/images/chess_pieces_009_replace_whitepawn_to_whiterook_at_g2_notitle_px768.png,Chess Pieces,Chess Pieces,"Count the Rook pieces on this board. Answer with a number in curly brackets, e.g., {9}.",5,4,False,Q2,768,main
chess_pieces_009_replace_notitle_px1152_prompt1,vlms-are-biased-notitle/chess_pieces/images/chess_pieces_009_replace_whitepawn_to_whiterook_at_g2_notitle_px1152.png,Chess Pieces,Chess Pieces,"How many Rook pieces are there on this board? Answer with a number in curly brackets, e.g., {9}.",5,4,False,Q1,1152,main
chess_pieces_009_replace_notitle_px1152_prompt2,vlms-are-biased-notitle/chess_pieces/images/chess_pieces_009_replace_whitepawn_to_whiterook_at_g2_notitle_px1152.png,Chess Pieces,Chess Pieces,"Count the Rook pieces on this board. Answer with a number in curly brackets, e.g., {9}.",5,4,False,Q2,1152,main
chess_pieces_010_remove_notitle_px384_prompt1,vlms-are-biased-notitle/chess_pieces/images/chess_pieces_010_remove_whitebishop_at_f1_notitle_px384.png,Chess Pieces,Chess Pieces,"How many chess pieces are there on this board? Answer with a number in curly brackets, e.g., {9}.",31,32,False,Q1,384,main
chess_pieces_010_remove_notitle_px384_prompt2,vlms-are-biased-notitle/chess_pieces/images/chess_pieces_010_remove_whitebishop_at_f1_notitle_px384.png,Chess Pieces,Chess Pieces,"Count the chess pieces on this board. Answer with a number in curly brackets, e.g., {9}.",31,32,False,Q2,384,main
chess_pieces_010_remove_notitle_px768_prompt1,vlms-are-biased-notitle/chess_pieces/images/chess_pieces_010_remove_whitebishop_at_f1_notitle_px768.png,Chess Pieces,Chess Pieces,"How many chess pieces are there on this board? Answer with a number in curly brackets, e.g., {9}.",31,32,False,Q1,768,main
chess_pieces_010_remove_notitle_px768_prompt2,vlms-are-biased-notitle/chess_pieces/images/chess_pieces_010_remove_whitebishop_at_f1_notitle_px768.png,Chess Pieces,Chess Pieces,"Count the chess pieces on this board. Answer with a number in curly brackets, e.g., {9}.",31,32,False,Q2,768,main
chess_pieces_010_remove_notitle_px1152_prompt1,vlms-are-biased-notitle/chess_pieces/images/chess_pieces_010_remove_whitebishop_at_f1_notitle_px1152.png,Chess Pieces,Chess Pieces,"How many chess pieces are there on this board? Answer with a number in curly brackets, e.g., {9}.",31,32,False,Q1,1152,main
chess_pieces_010_remove_notitle_px1152_prompt2,vlms-are-biased-notitle/chess_pieces/images/chess_pieces_010_remove_whitebishop_at_f1_notitle_px1152.png,Chess Pieces,Chess Pieces,"Count the chess pieces on this board. Answer with a number in curly brackets, e.g., {9}.",31,32,False,Q2,1152,main
chess_pieces_010_replace_notitle_px384_prompt1,vlms-are-biased-notitle/chess_pieces/images/chess_pieces_010_replace_whitebishop_to_whiteknight_at_f1_notitle_px384.png,Chess Pieces,Chess Pieces,"How many Knight pieces are there on this board? Answer with a number in curly brackets, e.g., {9}.",5,4,False,Q1,384,main
chess_pieces_010_replace_notitle_px384_prompt2,vlms-are-biased-notitle/chess_pieces/images/chess_pieces_010_replace_whitebishop_to_whiteknight_at_f1_notitle_px384.png,Chess Pieces,Chess Pieces,"Count the Knight pieces on this board. Answer with a number in curly brackets, e.g., {9}.",5,4,False,Q2,384,main
chess_pieces_010_replace_notitle_px768_prompt1,vlms-are-biased-notitle/chess_pieces/images/chess_pieces_010_replace_whitebishop_to_whiteknight_at_f1_notitle_px768.png,Chess Pieces,Chess Pieces,"How many Knight pieces are there on this board? Answer with a number in curly brackets, e.g., {9}.",5,4,False,Q1,768,main
chess_pieces_010_replace_notitle_px768_prompt2,vlms-are-biased-notitle/chess_pieces/images/chess_pieces_010_replace_whitebishop_to_whiteknight_at_f1_notitle_px768.png,Chess Pieces,Chess Pieces,"Count the Knight pieces on this board. Answer with a number in curly brackets, e.g., {9}.",5,4,False,Q2,768,main
chess_pieces_010_replace_notitle_px1152_prompt1,vlms-are-biased-notitle/chess_pieces/images/chess_pieces_010_replace_whitebishop_to_whiteknight_at_f1_notitle_px1152.png,Chess Pieces,Chess Pieces,"How many Knight pieces are there on this board? Answer with a number in curly brackets, e.g., {9}.",5,4,False,Q1,1152,main
chess_pieces_010_replace_notitle_px1152_prompt2,vlms-are-biased-notitle/chess_pieces/images/chess_pieces_010_replace_whitebishop_to_whiteknight_at_f1_notitle_px1152.png,Chess Pieces,Chess Pieces,"Count the Knight pieces on this board. Answer with a number in curly brackets, e.g., {9}.",5,4,False,Q2,1152,main
chess_pieces_011_remove_notitle_px384_prompt1,vlms-are-biased-notitle/chess_pieces/images/chess_pieces_011_remove_blackpawn_at_d7_notitle_px384.png,Chess Pieces,Chess Pieces,"How many chess pieces are there on this board? Answer with a number in curly brackets, e.g., {9}.",31,32,False,Q1,384,main
chess_pieces_011_remove_notitle_px384_prompt2,vlms-are-biased-notitle/chess_pieces/images/chess_pieces_011_remove_blackpawn_at_d7_notitle_px384.png,Chess Pieces,Chess Pieces,"Count the chess pieces on this board. Answer with a number in curly brackets, e.g., {9}.",31,32,False,Q2,384,main
chess_pieces_011_remove_notitle_px768_prompt1,vlms-are-biased-notitle/chess_pieces/images/chess_pieces_011_remove_blackpawn_at_d7_notitle_px768.png,Chess Pieces,Chess Pieces,"How many chess pieces are there on this board? Answer with a number in curly brackets, e.g., {9}.",31,32,False,Q1,768,main
chess_pieces_011_remove_notitle_px768_prompt2,vlms-are-biased-notitle/chess_pieces/images/chess_pieces_011_remove_blackpawn_at_d7_notitle_px768.png,Chess Pieces,Chess Pieces,"Count the chess pieces on this board. Answer with a number in curly brackets, e.g., {9}.",31,32,False,Q2,768,main
chess_pieces_011_remove_notitle_px1152_prompt1,vlms-are-biased-notitle/chess_pieces/images/chess_pieces_011_remove_blackpawn_at_d7_notitle_px1152.png,Chess Pieces,Chess Pieces,"How many chess pieces are there on this board? Answer with a number in curly brackets, e.g., {9}.",31,32,False,Q1,1152,main
chess_pieces_011_remove_notitle_px1152_prompt2,vlms-are-biased-notitle/chess_pieces/images/chess_pieces_011_remove_blackpawn_at_d7_notitle_px1152.png,Chess Pieces,Chess Pieces,"Count the chess pieces on this board. Answer with a number in curly brackets, e.g., {9}.",31,32,False,Q2,1152,main
chess_pieces_011_replace_notitle_px384_prompt1,vlms-are-biased-notitle/chess_pieces/images/chess_pieces_011_replace_blackpawn_to_blackrook_at_d7_notitle_px384.png,Chess Pieces,Chess Pieces,"How many Rook pieces are there on this board? Answer with a number in curly brackets, e.g., {9}.",5,4,False,Q1,384,main
chess_pieces_011_replace_notitle_px384_prompt2,vlms-are-biased-notitle/chess_pieces/images/chess_pieces_011_replace_blackpawn_to_blackrook_at_d7_notitle_px384.png,Chess Pieces,Chess Pieces,"Count the Rook pieces on this board. Answer with a number in curly brackets, e.g., {9}.",5,4,False,Q2,384,main
chess_pieces_011_replace_notitle_px768_prompt1,vlms-are-biased-notitle/chess_pieces/images/chess_pieces_011_replace_blackpawn_to_blackrook_at_d7_notitle_px768.png,Chess Pieces,Chess Pieces,"How many Rook pieces are there on this board? Answer with a number in curly brackets, e.g., {9}.",5,4,False,Q1,768,main
chess_pieces_011_replace_notitle_px768_prompt2,vlms-are-biased-notitle/chess_pieces/images/chess_pieces_011_replace_blackpawn_to_blackrook_at_d7_notitle_px768.png,Chess Pieces,Chess Pieces,"Count the Rook pieces on this board. Answer with a number in curly brackets, e.g., {9}.",5,4,False,Q2,768,main
chess_pieces_011_replace_notitle_px1152_prompt1,vlms-are-biased-notitle/chess_pieces/images/chess_pieces_011_replace_blackpawn_to_blackrook_at_d7_notitle_px1152.png,Chess Pieces,Chess Pieces,"How many Rook pieces are there on this board? Answer with a number in curly brackets, e.g., {9}.",5,4,False,Q1,1152,main
chess_pieces_011_replace_notitle_px1152_prompt2,vlms-are-biased-notitle/chess_pieces/images/chess_pieces_011_replace_blackpawn_to_blackrook_at_d7_notitle_px1152.png,Chess Pieces,Chess Pieces,"Count the Rook pieces on this board. Answer with a number in curly brackets, e.g., {9}.",5,4,False,Q2,1152,main
chess_pieces_012_remove_notitle_px384_prompt1,vlms-are-biased-notitle/chess_pieces/images/chess_pieces_012_remove_whiteknight_at_b1_notitle_px384.png,Chess Pieces,Chess Pieces,"How many chess pieces are there on this board? Answer with a number in curly brackets, e.g., {9}.",31,32,False,Q1,384,main
chess_pieces_012_remove_notitle_px384_prompt2,vlms-are-biased-notitle/chess_pieces/images/chess_pieces_012_remove_whiteknight_at_b1_notitle_px384.png,Chess Pieces,Chess Pieces,"Count the chess pieces on this board. Answer with a number in curly brackets, e.g., {9}.",31,32,False,Q2,384,main
chess_pieces_012_remove_notitle_px768_prompt1,vlms-are-biased-notitle/chess_pieces/images/chess_pieces_012_remove_whiteknight_at_b1_notitle_px768.png,Chess Pieces,Chess Pieces,"How many chess pieces are there on this board? Answer with a number in curly brackets, e.g., {9}.",31,32,False,Q1,768,main
chess_pieces_012_remove_notitle_px768_prompt2,vlms-are-biased-notitle/chess_pieces/images/chess_pieces_012_remove_whiteknight_at_b1_notitle_px768.png,Chess Pieces,Chess Pieces,"Count the chess pieces on this board. Answer with a number in curly brackets, e.g., {9}.",31,32,False,Q2,768,main
chess_pieces_012_remove_notitle_px1152_prompt1,vlms-are-biased-notitle/chess_pieces/images/chess_pieces_012_remove_whiteknight_at_b1_notitle_px1152.png,Chess Pieces,Chess Pieces,"How many chess pieces are there on this board? Answer with a number in curly brackets, e.g., {9}.",31,32,False,Q1,1152,main
chess_pieces_012_remove_notitle_px1152_prompt2,vlms-are-biased-notitle/chess_pieces/images/chess_pieces_012_remove_whiteknight_at_b1_notitle_px1152.png,Chess Pieces,Chess Pieces,"Count the chess pieces on this board. Answer with a number in curly brackets, e.g., {9}.",31,32,False,Q2,1152,main
chess_pieces_012_replace_notitle_px384_prompt1,vlms-are-biased-notitle/chess_pieces/images/chess_pieces_012_replace_whiteknight_to_whiterook_at_b1_notitle_px384.png,Chess Pieces,Chess Pieces,"How many Rook pieces are there on this board? Answer with a number in curly brackets, e.g., {9}.",5,4,False,Q1,384,main
chess_pieces_012_replace_notitle_px384_prompt2,vlms-are-biased-notitle/chess_pieces/images/chess_pieces_012_replace_whiteknight_to_whiterook_at_b1_notitle_px384.png,Chess Pieces,Chess Pieces,"Count the Rook pieces on this board. Answer with a number in curly brackets, e.g., {9}.",5,4,False,Q2,384,main
chess_pieces_012_replace_notitle_px768_prompt1,vlms-are-biased-notitle/chess_pieces/images/chess_pieces_012_replace_whiteknight_to_whiterook_at_b1_notitle_px768.png,Chess Pieces,Chess Pieces,"How many Rook pieces are there on this board? Answer with a number in curly brackets, e.g., {9}.",5,4,False,Q1,768,main
chess_pieces_012_replace_notitle_px768_prompt2,vlms-are-biased-notitle/chess_pieces/images/chess_pieces_012_replace_whiteknight_to_whiterook_at_b1_notitle_px768.png,Chess Pieces,Chess Pieces,"Count the Rook pieces on this board. Answer with a number in curly brackets, e.g., {9}.",5,4,False,Q2,768,main
chess_pieces_012_replace_notitle_px1152_prompt1,vlms-are-biased-notitle/chess_pieces/images/chess_pieces_012_replace_whiteknight_to_whiterook_at_b1_notitle_px1152.png,Chess Pieces,Chess Pieces,"How many Rook pieces are there on this board? Answer with a number in curly brackets, e.g., {9}.",5,4,False,Q1,1152,main
chess_pieces_012_replace_notitle_px1152_prompt2,vlms-are-biased-notitle/chess_pieces/images/chess_pieces_012_replace_whiteknight_to_whiterook_at_b1_notitle_px1152.png,Chess Pieces,Chess Pieces,"Count the Rook pieces on this board. Answer with a number in curly brackets, e.g., {9}.",5,4,False,Q2,1152,main
Ebbinghaus_001_Q1_notitle_px384,vlms-are-biased-notitle/ebbinghaus/images/Ebbinghaus_001_str3_diff0_notitle_px384.png,Optical Illusion,Ebbinghaus illusion,"Are the two red circles equal in size? Answer in curly brackets, e.g., {Yes} or {No}.",Yes,No,False,Q1,384,main
Ebbinghaus_001_Q2_notitle_px384,vlms-are-biased-notitle/ebbinghaus/images/Ebbinghaus_001_str3_diff0_notitle_px384.png,Optical Illusion,Ebbinghaus illusion,"Do the two red circles have the same size? Answer in curly brackets, e.g., {Yes} or {No}.",Yes,No,False,Q2,384,main
Ebbinghaus_001_Q1_notitle_px768,vlms-are-biased-notitle/ebbinghaus/images/Ebbinghaus_001_str3_diff0_notitle_px768.png,Optical Illusion,Ebbinghaus illusion,"Are the two red circles equal in size? Answer in curly brackets, e.g., {Yes} or {No}.",Yes,No,False,Q1,768,main
Ebbinghaus_001_Q2_notitle_px768,vlms-are-biased-notitle/ebbinghaus/images/Ebbinghaus_001_str3_diff0_notitle_px768.png,Optical Illusion,Ebbinghaus illusion,"Do the two red circles have the same size? Answer in curly brackets, e.g., {Yes} or {No}.",Yes,No,False,Q2,768,main
Ebbinghaus_001_Q1_notitle_px1152,vlms-are-biased-notitle/ebbinghaus/images/Ebbinghaus_001_str3_diff0_notitle_px1152.png,Optical Illusion,Ebbinghaus illusion,"Are the two red circles equal in size? Answer in curly brackets, e.g., {Yes} or {No}.",Yes,No,False,Q1,1152,main
Ebbinghaus_001_Q2_notitle_px1152,vlms-are-biased-notitle/ebbinghaus/images/Ebbinghaus_001_str3_diff0_notitle_px1152.png,Optical Illusion,Ebbinghaus illusion,"Do the two red circles have the same size? Answer in curly brackets, e.g., {Yes} or {No}.",Yes,No,False,Q2,1152,main
Ebbinghaus_002_Q1_notitle_px384,vlms-are-biased-notitle/ebbinghaus/images/Ebbinghaus_002_strneg3_diff0_notitle_px384.png,Optical Illusion,Ebbinghaus illusion,"Are the two red circles equal in size? Answer in curly brackets, e.g., {Yes} or {No}.",Yes,No,False,Q1,384,main
Ebbinghaus_002_Q2_notitle_px384,vlms-are-biased-notitle/ebbinghaus/images/Ebbinghaus_002_strneg3_diff0_notitle_px384.png,Optical Illusion,Ebbinghaus illusion,"Do the two red circles have the same size? Answer in curly brackets, e.g., {Yes} or {No}.",Yes,No,False,Q2,384,main
Ebbinghaus_002_Q1_notitle_px768,vlms-are-biased-notitle/ebbinghaus/images/Ebbinghaus_002_strneg3_diff0_notitle_px768.png,Optical Illusion,Ebbinghaus illusion,"Are the two red circles equal in size? Answer in curly brackets, e.g., {Yes} or {No}.",Yes,No,False,Q1,768,main
Ebbinghaus_002_Q2_notitle_px768,vlms-are-biased-notitle/ebbinghaus/images/Ebbinghaus_002_strneg3_diff0_notitle_px768.png,Optical Illusion,Ebbinghaus illusion,"Do the two red circles have the same size? Answer in curly brackets, e.g., {Yes} or {No}.",Yes,No,False,Q2,768,main
Ebbinghaus_002_Q1_notitle_px1152,vlms-are-biased-notitle/ebbinghaus/images/Ebbinghaus_002_strneg3_diff0_notitle_px1152.png,Optical Illusion,Ebbinghaus illusion,"Are the two red circles equal in size? Answer in curly brackets, e.g., {Yes} or {No}.",Yes,No,False,Q1,1152,main
Ebbinghaus_002_Q2_notitle_px1152,vlms-are-biased-notitle/ebbinghaus/images/Ebbinghaus_002_strneg3_diff0_notitle_px1152.png,Optical Illusion,Ebbinghaus illusion,"Do the two red circles have the same size? Answer in curly brackets, e.g., {Yes} or {No}.",Yes,No,False,Q2,1152,main
Ebbinghaus_003_Q1_notitle_px384,vlms-are-biased-notitle/ebbinghaus/images/Ebbinghaus_003_str4_diff0_notitle_px384.png,Optical Illusion,Ebbinghaus illusion,"Are the two red circles equal in size? Answer in curly brackets, e.g., {Yes} or {No}.",Yes,No,False,Q1,384,main
Ebbinghaus_003_Q2_notitle_px384,vlms-are-biased-notitle/ebbinghaus/images/Ebbinghaus_003_str4_diff0_notitle_px384.png,Optical Illusion,Ebbinghaus illusion,"Do the two red circles have the same size? Answer in curly brackets, e.g., {Yes} or {No}.",Yes,No,False,Q2,384,main
Ebbinghaus_003_Q1_notitle_px768,vlms-are-biased-notitle/ebbinghaus/images/Ebbinghaus_003_str4_diff0_notitle_px768.png,Optical Illusion,Ebbinghaus illusion,"Are the two red circles equal in size? Answer in curly brackets, e.g., {Yes} or {No}.",Yes,No,False,Q1,768,main
Ebbinghaus_003_Q2_notitle_px768,vlms-are-biased-notitle/ebbinghaus/images/Ebbinghaus_003_str4_diff0_notitle_px768.png,Optical Illusion,Ebbinghaus illusion,"Do the two red circles have the same size? Answer in curly brackets, e.g., {Yes} or {No}.",Yes,No,False,Q2,768,main
Ebbinghaus_003_Q1_notitle_px1152,vlms-are-biased-notitle/ebbinghaus/images/Ebbinghaus_003_str4_diff0_notitle_px1152.png,Optical Illusion,Ebbinghaus illusion,"Are the two red circles equal in size? Answer in curly brackets, e.g., {Yes} or {No}.",Yes,No,False,Q1,1152,main
Ebbinghaus_003_Q2_notitle_px1152,vlms-are-biased-notitle/ebbinghaus/images/Ebbinghaus_003_str4_diff0_notitle_px1152.png,Optical Illusion,Ebbinghaus illusion,"Do the two red circles have the same size? Answer in curly brackets, e.g., {Yes} or {No}.",Yes,No,False,Q2,1152,main
Ebbinghaus_004_Q1_notitle_px384,vlms-are-biased-notitle/ebbinghaus/images/Ebbinghaus_004_strneg4_diff0_notitle_px384.png,Optical Illusion,Ebbinghaus illusion,"Are the two red circles equal in size? Answer in curly brackets, e.g., {Yes} or {No}.",Yes,No,False,Q1,384,main
Ebbinghaus_004_Q2_notitle_px384,vlms-are-biased-notitle/ebbinghaus/images/Ebbinghaus_004_strneg4_diff0_notitle_px384.png,Optical Illusion,Ebbinghaus illusion,"Do the two red circles have the same size? Answer in curly brackets, e.g., {Yes} or {No}.",Yes,No,False,Q2,384,main
Ebbinghaus_004_Q1_notitle_px768,vlms-are-biased-notitle/ebbinghaus/images/Ebbinghaus_004_strneg4_diff0_notitle_px768.png,Optical Illusion,Ebbinghaus illusion,"Are the two red circles equal in size? Answer in curly brackets, e.g., {Yes} or {No}.",Yes,No,False,Q1,768,main
Ebbinghaus_004_Q2_notitle_px768,vlms-are-biased-notitle/ebbinghaus/images/Ebbinghaus_004_strneg4_diff0_notitle_px768.png,Optical Illusion,Ebbinghaus illusion,"Do the two red circles have the same size? Answer in curly brackets, e.g., {Yes} or {No}.",Yes,No,False,Q2,768,main
Ebbinghaus_004_Q1_notitle_px1152,vlms-are-biased-notitle/ebbinghaus/images/Ebbinghaus_004_strneg4_diff0_notitle_px1152.png,Optical Illusion,Ebbinghaus illusion,"Are the two red circles equal in size? Answer in curly brackets, e.g., {Yes} or {No}.",Yes,No,False,Q1,1152,main
Ebbinghaus_004_Q2_notitle_px1152,vlms-are-biased-notitle/ebbinghaus/images/Ebbinghaus_004_strneg4_diff0_notitle_px1152.png,Optical Illusion,Ebbinghaus illusion,"Do the two red circles have the same size? Answer in curly brackets, e.g., {Yes} or {No}.",Yes,No,False,Q2,1152,main
Ebbinghaus_005_Q1_notitle_px384,vlms-are-biased-notitle/ebbinghaus/images/Ebbinghaus_005_str5_diff0_notitle_px384.png,Optical Illusion,Ebbinghaus illusion,"Are the two red circles equal in size? Answer in curly brackets, e.g., {Yes} or {No}.",Yes,No,False,Q1,384,main
Ebbinghaus_005_Q2_notitle_px384,vlms-are-biased-notitle/ebbinghaus/images/Ebbinghaus_005_str5_diff0_notitle_px384.png,Optical Illusion,Ebbinghaus illusion,"Do the two red circles have the same size? Answer in curly brackets, e.g., {Yes} or {No}.",Yes,No,False,Q2,384,main
Ebbinghaus_005_Q1_notitle_px768,vlms-are-biased-notitle/ebbinghaus/images/Ebbinghaus_005_str5_diff0_notitle_px768.png,Optical Illusion,Ebbinghaus illusion,"Are the two red circles equal in size? Answer in curly brackets, e.g., {Yes} or {No}.",Yes,No,False,Q1,768,main
Ebbinghaus_005_Q2_notitle_px768,vlms-are-biased-notitle/ebbinghaus/images/Ebbinghaus_005_str5_diff0_notitle_px768.png,Optical Illusion,Ebbinghaus illusion,"Do the two red circles have the same size? Answer in curly brackets, e.g., {Yes} or {No}.",Yes,No,False,Q2,768,main
Ebbinghaus_005_Q1_notitle_px1152,vlms-are-biased-notitle/ebbinghaus/images/Ebbinghaus_005_str5_diff0_notitle_px1152.png,Optical Illusion,Ebbinghaus illusion,"Are the two red circles equal in size? Answer in curly brackets, e.g., {Yes} or {No}.",Yes,No,False,Q1,1152,main
Ebbinghaus_005_Q2_notitle_px1152,vlms-are-biased-notitle/ebbinghaus/images/Ebbinghaus_005_str5_diff0_notitle_px1152.png,Optical Illusion,Ebbinghaus illusion,"Do the two red circles have the same size? Answer in curly brackets, e.g., {Yes} or {No}.",Yes,No,False,Q2,1152,main
Ebbinghaus_006_Q1_notitle_px384,vlms-are-biased-notitle/ebbinghaus/images/Ebbinghaus_006_strneg5_diff0_notitle_px384.png,Optical Illusion,Ebbinghaus illusion,"Are the two red circles equal in size? Answer in curly brackets, e.g., {Yes} or {No}.",Yes,No,False,Q1,384,main
Ebbinghaus_006_Q2_notitle_px384,vlms-are-biased-notitle/ebbinghaus/images/Ebbinghaus_006_strneg5_diff0_notitle_px384.png,Optical Illusion,Ebbinghaus illusion,"Do the two red circles have the same size? Answer in curly brackets, e.g., {Yes} or {No}.",Yes,No,False,Q2,384,main
Ebbinghaus_006_Q1_notitle_px768,vlms-are-biased-notitle/ebbinghaus/images/Ebbinghaus_006_strneg5_diff0_notitle_px768.png,Optical Illusion,Ebbinghaus illusion,"Are the two red circles equal in size? Answer in curly brackets, e.g., {Yes} or {No}.",Yes,No,False,Q1,768,main
Ebbinghaus_006_Q2_notitle_px768,vlms-are-biased-notitle/ebbinghaus/images/Ebbinghaus_006_strneg5_diff0_notitle_px768.png,Optical Illusion,Ebbinghaus illusion,"Do the two red circles have the same size? Answer in curly brackets, e.g., {Yes} or {No}.",Yes,No,False,Q2,768,main
Ebbinghaus_006_Q1_notitle_px1152,vlms-are-biased-notitle/ebbinghaus/images/Ebbinghaus_006_strneg5_diff0_notitle_px1152.png,Optical Illusion,Ebbinghaus illusion,"Are the two red circles equal in size? Answer in curly brackets, e.g., {Yes} or {No}.",Yes,No,False,Q1,1152,main
Ebbinghaus_006_Q2_notitle_px1152,vlms-are-biased-notitle/ebbinghaus/images/Ebbinghaus_006_strneg5_diff0_notitle_px1152.png,Optical Illusion,Ebbinghaus illusion,"Do the two red circles have the same size? Answer in curly brackets, e.g., {Yes} or {No}.",Yes,No,False,Q2,1152,main
Ebbinghaus_007_Q1_notitle_px384,vlms-are-biased-notitle/ebbinghaus/images/Ebbinghaus_007_str6_diff0_notitle_px384.png,Optical Illusion,Ebbinghaus illusion,"Are the two red circles equal in size? Answer in curly brackets, e.g., {Yes} or {No}.",Yes,No,False,Q1,384,main
Ebbinghaus_007_Q2_notitle_px384,vlms-are-biased-notitle/ebbinghaus/images/Ebbinghaus_007_str6_diff0_notitle_px384.png,Optical Illusion,Ebbinghaus illusion,"Do the two red circles have the same size? Answer in curly brackets, e.g., {Yes} or {No}.",Yes,No,False,Q2,384,main
Ebbinghaus_007_Q1_notitle_px768,vlms-are-biased-notitle/ebbinghaus/images/Ebbinghaus_007_str6_diff0_notitle_px768.png,Optical Illusion,Ebbinghaus illusion,"Are the two red circles equal in size? Answer in curly brackets, e.g., {Yes} or {No}.",Yes,No,False,Q1,768,main
Ebbinghaus_007_Q2_notitle_px768,vlms-are-biased-notitle/ebbinghaus/images/Ebbinghaus_007_str6_diff0_notitle_px768.png,Optical Illusion,Ebbinghaus illusion,"Do the two red circles have the same size? Answer in curly brackets, e.g., {Yes} or {No}.",Yes,No,False,Q2,768,main
Ebbinghaus_007_Q1_notitle_px1152,vlms-are-biased-notitle/ebbinghaus/images/Ebbinghaus_007_str6_diff0_notitle_px1152.png,Optical Illusion,Ebbinghaus illusion,"Are the two red circles equal in size? Answer in curly brackets, e.g., {Yes} or {No}.",Yes,No,False,Q1,1152,main
Ebbinghaus_007_Q2_notitle_px1152,vlms-are-biased-notitle/ebbinghaus/images/Ebbinghaus_007_str6_diff0_notitle_px1152.png,Optical Illusion,Ebbinghaus illusion,"Do the two red circles have the same size? Answer in curly brackets, e.g., {Yes} or {No}.",Yes,No,False,Q2,1152,main
Ebbinghaus_008_Q1_notitle_px384,vlms-are-biased-notitle/ebbinghaus/images/Ebbinghaus_008_strneg6_diff0_notitle_px384.png,Optical Illusion,Ebbinghaus illusion,"Are the two red circles equal in size? Answer in curly brackets, e.g., {Yes} or {No}.",Yes,No,False,Q1,384,main
Ebbinghaus_008_Q2_notitle_px384,vlms-are-biased-notitle/ebbinghaus/images/Ebbinghaus_008_strneg6_diff0_notitle_px384.png,Optical Illusion,Ebbinghaus illusion,"Do the two red circles have the same size? Answer in curly brackets, e.g., {Yes} or {No}.",Yes,No,False,Q2,384,main
Ebbinghaus_008_Q1_notitle_px768,vlms-are-biased-notitle/ebbinghaus/images/Ebbinghaus_008_strneg6_diff0_notitle_px768.png,Optical Illusion,Ebbinghaus illusion,"Are the two red circles equal in size? Answer in curly brackets, e.g., {Yes} or {No}.",Yes,No,False,Q1,768,main
Ebbinghaus_008_Q2_notitle_px768,vlms-are-biased-notitle/ebbinghaus/images/Ebbinghaus_008_strneg6_diff0_notitle_px768.png,Optical Illusion,Ebbinghaus illusion,"Do the two red circles have the same size? Answer in curly brackets, e.g., {Yes} or {No}.",Yes,No,False,Q2,768,main
Ebbinghaus_008_Q1_notitle_px1152,vlms-are-biased-notitle/ebbinghaus/images/Ebbinghaus_008_strneg6_diff0_notitle_px1152.png,Optical Illusion,Ebbinghaus illusion,"Are the two red circles equal in size? Answer in curly brackets, e.g., {Yes} or {No}.",Yes,No,False,Q1,1152,main
Ebbinghaus_008_Q2_notitle_px1152,vlms-are-biased-notitle/ebbinghaus/images/Ebbinghaus_008_strneg6_diff0_notitle_px1152.png,Optical Illusion,Ebbinghaus illusion,"Do the two red circles have the same size? Answer in curly brackets, e.g., {Yes} or {No}.",Yes,No,False,Q2,1152,main
Ebbinghaus_009_Q1_notitle_px384,vlms-are-biased-notitle/ebbinghaus/images/Ebbinghaus_009_str7_diff0_notitle_px384.png,Optical Illusion,Ebbinghaus illusion,"Are the two red circles equal in size? Answer in curly brackets, e.g., {Yes} or {No}.",Yes,No,False,Q1,384,main
Ebbinghaus_009_Q2_notitle_px384,vlms-are-biased-notitle/ebbinghaus/images/Ebbinghaus_009_str7_diff0_notitle_px384.png,Optical Illusion,Ebbinghaus illusion,"Do the two red circles have the same size? Answer in curly brackets, e.g., {Yes} or {No}.",Yes,No,False,Q2,384,main
Ebbinghaus_009_Q1_notitle_px768,vlms-are-biased-notitle/ebbinghaus/images/Ebbinghaus_009_str7_diff0_notitle_px768.png,Optical Illusion,Ebbinghaus illusion,"Are the two red circles equal in size? Answer in curly brackets, e.g., {Yes} or {No}.",Yes,No,False,Q1,768,main
Ebbinghaus_009_Q2_notitle_px768,vlms-are-biased-notitle/ebbinghaus/images/Ebbinghaus_009_str7_diff0_notitle_px768.png,Optical Illusion,Ebbinghaus illusion,"Do the two red circles have the same size? Answer in curly brackets, e.g., {Yes} or {No}.",Yes,No,False,Q2,768,main
Ebbinghaus_009_Q1_notitle_px1152,vlms-are-biased-notitle/ebbinghaus/images/Ebbinghaus_009_str7_diff0_notitle_px1152.png,Optical Illusion,Ebbinghaus illusion,"Are the two red circles equal in size? Answer in curly brackets, e.g., {Yes} or {No}.",Yes,No,False,Q1,1152,main
Ebbinghaus_009_Q2_notitle_px1152,vlms-are-biased-notitle/ebbinghaus/images/Ebbinghaus_009_str7_diff0_notitle_px1152.png,Optical Illusion,Ebbinghaus illusion,"Do the two red circles have the same size? Answer in curly brackets, e.g., {Yes} or {No}.",Yes,No,False,Q2,1152,main
Ebbinghaus_010_Q1_notitle_px384,vlms-are-biased-notitle/ebbinghaus/images/Ebbinghaus_010_strneg7_diff0_notitle_px384.png,Optical Illusion,Ebbinghaus illusion,"Are the two red circles equal in size? Answer in curly brackets, e.g., {Yes} or {No}.",Yes,No,False,Q1,384,main
Ebbinghaus_010_Q2_notitle_px384,vlms-are-biased-notitle/ebbinghaus/images/Ebbinghaus_010_strneg7_diff0_notitle_px384.png,Optical Illusion,Ebbinghaus illusion,"Do the two red circles have the same size? Answer in curly brackets, e.g., {Yes} or {No}.",Yes,No,False,Q2,384,main
Ebbinghaus_010_Q1_notitle_px768,vlms-are-biased-notitle/ebbinghaus/images/Ebbinghaus_010_strneg7_diff0_notitle_px768.png,Optical Illusion,Ebbinghaus illusion,"Are the two red circles equal in size? Answer in curly brackets, e.g., {Yes} or {No}.",Yes,No,False,Q1,768,main
Ebbinghaus_010_Q2_notitle_px768,vlms-are-biased-notitle/ebbinghaus/images/Ebbinghaus_010_strneg7_diff0_notitle_px768.png,Optical Illusion,Ebbinghaus illusion,"Do the two red circles have the same size? Answer in curly brackets, e.g., {Yes} or {No}.",Yes,No,False,Q2,768,main
Ebbinghaus_010_Q1_notitle_px1152,vlms-are-biased-notitle/ebbinghaus/images/Ebbinghaus_010_strneg7_diff0_notitle_px1152.png,Optical Illusion,Ebbinghaus illusion,"Are the two red circles equal in size? Answer in curly brackets, e.g., {Yes} or {No}.",Yes,No,False,Q1,1152,main
Ebbinghaus_010_Q2_notitle_px1152,vlms-are-biased-notitle/ebbinghaus/images/Ebbinghaus_010_strneg7_diff0_notitle_px1152.png,Optical Illusion,Ebbinghaus illusion,"Do the two red circles have the same size? Answer in curly brackets, e.g., {Yes} or {No}.",Yes,No,False,Q2,1152,main
Ebbinghaus_011_Q1_notitle_px384,vlms-are-biased-notitle/ebbinghaus/images/Ebbinghaus_011_str8_diff0_notitle_px384.png,Optical Illusion,Ebbinghaus illusion,"Are the two red circles equal in size? Answer in curly brackets, e.g., {Yes} or {No}.",Yes,No,False,Q1,384,main
Ebbinghaus_011_Q2_notitle_px384,vlms-are-biased-notitle/ebbinghaus/images/Ebbinghaus_011_str8_diff0_notitle_px384.png,Optical Illusion,Ebbinghaus illusion,"Do the two red circles have the same size? Answer in curly brackets, e.g., {Yes} or {No}.",Yes,No,False,Q2,384,main
Ebbinghaus_011_Q1_notitle_px768,vlms-are-biased-notitle/ebbinghaus/images/Ebbinghaus_011_str8_diff0_notitle_px768.png,Optical Illusion,Ebbinghaus illusion,"Are the two red circles equal in size? Answer in curly brackets, e.g., {Yes} or {No}.",Yes,No,False,Q1,768,main
Ebbinghaus_011_Q2_notitle_px768,vlms-are-biased-notitle/ebbinghaus/images/Ebbinghaus_011_str8_diff0_notitle_px768.png,Optical Illusion,Ebbinghaus illusion,"Do the two red circles have the same size? Answer in curly brackets, e.g., {Yes} or {No}.",Yes,No,False,Q2,768,main
Ebbinghaus_011_Q1_notitle_px1152,vlms-are-biased-notitle/ebbinghaus/images/Ebbinghaus_011_str8_diff0_notitle_px1152.png,Optical Illusion,Ebbinghaus illusion,"Are the two red circles equal in size? Answer in curly brackets, e.g., {Yes} or {No}.",Yes,No,False,Q1,1152,main
Ebbinghaus_011_Q2_notitle_px1152,vlms-are-biased-notitle/ebbinghaus/images/Ebbinghaus_011_str8_diff0_notitle_px1152.png,Optical Illusion,Ebbinghaus illusion,"Do the two red circles have the same size? Answer in curly brackets, e.g., {Yes} or {No}.",Yes,No,False,Q2,1152,main
Ebbinghaus_012_Q1_notitle_px384,vlms-are-biased-notitle/ebbinghaus/images/Ebbinghaus_012_strneg8_diff0_notitle_px384.png,Optical Illusion,Ebbinghaus illusion,"Are the two red circles equal in size? Answer in curly brackets, e.g., {Yes} or {No}.",Yes,No,False,Q1,384,main
Ebbinghaus_012_Q2_notitle_px384,vlms-are-biased-notitle/ebbinghaus/images/Ebbinghaus_012_strneg8_diff0_notitle_px384.png,Optical Illusion,Ebbinghaus illusion,"Do the two red circles have the same size? Answer in curly brackets, e.g., {Yes} or {No}.",Yes,No,False,Q2,384,main
Ebbinghaus_012_Q1_notitle_px768,vlms-are-biased-notitle/ebbinghaus/images/Ebbinghaus_012_strneg8_diff0_notitle_px768.png,Optical Illusion,Ebbinghaus illusion,"Are the two red circles equal in size? Answer in curly brackets, e.g., {Yes} or {No}.",Yes,No,False,Q1,768,main
Ebbinghaus_012_Q2_notitle_px768,vlms-are-biased-notitle/ebbinghaus/images/Ebbinghaus_012_strneg8_diff0_notitle_px768.png,Optical Illusion,Ebbinghaus illusion,"Do the two red circles have the same size? Answer in curly brackets, e.g., {Yes} or {No}.",Yes,No,False,Q2,768,main
Ebbinghaus_012_Q1_notitle_px1152,vlms-are-biased-notitle/ebbinghaus/images/Ebbinghaus_012_strneg8_diff0_notitle_px1152.png,Optical Illusion,Ebbinghaus illusion,"Are the two red circles equal in size? Answer in curly brackets, e.g., {Yes} or {No}.",Yes,No,False,Q1,1152,main
Ebbinghaus_012_Q2_notitle_px1152,vlms-are-biased-notitle/ebbinghaus/images/Ebbinghaus_012_strneg8_diff0_notitle_px1152.png,Optical Illusion,Ebbinghaus illusion,"Do the two red circles have the same size? Answer in curly brackets, e.g., {Yes} or {No}.",Yes,No,False,Q2,1152,main
Ebbinghaus_013_Q1_notitle_px384,vlms-are-biased-notitle/ebbinghaus/images/Ebbinghaus_013_str3_diff0p5_notitle_px384.png,Optical Illusion,Ebbinghaus illusion,"Are the two red circles equal in size? Answer in curly brackets, e.g., {Yes} or {No}.",No,Yes,False,Q1,384,main
Ebbinghaus_013_Q2_notitle_px384,vlms-are-biased-notitle/ebbinghaus/images/Ebbinghaus_013_str3_diff0p5_notitle_px384.png,Optical Illusion,Ebbinghaus illusion,"Do the two red circles have the same size? Answer in curly brackets, e.g., {Yes} or {No}.",No,Yes,False,Q2,384,main
Ebbinghaus_013_Q1_notitle_px768,vlms-are-biased-notitle/ebbinghaus/images/Ebbinghaus_013_str3_diff0p5_notitle_px768.png,Optical Illusion,Ebbinghaus illusion,"Are the two red circles equal in size? Answer in curly brackets, e.g., {Yes} or {No}.",No,Yes,False,Q1,768,main
Ebbinghaus_013_Q2_notitle_px768,vlms-are-biased-notitle/ebbinghaus/images/Ebbinghaus_013_str3_diff0p5_notitle_px768.png,Optical Illusion,Ebbinghaus illusion,"Do the two red circles have the same size? Answer in curly brackets, e.g., {Yes} or {No}.",No,Yes,False,Q2,768,main
Ebbinghaus_013_Q1_notitle_px1152,vlms-are-biased-notitle/ebbinghaus/images/Ebbinghaus_013_str3_diff0p5_notitle_px1152.png,Optical Illusion,Ebbinghaus illusion,"Are the two red circles equal in size? Answer in curly brackets, e.g., {Yes} or {No}.",No,Yes,False,Q1,1152,main
Ebbinghaus_013_Q2_notitle_px1152,vlms-are-biased-notitle/ebbinghaus/images/Ebbinghaus_013_str3_diff0p5_notitle_px1152.png,Optical Illusion,Ebbinghaus illusion,"Do the two red circles have the same size? Answer in curly brackets, e.g., {Yes} or {No}.",No,Yes,False,Q2,1152,main
Ebbinghaus_014_Q1_notitle_px384,vlms-are-biased-notitle/ebbinghaus/images/Ebbinghaus_014_strneg3_diffneg0p5_notitle_px384.png,Optical Illusion,Ebbinghaus illusion,"Are the two red circles equal in size? Answer in curly brackets, e.g., {Yes} or {No}.",No,Yes,False,Q1,384,main
Ebbinghaus_014_Q2_notitle_px384,vlms-are-biased-notitle/ebbinghaus/images/Ebbinghaus_014_strneg3_diffneg0p5_notitle_px384.png,Optical Illusion,Ebbinghaus illusion,"Do the two red circles have the same size? Answer in curly brackets, e.g., {Yes} or {No}.",No,Yes,False,Q2,384,main
Ebbinghaus_014_Q1_notitle_px768,vlms-are-biased-notitle/ebbinghaus/images/Ebbinghaus_014_strneg3_diffneg0p5_notitle_px768.png,Optical Illusion,Ebbinghaus illusion,"Are the two red circles equal in size? Answer in curly brackets, e.g., {Yes} or {No}.",No,Yes,False,Q1,768,main
Ebbinghaus_014_Q2_notitle_px768,vlms-are-biased-notitle/ebbinghaus/images/Ebbinghaus_014_strneg3_diffneg0p5_notitle_px768.png,Optical Illusion,Ebbinghaus illusion,"Do the two red circles have the same size? Answer in curly brackets, e.g., {Yes} or {No}.",No,Yes,False,Q2,768,main
Ebbinghaus_014_Q1_notitle_px1152,vlms-are-biased-notitle/ebbinghaus/images/Ebbinghaus_014_strneg3_diffneg0p5_notitle_px1152.png,Optical Illusion,Ebbinghaus illusion,"Are the two red circles equal in size? Answer in curly brackets, e.g., {Yes} or {No}.",No,Yes,False,Q1,1152,main
Ebbinghaus_014_Q2_notitle_px1152,vlms-are-biased-notitle/ebbinghaus/images/Ebbinghaus_014_strneg3_diffneg0p5_notitle_px1152.png,Optical Illusion,Ebbinghaus illusion,"Do the two red circles have the same size? Answer in curly brackets, e.g., {Yes} or {No}.",No,Yes,False,Q2,1152,main
Ebbinghaus_015_Q1_notitle_px384,vlms-are-biased-notitle/ebbinghaus/images/Ebbinghaus_015_str3_diff0p6_notitle_px384.png,Optical Illusion,Ebbinghaus illusion,"Are the two red circles equal in size? Answer in curly brackets, e.g., {Yes} or {No}.",No,Yes,False,Q1,384,main
Ebbinghaus_015_Q2_notitle_px384,vlms-are-biased-notitle/ebbinghaus/images/Ebbinghaus_015_str3_diff0p6_notitle_px384.png,Optical Illusion,Ebbinghaus illusion,"Do the two red circles have the same size? Answer in curly brackets, e.g., {Yes} or {No}.",No,Yes,False,Q2,384,main
Ebbinghaus_015_Q1_notitle_px768,vlms-are-biased-notitle/ebbinghaus/images/Ebbinghaus_015_str3_diff0p6_notitle_px768.png,Optical Illusion,Ebbinghaus illusion,"Are the two red circles equal in size? Answer in curly brackets, e.g., {Yes} or {No}.",No,Yes,False,Q1,768,main
Ebbinghaus_015_Q2_notitle_px768,vlms-are-biased-notitle/ebbinghaus/images/Ebbinghaus_015_str3_diff0p6_notitle_px768.png,Optical Illusion,Ebbinghaus illusion,"Do the two red circles have the same size? Answer in curly brackets, e.g., {Yes} or {No}.",No,Yes,False,Q2,768,main
Ebbinghaus_015_Q1_notitle_px1152,vlms-are-biased-notitle/ebbinghaus/images/Ebbinghaus_015_str3_diff0p6_notitle_px1152.png,Optical Illusion,Ebbinghaus illusion,"Are the two red circles equal in size? Answer in curly brackets, e.g., {Yes} or {No}.",No,Yes,False,Q1,1152,main
Ebbinghaus_015_Q2_notitle_px1152,vlms-are-biased-notitle/ebbinghaus/images/Ebbinghaus_015_str3_diff0p6_notitle_px1152.png,Optical Illusion,Ebbinghaus illusion,"Do the two red circles have the same size? Answer in curly brackets, e.g., {Yes} or {No}.",No,Yes,False,Q2,1152,main
Ebbinghaus_016_Q1_notitle_px384,vlms-are-biased-notitle/ebbinghaus/images/Ebbinghaus_016_strneg3_diffneg0p6_notitle_px384.png,Optical Illusion,Ebbinghaus illusion,"Are the two red circles equal in size? Answer in curly brackets, e.g., {Yes} or {No}.",No,Yes,False,Q1,384,main
Ebbinghaus_016_Q2_notitle_px384,vlms-are-biased-notitle/ebbinghaus/images/Ebbinghaus_016_strneg3_diffneg0p6_notitle_px384.png,Optical Illusion,Ebbinghaus illusion,"Do the two red circles have the same size? Answer in curly brackets, e.g., {Yes} or {No}.",No,Yes,False,Q2,384,main
Ebbinghaus_016_Q1_notitle_px768,vlms-are-biased-notitle/ebbinghaus/images/Ebbinghaus_016_strneg3_diffneg0p6_notitle_px768.png,Optical Illusion,Ebbinghaus illusion,"Are the two red circles equal in size? Answer in curly brackets, e.g., {Yes} or {No}.",No,Yes,False,Q1,768,main
Ebbinghaus_016_Q2_notitle_px768,vlms-are-biased-notitle/ebbinghaus/images/Ebbinghaus_016_strneg3_diffneg0p6_notitle_px768.png,Optical Illusion,Ebbinghaus illusion,"Do the two red circles have the same size? Answer in curly brackets, e.g., {Yes} or {No}.",No,Yes,False,Q2,768,main
Ebbinghaus_016_Q1_notitle_px1152,vlms-are-biased-notitle/ebbinghaus/images/Ebbinghaus_016_strneg3_diffneg0p6_notitle_px1152.png,Optical Illusion,Ebbinghaus illusion,"Are the two red circles equal in size? Answer in curly brackets, e.g., {Yes} or {No}.",No,Yes,False,Q1,1152,main
Ebbinghaus_016_Q2_notitle_px1152,vlms-are-biased-notitle/ebbinghaus/images/Ebbinghaus_016_strneg3_diffneg0p6_notitle_px1152.png,Optical Illusion,Ebbinghaus illusion,"Do the two red circles have the same size? Answer in curly brackets, e.g., {Yes} or {No}.",No,Yes,False,Q2,1152,main
Ebbinghaus_017_Q1_notitle_px384,vlms-are-biased-notitle/ebbinghaus/images/Ebbinghaus_017_str3_diff0p7_notitle_px384.png,Optical Illusion,Ebbinghaus illusion,"Are the two red circles equal in size? Answer in curly brackets, e.g., {Yes} or {No}.",No,Yes,False,Q1,384,main
Ebbinghaus_017_Q2_notitle_px384,vlms-are-biased-notitle/ebbinghaus/images/Ebbinghaus_017_str3_diff0p7_notitle_px384.png,Optical Illusion,Ebbinghaus illusion,"Do the two red circles have the same size? Answer in curly brackets, e.g., {Yes} or {No}.",No,Yes,False,Q2,384,main
Ebbinghaus_017_Q1_notitle_px768,vlms-are-biased-notitle/ebbinghaus/images/Ebbinghaus_017_str3_diff0p7_notitle_px768.png,Optical Illusion,Ebbinghaus illusion,"Are the two red circles equal in size? Answer in curly brackets, e.g., {Yes} or {No}.",No,Yes,False,Q1,768,main
Ebbinghaus_017_Q2_notitle_px768,vlms-are-biased-notitle/ebbinghaus/images/Ebbinghaus_017_str3_diff0p7_notitle_px768.png,Optical Illusion,Ebbinghaus illusion,"Do the two red circles have the same size? Answer in curly brackets, e.g., {Yes} or {No}.",No,Yes,False,Q2,768,main
Ebbinghaus_017_Q1_notitle_px1152,vlms-are-biased-notitle/ebbinghaus/images/Ebbinghaus_017_str3_diff0p7_notitle_px1152.png,Optical Illusion,Ebbinghaus illusion,"Are the two red circles equal in size? Answer in curly brackets, e.g., {Yes} or {No}.",No,Yes,False,Q1,1152,main
Ebbinghaus_017_Q2_notitle_px1152,vlms-are-biased-notitle/ebbinghaus/images/Ebbinghaus_017_str3_diff0p7_notitle_px1152.png,Optical Illusion,Ebbinghaus illusion,"Do the two red circles have the same size? Answer in curly brackets, e.g., {Yes} or {No}.",No,Yes,False,Q2,1152,main
Ebbinghaus_018_Q1_notitle_px384,vlms-are-biased-notitle/ebbinghaus/images/Ebbinghaus_018_strneg3_diffneg0p7_notitle_px384.png,Optical Illusion,Ebbinghaus illusion,"Are the two red circles equal in size? Answer in curly brackets, e.g., {Yes} or {No}.",No,Yes,False,Q1,384,main
Ebbinghaus_018_Q2_notitle_px384,vlms-are-biased-notitle/ebbinghaus/images/Ebbinghaus_018_strneg3_diffneg0p7_notitle_px384.png,Optical Illusion,Ebbinghaus illusion,"Do the two red circles have the same size? Answer in curly brackets, e.g., {Yes} or {No}.",No,Yes,False,Q2,384,main
Ebbinghaus_018_Q1_notitle_px768,vlms-are-biased-notitle/ebbinghaus/images/Ebbinghaus_018_strneg3_diffneg0p7_notitle_px768.png,Optical Illusion,Ebbinghaus illusion,"Are the two red circles equal in size? Answer in curly brackets, e.g., {Yes} or {No}.",No,Yes,False,Q1,768,main
Ebbinghaus_018_Q2_notitle_px768,vlms-are-biased-notitle/ebbinghaus/images/Ebbinghaus_018_strneg3_diffneg0p7_notitle_px768.png,Optical Illusion,Ebbinghaus illusion,"Do the two red circles have the same size? Answer in curly brackets, e.g., {Yes} or {No}.",No,Yes,False,Q2,768,main
Ebbinghaus_018_Q1_notitle_px1152,vlms-are-biased-notitle/ebbinghaus/images/Ebbinghaus_018_strneg3_diffneg0p7_notitle_px1152.png,Optical Illusion,Ebbinghaus illusion,"Are the two red circles equal in size? Answer in curly brackets, e.g., {Yes} or {No}.",No,Yes,False,Q1,1152,main
Ebbinghaus_018_Q2_notitle_px1152,vlms-are-biased-notitle/ebbinghaus/images/Ebbinghaus_018_strneg3_diffneg0p7_notitle_px1152.png,Optical Illusion,Ebbinghaus illusion,"Do the two red circles have the same size? Answer in curly brackets, e.g., {Yes} or {No}.",No,Yes,False,Q2,1152,main
Ebbinghaus_019_Q1_notitle_px384,vlms-are-biased-notitle/ebbinghaus/images/Ebbinghaus_019_str5_diff0p5_notitle_px384.png,Optical Illusion,Ebbinghaus illusion,"Are the two red circles equal in size? Answer in curly brackets, e.g., {Yes} or {No}.",No,Yes,False,Q1,384,main
Ebbinghaus_019_Q2_notitle_px384,vlms-are-biased-notitle/ebbinghaus/images/Ebbinghaus_019_str5_diff0p5_notitle_px384.png,Optical Illusion,Ebbinghaus illusion,"Do the two red circles have the same size? Answer in curly brackets, e.g., {Yes} or {No}.",No,Yes,False,Q2,384,main
Ebbinghaus_019_Q1_notitle_px768,vlms-are-biased-notitle/ebbinghaus/images/Ebbinghaus_019_str5_diff0p5_notitle_px768.png,Optical Illusion,Ebbinghaus illusion,"Are the two red circles equal in size? Answer in curly brackets, e.g., {Yes} or {No}.",No,Yes,False,Q1,768,main
Ebbinghaus_019_Q2_notitle_px768,vlms-are-biased-notitle/ebbinghaus/images/Ebbinghaus_019_str5_diff0p5_notitle_px768.png,Optical Illusion,Ebbinghaus illusion,"Do the two red circles have the same size? Answer in curly brackets, e.g., {Yes} or {No}.",No,Yes,False,Q2,768,main
Ebbinghaus_019_Q1_notitle_px1152,vlms-are-biased-notitle/ebbinghaus/images/Ebbinghaus_019_str5_diff0p5_notitle_px1152.png,Optical Illusion,Ebbinghaus illusion,"Are the two red circles equal in size? Answer in curly brackets, e.g., {Yes} or {No}.",No,Yes,False,Q1,1152,main
Ebbinghaus_019_Q2_notitle_px1152,vlms-are-biased-notitle/ebbinghaus/images/Ebbinghaus_019_str5_diff0p5_notitle_px1152.png,Optical Illusion,Ebbinghaus illusion,"Do the two red circles have the same size? Answer in curly brackets, e.g., {Yes} or {No}.",No,Yes,False,Q2,1152,main
Ebbinghaus_020_Q1_notitle_px384,vlms-are-biased-notitle/ebbinghaus/images/Ebbinghaus_020_strneg5_diffneg0p5_notitle_px384.png,Optical Illusion,Ebbinghaus illusion,"Are the two red circles equal in size? Answer in curly brackets, e.g., {Yes} or {No}.",No,Yes,False,Q1,384,main
Ebbinghaus_020_Q2_notitle_px384,vlms-are-biased-notitle/ebbinghaus/images/Ebbinghaus_020_strneg5_diffneg0p5_notitle_px384.png,Optical Illusion,Ebbinghaus illusion,"Do the two red circles have the same size? Answer in curly brackets, e.g., {Yes} or {No}.",No,Yes,False,Q2,384,main
Ebbinghaus_020_Q1_notitle_px768,vlms-are-biased-notitle/ebbinghaus/images/Ebbinghaus_020_strneg5_diffneg0p5_notitle_px768.png,Optical Illusion,Ebbinghaus illusion,"Are the two red circles equal in size? Answer in curly brackets, e.g., {Yes} or {No}.",No,Yes,False,Q1,768,main
Ebbinghaus_020_Q2_notitle_px768,vlms-are-biased-notitle/ebbinghaus/images/Ebbinghaus_020_strneg5_diffneg0p5_notitle_px768.png,Optical Illusion,Ebbinghaus illusion,"Do the two red circles have the same size? Answer in curly brackets, e.g., {Yes} or {No}.",No,Yes,False,Q2,768,main
Ebbinghaus_020_Q1_notitle_px1152,vlms-are-biased-notitle/ebbinghaus/images/Ebbinghaus_020_strneg5_diffneg0p5_notitle_px1152.png,Optical Illusion,Ebbinghaus illusion,"Are the two red circles equal in size? Answer in curly brackets, e.g., {Yes} or {No}.",No,Yes,False,Q1,1152,main
Ebbinghaus_020_Q2_notitle_px1152,vlms-are-biased-notitle/ebbinghaus/images/Ebbinghaus_020_strneg5_diffneg0p5_notitle_px1152.png,Optical Illusion,Ebbinghaus illusion,"Do the two red circles have the same size? Answer in curly brackets, e.g., {Yes} or {No}.",No,Yes,False,Q2,1152,main
Ebbinghaus_021_Q1_notitle_px384,vlms-are-biased-notitle/ebbinghaus/images/Ebbinghaus_021_str5_diff0p6_notitle_px384.png,Optical Illusion,Ebbinghaus illusion,"Are the two red circles equal in size? Answer in curly brackets, e.g., {Yes} or {No}.",No,Yes,False,Q1,384,main
Ebbinghaus_021_Q2_notitle_px384,vlms-are-biased-notitle/ebbinghaus/images/Ebbinghaus_021_str5_diff0p6_notitle_px384.png,Optical Illusion,Ebbinghaus illusion,"Do the two red circles have the same size? Answer in curly brackets, e.g., {Yes} or {No}.",No,Yes,False,Q2,384,main
Ebbinghaus_021_Q1_notitle_px768,vlms-are-biased-notitle/ebbinghaus/images/Ebbinghaus_021_str5_diff0p6_notitle_px768.png,Optical Illusion,Ebbinghaus illusion,"Are the two red circles equal in size? Answer in curly brackets, e.g., {Yes} or {No}.",No,Yes,False,Q1,768,main
Ebbinghaus_021_Q2_notitle_px768,vlms-are-biased-notitle/ebbinghaus/images/Ebbinghaus_021_str5_diff0p6_notitle_px768.png,Optical Illusion,Ebbinghaus illusion,"Do the two red circles have the same size? Answer in curly brackets, e.g., {Yes} or {No}.",No,Yes,False,Q2,768,main
Ebbinghaus_021_Q1_notitle_px1152,vlms-are-biased-notitle/ebbinghaus/images/Ebbinghaus_021_str5_diff0p6_notitle_px1152.png,Optical Illusion,Ebbinghaus illusion,"Are the two red circles equal in size? Answer in curly brackets, e.g., {Yes} or {No}.",No,Yes,False,Q1,1152,main
Ebbinghaus_021_Q2_notitle_px1152,vlms-are-biased-notitle/ebbinghaus/images/Ebbinghaus_021_str5_diff0p6_notitle_px1152.png,Optical Illusion,Ebbinghaus illusion,"Do the two red circles have the same size? Answer in curly brackets, e.g., {Yes} or {No}.",No,Yes,False,Q2,1152,main
Ebbinghaus_022_Q1_notitle_px384,vlms-are-biased-notitle/ebbinghaus/images/Ebbinghaus_022_strneg5_diffneg0p6_notitle_px384.png,Optical Illusion,Ebbinghaus illusion,"Are the two red circles equal in size? Answer in curly brackets, e.g., {Yes} or {No}.",No,Yes,False,Q1,384,main
Ebbinghaus_022_Q2_notitle_px384,vlms-are-biased-notitle/ebbinghaus/images/Ebbinghaus_022_strneg5_diffneg0p6_notitle_px384.png,Optical Illusion,Ebbinghaus illusion,"Do the two red circles have the same size? Answer in curly brackets, e.g., {Yes} or {No}.",No,Yes,False,Q2,384,main
Ebbinghaus_022_Q1_notitle_px768,vlms-are-biased-notitle/ebbinghaus/images/Ebbinghaus_022_strneg5_diffneg0p6_notitle_px768.png,Optical Illusion,Ebbinghaus illusion,"Are the two red circles equal in size? Answer in curly brackets, e.g., {Yes} or {No}.",No,Yes,False,Q1,768,main
Ebbinghaus_022_Q2_notitle_px768,vlms-are-biased-notitle/ebbinghaus/images/Ebbinghaus_022_strneg5_diffneg0p6_notitle_px768.png,Optical Illusion,Ebbinghaus illusion,"Do the two red circles have the same size? Answer in curly brackets, e.g., {Yes} or {No}.",No,Yes,False,Q2,768,main
Ebbinghaus_022_Q1_notitle_px1152,vlms-are-biased-notitle/ebbinghaus/images/Ebbinghaus_022_strneg5_diffneg0p6_notitle_px1152.png,Optical Illusion,Ebbinghaus illusion,"Are the two red circles equal in size? Answer in curly brackets, e.g., {Yes} or {No}.",No,Yes,False,Q1,1152,main
Ebbinghaus_022_Q2_notitle_px1152,vlms-are-biased-notitle/ebbinghaus/images/Ebbinghaus_022_strneg5_diffneg0p6_notitle_px1152.png,Optical Illusion,Ebbinghaus illusion,"Do the two red circles have the same size? Answer in curly brackets, e.g., {Yes} or {No}.",No,Yes,False,Q2,1152,main
Ebbinghaus_023_Q1_notitle_px384,vlms-are-biased-notitle/ebbinghaus/images/Ebbinghaus_023_str5_diff0p7_notitle_px384.png,Optical Illusion,Ebbinghaus illusion,"Are the two red circles equal in size? Answer in curly brackets, e.g., {Yes} or {No}.",No,Yes,False,Q1,384,main
Ebbinghaus_023_Q2_notitle_px384,vlms-are-biased-notitle/ebbinghaus/images/Ebbinghaus_023_str5_diff0p7_notitle_px384.png,Optical Illusion,Ebbinghaus illusion,"Do the two red circles have the same size? Answer in curly brackets, e.g., {Yes} or {No}.",No,Yes,False,Q2,384,main
Ebbinghaus_023_Q1_notitle_px768,vlms-are-biased-notitle/ebbinghaus/images/Ebbinghaus_023_str5_diff0p7_notitle_px768.png,Optical Illusion,Ebbinghaus illusion,"Are the two red circles equal in size? Answer in curly brackets, e.g., {Yes} or {No}.",No,Yes,False,Q1,768,main
Ebbinghaus_023_Q2_notitle_px768,vlms-are-biased-notitle/ebbinghaus/images/Ebbinghaus_023_str5_diff0p7_notitle_px768.png,Optical Illusion,Ebbinghaus illusion,"Do the two red circles have the same size? Answer in curly brackets, e.g., {Yes} or {No}.",No,Yes,False,Q2,768,main
Ebbinghaus_023_Q1_notitle_px1152,vlms-are-biased-notitle/ebbinghaus/images/Ebbinghaus_023_str5_diff0p7_notitle_px1152.png,Optical Illusion,Ebbinghaus illusion,"Are the two red circles equal in size? Answer in curly brackets, e.g., {Yes} or {No}.",No,Yes,False,Q1,1152,main
Ebbinghaus_023_Q2_notitle_px1152,vlms-are-biased-notitle/ebbinghaus/images/Ebbinghaus_023_str5_diff0p7_notitle_px1152.png,Optical Illusion,Ebbinghaus illusion,"Do the two red circles have the same size? Answer in curly brackets, e.g., {Yes} or {No}.",No,Yes,False,Q2,1152,main
Ebbinghaus_024_Q1_notitle_px384,vlms-are-biased-notitle/ebbinghaus/images/Ebbinghaus_024_strneg5_diffneg0p7_notitle_px384.png,Optical Illusion,Ebbinghaus illusion,"Are the two red circles equal in size? Answer in curly brackets, e.g., {Yes} or {No}.",No,Yes,False,Q1,384,main
Ebbinghaus_024_Q2_notitle_px384,vlms-are-biased-notitle/ebbinghaus/images/Ebbinghaus_024_strneg5_diffneg0p7_notitle_px384.png,Optical Illusion,Ebbinghaus illusion,"Do the two red circles have the same size? Answer in curly brackets, e.g., {Yes} or {No}.",No,Yes,False,Q2,384,main
Ebbinghaus_024_Q1_notitle_px768,vlms-are-biased-notitle/ebbinghaus/images/Ebbinghaus_024_strneg5_diffneg0p7_notitle_px768.png,Optical Illusion,Ebbinghaus illusion,"Are the two red circles equal in size? Answer in curly brackets, e.g., {Yes} or {No}.",No,Yes,False,Q1,768,main
Ebbinghaus_024_Q2_notitle_px768,vlms-are-biased-notitle/ebbinghaus/images/Ebbinghaus_024_strneg5_diffneg0p7_notitle_px768.png,Optical Illusion,Ebbinghaus illusion,"Do the two red circles have the same size? Answer in curly brackets, e.g., {Yes} or {No}.",No,Yes,False,Q2,768,main
Ebbinghaus_024_Q1_notitle_px1152,vlms-are-biased-notitle/ebbinghaus/images/Ebbinghaus_024_strneg5_diffneg0p7_notitle_px1152.png,Optical Illusion,Ebbinghaus illusion,"Are the two red circles equal in size? Answer in curly brackets, e.g., {Yes} or {No}.",No,Yes,False,Q1,1152,main
Ebbinghaus_024_Q2_notitle_px1152,vlms-are-biased-notitle/ebbinghaus/images/Ebbinghaus_024_strneg5_diffneg0p7_notitle_px1152.png,Optical Illusion,Ebbinghaus illusion,"Do the two red circles have the same size? Answer in curly brackets, e.g., {Yes} or {No}.",No,Yes,False,Q2,1152,main
tally_001_remove_notitle_px384_prompt1,vlms-are-biased-notitle/tally/images/tally_001_remove_C3_notitle_px384.png,Patterned Grid,Tally Pattern,"How many lines are there in cell C3? Answer with a number in curly brackets, e.g., {9}.",2,3,False,Q1,384,main
tally_001_remove_notitle_px384_prompt2,vlms-are-biased-notitle/tally/images/tally_001_remove_C3_notitle_px384.png,Patterned Grid,Tally Pattern,"Count the lines in cell C3. Answer with a number in curly brackets, e.g., {9}.",2,3,False,Q2,384,main
tally_001_remove_notitle_px768_prompt1,vlms-are-biased-notitle/tally/images/tally_001_remove_C3_notitle_px768.png,Patterned Grid,Tally Pattern,"How many lines are there in cell C3? Answer with a number in curly brackets, e.g., {9}.",2,3,False,Q1,768,main
tally_001_remove_notitle_px768_prompt2,vlms-are-biased-notitle/tally/images/tally_001_remove_C3_notitle_px768.png,Patterned Grid,Tally Pattern,"Count the lines in cell C3. Answer with a number in curly brackets, e.g., {9}.",2,3,False,Q2,768,main
tally_001_remove_notitle_px1152_prompt1,vlms-are-biased-notitle/tally/images/tally_001_remove_C3_notitle_px1152.png,Patterned Grid,Tally Pattern,"How many lines are there in cell C3? Answer with a number in curly brackets, e.g., {9}.",2,3,False,Q1,1152,main
tally_001_remove_notitle_px1152_prompt2,vlms-are-biased-notitle/tally/images/tally_001_remove_C3_notitle_px1152.png,Patterned Grid,Tally Pattern,"Count the lines in cell C3. Answer with a number in curly brackets, e.g., {9}.",2,3,False,Q2,1152,main
tally_001_add_notitle_px384_prompt1,vlms-are-biased-notitle/tally/images/tally_001_add_C3_notitle_px384.png,Patterned Grid,Tally Pattern,"How many lines are there in cell C3? Answer with a number in curly brackets, e.g., {9}.",4,3,False,Q1,384,main
tally_001_add_notitle_px384_prompt2,vlms-are-biased-notitle/tally/images/tally_001_add_C3_notitle_px384.png,Patterned Grid,Tally Pattern,"Count the lines in cell C3. Answer with a number in curly brackets, e.g., {9}.",4,3,False,Q2,384,main
tally_001_add_notitle_px768_prompt1,vlms-are-biased-notitle/tally/images/tally_001_add_C3_notitle_px768.png,Patterned Grid,Tally Pattern,"How many lines are there in cell C3? Answer with a number in curly brackets, e.g., {9}.",4,3,False,Q1,768,main
tally_001_add_notitle_px768_prompt2,vlms-are-biased-notitle/tally/images/tally_001_add_C3_notitle_px768.png,Patterned Grid,Tally Pattern,"Count the lines in cell C3. Answer with a number in curly brackets, e.g., {9}.",4,3,False,Q2,768,main
tally_001_add_notitle_px1152_prompt1,vlms-are-biased-notitle/tally/images/tally_001_add_C3_notitle_px1152.png,Patterned Grid,Tally Pattern,"How many lines are there in cell C3? Answer with a number in curly brackets, e.g., {9}.",4,3,False,Q1,1152,main
tally_001_add_notitle_px1152_prompt2,vlms-are-biased-notitle/tally/images/tally_001_add_C3_notitle_px1152.png,Patterned Grid,Tally Pattern,"Count the lines in cell C3. Answer with a number in curly brackets, e.g., {9}.",4,3,False,Q2,1152,main
tally_002_remove_notitle_px384_prompt1,vlms-are-biased-notitle/tally/images/tally_002_remove_E5_notitle_px384.png,Patterned Grid,Tally Pattern,"How many lines are there in cell E5? Answer with a number in curly brackets, e.g., {9}.",2,3,False,Q1,384,main
tally_002_remove_notitle_px384_prompt2,vlms-are-biased-notitle/tally/images/tally_002_remove_E5_notitle_px384.png,Patterned Grid,Tally Pattern,"Count the lines in cell E5. Answer with a number in curly brackets, e.g., {9}.",2,3,False,Q2,384,main
tally_002_remove_notitle_px768_prompt1,vlms-are-biased-notitle/tally/images/tally_002_remove_E5_notitle_px768.png,Patterned Grid,Tally Pattern,"How many lines are there in cell E5? Answer with a number in curly brackets, e.g., {9}.",2,3,False,Q1,768,main
tally_002_remove_notitle_px768_prompt2,vlms-are-biased-notitle/tally/images/tally_002_remove_E5_notitle_px768.png,Patterned Grid,Tally Pattern,"Count the lines in cell E5. Answer with a number in curly brackets, e.g., {9}.",2,3,False,Q2,768,main
tally_002_remove_notitle_px1152_prompt1,vlms-are-biased-notitle/tally/images/tally_002_remove_E5_notitle_px1152.png,Patterned Grid,Tally Pattern,"How many lines are there in cell E5? Answer with a number in curly brackets, e.g., {9}.",2,3,False,Q1,1152,main
tally_002_remove_notitle_px1152_prompt2,vlms-are-biased-notitle/tally/images/tally_002_remove_E5_notitle_px1152.png,Patterned Grid,Tally Pattern,"Count the lines in cell E5. Answer with a number in curly brackets, e.g., {9}.",2,3,False,Q2,1152,main
tally_002_add_notitle_px384_prompt1,vlms-are-biased-notitle/tally/images/tally_002_add_E5_notitle_px384.png,Patterned Grid,Tally Pattern,"How many lines are there in cell E5? Answer with a number in curly brackets, e.g., {9}.",4,3,False,Q1,384,main
tally_002_add_notitle_px384_prompt2,vlms-are-biased-notitle/tally/images/tally_002_add_E5_notitle_px384.png,Patterned Grid,Tally Pattern,"Count the lines in cell E5. Answer with a number in curly brackets, e.g., {9}.",4,3,False,Q2,384,main
tally_002_add_notitle_px768_prompt1,vlms-are-biased-notitle/tally/images/tally_002_add_E5_notitle_px768.png,Patterned Grid,Tally Pattern,"How many lines are there in cell E5? Answer with a number in curly brackets, e.g., {9}.",4,3,False,Q1,768,main
tally_002_add_notitle_px768_prompt2,vlms-are-biased-notitle/tally/images/tally_002_add_E5_notitle_px768.png,Patterned Grid,Tally Pattern,"Count the lines in cell E5. Answer with a number in curly brackets, e.g., {9}.",4,3,False,Q2,768,main
tally_002_add_notitle_px1152_prompt1,vlms-are-biased-notitle/tally/images/tally_002_add_E5_notitle_px1152.png,Patterned Grid,Tally Pattern,"How many lines are there in cell E5? Answer with a number in curly brackets, e.g., {9}.",4,3,False,Q1,1152,main
tally_002_add_notitle_px1152_prompt2,vlms-are-biased-notitle/tally/images/tally_002_add_E5_notitle_px1152.png,Patterned Grid,Tally Pattern,"Count the lines in cell E5. Answer with a number in curly brackets, e.g., {9}.",4,3,False,Q2,1152,main
tally_003_remove_notitle_px384_prompt1,vlms-are-biased-notitle/tally/images/tally_003_remove_D4_notitle_px384.png,Patterned Grid,Tally Pattern,"How many lines are there in cell D4? Answer with a number in curly brackets, e.g., {9}.",3,4,False,Q1,384,main
tally_003_remove_notitle_px384_prompt2,vlms-are-biased-notitle/tally/images/tally_003_remove_D4_notitle_px384.png,Patterned Grid,Tally Pattern,"Count the lines in cell D4. Answer with a number in curly brackets, e.g., {9}.",3,4,False,Q2,384,main
tally_003_remove_notitle_px768_prompt1,vlms-are-biased-notitle/tally/images/tally_003_remove_D4_notitle_px768.png,Patterned Grid,Tally Pattern,"How many lines are there in cell D4? Answer with a number in curly brackets, e.g., {9}.",3,4,False,Q1,768,main
tally_003_remove_notitle_px768_prompt2,vlms-are-biased-notitle/tally/images/tally_003_remove_D4_notitle_px768.png,Patterned Grid,Tally Pattern,"Count the lines in cell D4. Answer with a number in curly brackets, e.g., {9}.",3,4,False,Q2,768,main
tally_003_remove_notitle_px1152_prompt1,vlms-are-biased-notitle/tally/images/tally_003_remove_D4_notitle_px1152.png,Patterned Grid,Tally Pattern,"How many lines are there in cell D4? Answer with a number in curly brackets, e.g., {9}.",3,4,False,Q1,1152,main
tally_003_remove_notitle_px1152_prompt2,vlms-are-biased-notitle/tally/images/tally_003_remove_D4_notitle_px1152.png,Patterned Grid,Tally Pattern,"Count the lines in cell D4. Answer with a number in curly brackets, e.g., {9}.",3,4,False,Q2,1152,main
tally_003_add_notitle_px384_prompt1,vlms-are-biased-notitle/tally/images/tally_003_add_D4_notitle_px384.png,Patterned Grid,Tally Pattern,"How many lines are there in cell D4? Answer with a number in curly brackets, e.g., {9}.",5,4,False,Q1,384,main
tally_003_add_notitle_px384_prompt2,vlms-are-biased-notitle/tally/images/tally_003_add_D4_notitle_px384.png,Patterned Grid,Tally Pattern,"Count the lines in cell D4. Answer with a number in curly brackets, e.g., {9}.",5,4,False,Q2,384,main
tally_003_add_notitle_px768_prompt1,vlms-are-biased-notitle/tally/images/tally_003_add_D4_notitle_px768.png,Patterned Grid,Tally Pattern,"How many lines are there in cell D4? Answer with a number in curly brackets, e.g., {9}.",5,4,False,Q1,768,main
tally_003_add_notitle_px768_prompt2,vlms-are-biased-notitle/tally/images/tally_003_add_D4_notitle_px768.png,Patterned Grid,Tally Pattern,"Count the lines in cell D4. Answer with a number in curly brackets, e.g., {9}.",5,4,False,Q2,768,main
tally_003_add_notitle_px1152_prompt1,vlms-are-biased-notitle/tally/images/tally_003_add_D4_notitle_px1152.png,Patterned Grid,Tally Pattern,"How many lines are there in cell D4? Answer with a number in curly brackets, e.g., {9}.",5,4,False,Q1,1152,main
tally_003_add_notitle_px1152_prompt2,vlms-are-biased-notitle/tally/images/tally_003_add_D4_notitle_px1152.png,Patterned Grid,Tally Pattern,"Count the lines in cell D4. Answer with a number in curly brackets, e.g., {9}.",5,4,False,Q2,1152,main
tally_004_remove_notitle_px384_prompt1,vlms-are-biased-notitle/tally/images/tally_004_remove_F5_notitle_px384.png,Patterned Grid,Tally Pattern,"How many lines are there in cell F5? Answer with a number in curly brackets, e.g., {9}.",3,4,False,Q1,384,main
tally_004_remove_notitle_px384_prompt2,vlms-are-biased-notitle/tally/images/tally_004_remove_F5_notitle_px384.png,Patterned Grid,Tally Pattern,"Count the lines in cell F5. Answer with a number in curly brackets, e.g., {9}.",3,4,False,Q2,384,main
tally_004_remove_notitle_px768_prompt1,vlms-are-biased-notitle/tally/images/tally_004_remove_F5_notitle_px768.png,Patterned Grid,Tally Pattern,"How many lines are there in cell F5? Answer with a number in curly brackets, e.g., {9}.",3,4,False,Q1,768,main
tally_004_remove_notitle_px768_prompt2,vlms-are-biased-notitle/tally/images/tally_004_remove_F5_notitle_px768.png,Patterned Grid,Tally Pattern,"Count the lines in cell F5. Answer with a number in curly brackets, e.g., {9}.",3,4,False,Q2,768,main
tally_004_remove_notitle_px1152_prompt1,vlms-are-biased-notitle/tally/images/tally_004_remove_F5_notitle_px1152.png,Patterned Grid,Tally Pattern,"How many lines are there in cell F5? Answer with a number in curly brackets, e.g., {9}.",3,4,False,Q1,1152,main
tally_004_remove_notitle_px1152_prompt2,vlms-are-biased-notitle/tally/images/tally_004_remove_F5_notitle_px1152.png,Patterned Grid,Tally Pattern,"Count the lines in cell F5. Answer with a number in curly brackets, e.g., {9}.",3,4,False,Q2,1152,main
tally_004_add_notitle_px384_prompt1,vlms-are-biased-notitle/tally/images/tally_004_add_F5_notitle_px384.png,Patterned Grid,Tally Pattern,"How many lines are there in cell F5? Answer with a number in curly brackets, e.g., {9}.",5,4,False,Q1,384,main
tally_004_add_notitle_px384_prompt2,vlms-are-biased-notitle/tally/images/tally_004_add_F5_notitle_px384.png,Patterned Grid,Tally Pattern,"Count the lines in cell F5. Answer with a number in curly brackets, e.g., {9}.",5,4,False,Q2,384,main
tally_004_add_notitle_px768_prompt1,vlms-are-biased-notitle/tally/images/tally_004_add_F5_notitle_px768.png,Patterned Grid,Tally Pattern,"How many lines are there in cell F5? Answer with a number in curly brackets, e.g., {9}.",5,4,False,Q1,768,main
tally_004_add_notitle_px768_prompt2,vlms-are-biased-notitle/tally/images/tally_004_add_F5_notitle_px768.png,Patterned Grid,Tally Pattern,"Count the lines in cell F5. Answer with a number in curly brackets, e.g., {9}.",5,4,False,Q2,768,main
tally_004_add_notitle_px1152_prompt1,vlms-are-biased-notitle/tally/images/tally_004_add_F5_notitle_px1152.png,Patterned Grid,Tally Pattern,"How many lines are there in cell F5? Answer with a number in curly brackets, e.g., {9}.",5,4,False,Q1,1152,main
tally_004_add_notitle_px1152_prompt2,vlms-are-biased-notitle/tally/images/tally_004_add_F5_notitle_px1152.png,Patterned Grid,Tally Pattern,"Count the lines in cell F5. Answer with a number in curly brackets, e.g., {9}.",5,4,False,Q2,1152,main
tally_005_remove_notitle_px384_prompt1,vlms-are-biased-notitle/tally/images/tally_005_remove_G4_notitle_px384.png,Patterned Grid,Tally Pattern,"How many lines are there in cell G4? Answer with a number in curly brackets, e.g., {9}.",3,4,False,Q1,384,main
tally_005_remove_notitle_px384_prompt2,vlms-are-biased-notitle/tally/images/tally_005_remove_G4_notitle_px384.png,Patterned Grid,Tally Pattern,"Count the lines in cell G4. Answer with a number in curly brackets, e.g., {9}.",3,4,False,Q2,384,main
tally_005_remove_notitle_px768_prompt1,vlms-are-biased-notitle/tally/images/tally_005_remove_G4_notitle_px768.png,Patterned Grid,Tally Pattern,"How many lines are there in cell G4? Answer with a number in curly brackets, e.g., {9}.",3,4,False,Q1,768,main
tally_005_remove_notitle_px768_prompt2,vlms-are-biased-notitle/tally/images/tally_005_remove_G4_notitle_px768.png,Patterned Grid,Tally Pattern,"Count the lines in cell G4. Answer with a number in curly brackets, e.g., {9}.",3,4,False,Q2,768,main
tally_005_remove_notitle_px1152_prompt1,vlms-are-biased-notitle/tally/images/tally_005_remove_G4_notitle_px1152.png,Patterned Grid,Tally Pattern,"How many lines are there in cell G4? Answer with a number in curly brackets, e.g., {9}.",3,4,False,Q1,1152,main
tally_005_remove_notitle_px1152_prompt2,vlms-are-biased-notitle/tally/images/tally_005_remove_G4_notitle_px1152.png,Patterned Grid,Tally Pattern,"Count the lines in cell G4. Answer with a number in curly brackets, e.g., {9}.",3,4,False,Q2,1152,main
tally_005_add_notitle_px384_prompt1,vlms-are-biased-notitle/tally/images/tally_005_add_G4_notitle_px384.png,Patterned Grid,Tally Pattern,"How many lines are there in cell G4? Answer with a number in curly brackets, e.g., {9}.",5,4,False,Q1,384,main
tally_005_add_notitle_px384_prompt2,vlms-are-biased-notitle/tally/images/tally_005_add_G4_notitle_px384.png,Patterned Grid,Tally Pattern,"Count the lines in cell G4. Answer with a number in curly brackets, e.g., {9}.",5,4,False,Q2,384,main
tally_005_add_notitle_px768_prompt1,vlms-are-biased-notitle/tally/images/tally_005_add_G4_notitle_px768.png,Patterned Grid,Tally Pattern,"How many lines are there in cell G4? Answer with a number in curly brackets, e.g., {9}.",5,4,False,Q1,768,main
tally_005_add_notitle_px768_prompt2,vlms-are-biased-notitle/tally/images/tally_005_add_G4_notitle_px768.png,Patterned Grid,Tally Pattern,"Count the lines in cell G4. Answer with a number in curly brackets, e.g., {9}.",5,4,False,Q2,768,main
tally_005_add_notitle_px1152_prompt1,vlms-are-biased-notitle/tally/images/tally_005_add_G4_notitle_px1152.png,Patterned Grid,Tally Pattern,"How many lines are there in cell G4? Answer with a number in curly brackets, e.g., {9}.",5,4,False,Q1,1152,main
tally_005_add_notitle_px1152_prompt2,vlms-are-biased-notitle/tally/images/tally_005_add_G4_notitle_px1152.png,Patterned Grid,Tally Pattern,"Count the lines in cell G4. Answer with a number in curly brackets, e.g., {9}.",5,4,False,Q2,1152,main
tally_006_remove_notitle_px384_prompt1,vlms-are-biased-notitle/tally/images/tally_006_remove_D7_notitle_px384.png,Patterned Grid,Tally Pattern,"How many lines are there in cell D7? Answer with a number in curly brackets, e.g., {9}.",3,4,False,Q1,384,main
tally_006_remove_notitle_px384_prompt2,vlms-are-biased-notitle/tally/images/tally_006_remove_D7_notitle_px384.png,Patterned Grid,Tally Pattern,"Count the lines in cell D7. Answer with a number in curly brackets, e.g., {9}.",3,4,False,Q2,384,main
tally_006_remove_notitle_px768_prompt1,vlms-are-biased-notitle/tally/images/tally_006_remove_D7_notitle_px768.png,Patterned Grid,Tally Pattern,"How many lines are there in cell D7? Answer with a number in curly brackets, e.g., {9}.",3,4,False,Q1,768,main
tally_006_remove_notitle_px768_prompt2,vlms-are-biased-notitle/tally/images/tally_006_remove_D7_notitle_px768.png,Patterned Grid,Tally Pattern,"Count the lines in cell D7. Answer with a number in curly brackets, e.g., {9}.",3,4,False,Q2,768,main
tally_006_remove_notitle_px1152_prompt1,vlms-are-biased-notitle/tally/images/tally_006_remove_D7_notitle_px1152.png,Patterned Grid,Tally Pattern,"How many lines are there in cell D7? Answer with a number in curly brackets, e.g., {9}.",3,4,False,Q1,1152,main
tally_006_remove_notitle_px1152_prompt2,vlms-are-biased-notitle/tally/images/tally_006_remove_D7_notitle_px1152.png,Patterned Grid,Tally Pattern,"Count the lines in cell D7. Answer with a number in curly brackets, e.g., {9}.",3,4,False,Q2,1152,main
tally_006_add_notitle_px384_prompt1,vlms-are-biased-notitle/tally/images/tally_006_add_D7_notitle_px384.png,Patterned Grid,Tally Pattern,"How many lines are there in cell D7? Answer with a number in curly brackets, e.g., {9}.",5,4,False,Q1,384,main
tally_006_add_notitle_px384_prompt2,vlms-are-biased-notitle/tally/images/tally_006_add_D7_notitle_px384.png,Patterned Grid,Tally Pattern,"Count the lines in cell D7. Answer with a number in curly brackets, e.g., {9}.",5,4,False,Q2,384,main
tally_006_add_notitle_px768_prompt1,vlms-are-biased-notitle/tally/images/tally_006_add_D7_notitle_px768.png,Patterned Grid,Tally Pattern,"How many lines are there in cell D7? Answer with a number in curly brackets, e.g., {9}.",5,4,False,Q1,768,main
tally_006_add_notitle_px768_prompt2,vlms-are-biased-notitle/tally/images/tally_006_add_D7_notitle_px768.png,Patterned Grid,Tally Pattern,"Count the lines in cell D7. Answer with a number in curly brackets, e.g., {9}.",5,4,False,Q2,768,main
tally_006_add_notitle_px1152_prompt1,vlms-are-biased-notitle/tally/images/tally_006_add_D7_notitle_px1152.png,Patterned Grid,Tally Pattern,"How many lines are there in cell D7? Answer with a number in curly brackets, e.g., {9}.",5,4,False,Q1,1152,main
tally_006_add_notitle_px1152_prompt2,vlms-are-biased-notitle/tally/images/tally_006_add_D7_notitle_px1152.png,Patterned Grid,Tally Pattern,"Count the lines in cell D7. Answer with a number in curly brackets, e.g., {9}.",5,4,False,Q2,1152,main
tally_007_remove_notitle_px384_prompt1,vlms-are-biased-notitle/tally/images/tally_007_remove_D6_notitle_px384.png,Patterned Grid,Tally Pattern,"How many lines are there in cell D6? Answer with a number in curly brackets, e.g., {9}.",3,4,False,Q1,384,main
tally_007_remove_notitle_px384_prompt2,vlms-are-biased-notitle/tally/images/tally_007_remove_D6_notitle_px384.png,Patterned Grid,Tally Pattern,"Count the lines in cell D6. Answer with a number in curly brackets, e.g., {9}.",3,4,False,Q2,384,main
tally_007_remove_notitle_px768_prompt1,vlms-are-biased-notitle/tally/images/tally_007_remove_D6_notitle_px768.png,Patterned Grid,Tally Pattern,"How many lines are there in cell D6? Answer with a number in curly brackets, e.g., {9}.",3,4,False,Q1,768,main
tally_007_remove_notitle_px768_prompt2,vlms-are-biased-notitle/tally/images/tally_007_remove_D6_notitle_px768.png,Patterned Grid,Tally Pattern,"Count the lines in cell D6. Answer with a number in curly brackets, e.g., {9}.",3,4,False,Q2,768,main
tally_007_remove_notitle_px1152_prompt1,vlms-are-biased-notitle/tally/images/tally_007_remove_D6_notitle_px1152.png,Patterned Grid,Tally Pattern,"How many lines are there in cell D6? Answer with a number in curly brackets, e.g., {9}.",3,4,False,Q1,1152,main
tally_007_remove_notitle_px1152_prompt2,vlms-are-biased-notitle/tally/images/tally_007_remove_D6_notitle_px1152.png,Patterned Grid,Tally Pattern,"Count the lines in cell D6. Answer with a number in curly brackets, e.g., {9}.",3,4,False,Q2,1152,main
tally_007_add_notitle_px384_prompt1,vlms-are-biased-notitle/tally/images/tally_007_add_D6_notitle_px384.png,Patterned Grid,Tally Pattern,"How many lines are there in cell D6? Answer with a number in curly brackets, e.g., {9}.",5,4,False,Q1,384,main
tally_007_add_notitle_px384_prompt2,vlms-are-biased-notitle/tally/images/tally_007_add_D6_notitle_px384.png,Patterned Grid,Tally Pattern,"Count the lines in cell D6. Answer with a number in curly brackets, e.g., {9}.",5,4,False,Q2,384,main
tally_007_add_notitle_px768_prompt1,vlms-are-biased-notitle/tally/images/tally_007_add_D6_notitle_px768.png,Patterned Grid,Tally Pattern,"How many lines are there in cell D6? Answer with a number in curly brackets, e.g., {9}.",5,4,False,Q1,768,main
tally_007_add_notitle_px768_prompt2,vlms-are-biased-notitle/tally/images/tally_007_add_D6_notitle_px768.png,Patterned Grid,Tally Pattern,"Count the lines in cell D6. Answer with a number in curly brackets, e.g., {9}.",5,4,False,Q2,768,main
tally_007_add_notitle_px1152_prompt1,vlms-are-biased-notitle/tally/images/tally_007_add_D6_notitle_px1152.png,Patterned Grid,Tally Pattern,"How many lines are there in cell D6? Answer with a number in curly brackets, e.g., {9}.",5,4,False,Q1,1152,main
tally_007_add_notitle_px1152_prompt2,vlms-are-biased-notitle/tally/images/tally_007_add_D6_notitle_px1152.png,Patterned Grid,Tally Pattern,"Count the lines in cell D6. Answer with a number in curly brackets, e.g., {9}.",5,4,False,Q2,1152,main
tally_008_remove_notitle_px384_prompt1,vlms-are-biased-notitle/tally/images/tally_008_remove_D4_notitle_px384.png,Patterned Grid,Tally Pattern,"How many lines are there in cell D4? Answer with a number in curly brackets, e.g., {9}.",2,3,False,Q1,384,main
tally_008_remove_notitle_px384_prompt2,vlms-are-biased-notitle/tally/images/tally_008_remove_D4_notitle_px384.png,Patterned Grid,Tally Pattern,"Count the lines in cell D4. Answer with a number in curly brackets, e.g., {9}.",2,3,False,Q2,384,main
tally_008_remove_notitle_px768_prompt1,vlms-are-biased-notitle/tally/images/tally_008_remove_D4_notitle_px768.png,Patterned Grid,Tally Pattern,"How many lines are there in cell D4? Answer with a number in curly brackets, e.g., {9}.",2,3,False,Q1,768,main
tally_008_remove_notitle_px768_prompt2,vlms-are-biased-notitle/tally/images/tally_008_remove_D4_notitle_px768.png,Patterned Grid,Tally Pattern,"Count the lines in cell D4. Answer with a number in curly brackets, e.g., {9}.",2,3,False,Q2,768,main
tally_008_remove_notitle_px1152_prompt1,vlms-are-biased-notitle/tally/images/tally_008_remove_D4_notitle_px1152.png,Patterned Grid,Tally Pattern,"How many lines are there in cell D4? Answer with a number in curly brackets, e.g., {9}.",2,3,False,Q1,1152,main
tally_008_remove_notitle_px1152_prompt2,vlms-are-biased-notitle/tally/images/tally_008_remove_D4_notitle_px1152.png,Patterned Grid,Tally Pattern,"Count the lines in cell D4. Answer with a number in curly brackets, e.g., {9}.",2,3,False,Q2,1152,main
tally_008_add_notitle_px384_prompt1,vlms-are-biased-notitle/tally/images/tally_008_add_D4_notitle_px384.png,Patterned Grid,Tally Pattern,"How many lines are there in cell D4? Answer with a number in curly brackets, e.g., {9}.",4,3,False,Q1,384,main
tally_008_add_notitle_px384_prompt2,vlms-are-biased-notitle/tally/images/tally_008_add_D4_notitle_px384.png,Patterned Grid,Tally Pattern,"Count the lines in cell D4. Answer with a number in curly brackets, e.g., {9}.",4,3,False,Q2,384,main
tally_008_add_notitle_px768_prompt1,vlms-are-biased-notitle/tally/images/tally_008_add_D4_notitle_px768.png,Patterned Grid,Tally Pattern,"How many lines are there in cell D4? Answer with a number in curly brackets, e.g., {9}.",4,3,False,Q1,768,main
tally_008_add_notitle_px768_prompt2,vlms-are-biased-notitle/tally/images/tally_008_add_D4_notitle_px768.png,Patterned Grid,Tally Pattern,"Count the lines in cell D4. Answer with a number in curly brackets, e.g., {9}.",4,3,False,Q2,768,main
tally_008_add_notitle_px1152_prompt1,vlms-are-biased-notitle/tally/images/tally_008_add_D4_notitle_px1152.png,Patterned Grid,Tally Pattern,"How many lines are there in cell D4? Answer with a number in curly brackets, e.g., {9}.",4,3,False,Q1,1152,main
tally_008_add_notitle_px1152_prompt2,vlms-are-biased-notitle/tally/images/tally_008_add_D4_notitle_px1152.png,Patterned Grid,Tally Pattern,"Count the lines in cell D4. Answer with a number in curly brackets, e.g., {9}.",4,3,False,Q2,1152,main
tally_009_remove_notitle_px384_prompt1,vlms-are-biased-notitle/tally/images/tally_009_remove_D4_notitle_px384.png,Patterned Grid,Tally Pattern,"How many lines are there in cell D4? Answer with a number in curly brackets, e.g., {9}.",3,4,False,Q1,384,main
tally_009_remove_notitle_px384_prompt2,vlms-are-biased-notitle/tally/images/tally_009_remove_D4_notitle_px384.png,Patterned Grid,Tally Pattern,"Count the lines in cell D4. Answer with a number in curly brackets, e.g., {9}.",3,4,False,Q2,384,main
tally_009_remove_notitle_px768_prompt1,vlms-are-biased-notitle/tally/images/tally_009_remove_D4_notitle_px768.png,Patterned Grid,Tally Pattern,"How many lines are there in cell D4? Answer with a number in curly brackets, e.g., {9}.",3,4,False,Q1,768,main
tally_009_remove_notitle_px768_prompt2,vlms-are-biased-notitle/tally/images/tally_009_remove_D4_notitle_px768.png,Patterned Grid,Tally Pattern,"Count the lines in cell D4. Answer with a number in curly brackets, e.g., {9}.",3,4,False,Q2,768,main
tally_009_remove_notitle_px1152_prompt1,vlms-are-biased-notitle/tally/images/tally_009_remove_D4_notitle_px1152.png,Patterned Grid,Tally Pattern,"How many lines are there in cell D4? Answer with a number in curly brackets, e.g., {9}.",3,4,False,Q1,1152,main
tally_009_remove_notitle_px1152_prompt2,vlms-are-biased-notitle/tally/images/tally_009_remove_D4_notitle_px1152.png,Patterned Grid,Tally Pattern,"Count the lines in cell D4. Answer with a number in curly brackets, e.g., {9}.",3,4,False,Q2,1152,main
tally_009_add_notitle_px384_prompt1,vlms-are-biased-notitle/tally/images/tally_009_add_D4_notitle_px384.png,Patterned Grid,Tally Pattern,"How many lines are there in cell D4? Answer with a number in curly brackets, e.g., {9}.",5,4,False,Q1,384,main
tally_009_add_notitle_px384_prompt2,vlms-are-biased-notitle/tally/images/tally_009_add_D4_notitle_px384.png,Patterned Grid,Tally Pattern,"Count the lines in cell D4. Answer with a number in curly brackets, e.g., {9}.",5,4,False,Q2,384,main
tally_009_add_notitle_px768_prompt1,vlms-are-biased-notitle/tally/images/tally_009_add_D4_notitle_px768.png,Patterned Grid,Tally Pattern,"How many lines are there in cell D4? Answer with a number in curly brackets, e.g., {9}.",5,4,False,Q1,768,main
tally_009_add_notitle_px768_prompt2,vlms-are-biased-notitle/tally/images/tally_009_add_D4_notitle_px768.png,Patterned Grid,Tally Pattern,"Count the lines in cell D4. Answer with a number in curly brackets, e.g., {9}.",5,4,False,Q2,768,main
tally_009_add_notitle_px1152_prompt1,vlms-are-biased-notitle/tally/images/tally_009_add_D4_notitle_px1152.png,Patterned Grid,Tally Pattern,"How many lines are there in cell D4? Answer with a number in curly brackets, e.g., {9}.",5,4,False,Q1,1152,main
tally_009_add_notitle_px1152_prompt2,vlms-are-biased-notitle/tally/images/tally_009_add_D4_notitle_px1152.png,Patterned Grid,Tally Pattern,"Count the lines in cell D4. Answer with a number in curly brackets, e.g., {9}.",5,4,False,Q2,1152,main
tally_010_remove_notitle_px384_prompt1,vlms-are-biased-notitle/tally/images/tally_010_remove_E4_notitle_px384.png,Patterned Grid,Tally Pattern,"How many lines are there in cell E4? Answer with a number in curly brackets, e.g., {9}.",3,4,False,Q1,384,main
tally_010_remove_notitle_px384_prompt2,vlms-are-biased-notitle/tally/images/tally_010_remove_E4_notitle_px384.png,Patterned Grid,Tally Pattern,"Count the lines in cell E4. Answer with a number in curly brackets, e.g., {9}.",3,4,False,Q2,384,main
tally_010_remove_notitle_px768_prompt1,vlms-are-biased-notitle/tally/images/tally_010_remove_E4_notitle_px768.png,Patterned Grid,Tally Pattern,"How many lines are there in cell E4? Answer with a number in curly brackets, e.g., {9}.",3,4,False,Q1,768,main
tally_010_remove_notitle_px768_prompt2,vlms-are-biased-notitle/tally/images/tally_010_remove_E4_notitle_px768.png,Patterned Grid,Tally Pattern,"Count the lines in cell E4. Answer with a number in curly brackets, e.g., {9}.",3,4,False,Q2,768,main
tally_010_remove_notitle_px1152_prompt1,vlms-are-biased-notitle/tally/images/tally_010_remove_E4_notitle_px1152.png,Patterned Grid,Tally Pattern,"How many lines are there in cell E4? Answer with a number in curly brackets, e.g., {9}.",3,4,False,Q1,1152,main
tally_010_remove_notitle_px1152_prompt2,vlms-are-biased-notitle/tally/images/tally_010_remove_E4_notitle_px1152.png,Patterned Grid,Tally Pattern,"Count the lines in cell E4. Answer with a number in curly brackets, e.g., {9}.",3,4,False,Q2,1152,main
tally_010_add_notitle_px384_prompt1,vlms-are-biased-notitle/tally/images/tally_010_add_E4_notitle_px384.png,Patterned Grid,Tally Pattern,"How many lines are there in cell E4? Answer with a number in curly brackets, e.g., {9}.",5,4,False,Q1,384,main
tally_010_add_notitle_px384_prompt2,vlms-are-biased-notitle/tally/images/tally_010_add_E4_notitle_px384.png,Patterned Grid,Tally Pattern,"Count the lines in cell E4. Answer with a number in curly brackets, e.g., {9}.",5,4,False,Q2,384,main
tally_010_add_notitle_px768_prompt1,vlms-are-biased-notitle/tally/images/tally_010_add_E4_notitle_px768.png,Patterned Grid,Tally Pattern,"How many lines are there in cell E4? Answer with a number in curly brackets, e.g., {9}.",5,4,False,Q1,768,main
tally_010_add_notitle_px768_prompt2,vlms-are-biased-notitle/tally/images/tally_010_add_E4_notitle_px768.png,Patterned Grid,Tally Pattern,"Count the lines in cell E4. Answer with a number in curly brackets, e.g., {9}.",5,4,False,Q2,768,main
tally_010_add_notitle_px1152_prompt1,vlms-are-biased-notitle/tally/images/tally_010_add_E4_notitle_px1152.png,Patterned Grid,Tally Pattern,"How many lines are there in cell E4? Answer with a number in curly brackets, e.g., {9}.",5,4,False,Q1,1152,main
tally_010_add_notitle_px1152_prompt2,vlms-are-biased-notitle/tally/images/tally_010_add_E4_notitle_px1152.png,Patterned Grid,Tally Pattern,"Count the lines in cell E4. Answer with a number in curly brackets, e.g., {9}.",5,4,False,Q2,1152,main
tally_011_remove_notitle_px384_prompt1,vlms-are-biased-notitle/tally/images/tally_011_remove_F6_notitle_px384.png,Patterned Grid,Tally Pattern,"How many lines are there in cell F6? Answer with a number in curly brackets, e.g., {9}.",3,4,False,Q1,384,main
tally_011_remove_notitle_px384_prompt2,vlms-are-biased-notitle/tally/images/tally_011_remove_F6_notitle_px384.png,Patterned Grid,Tally Pattern,"Count the lines in cell F6. Answer with a number in curly brackets, e.g., {9}.",3,4,False,Q2,384,main
tally_011_remove_notitle_px768_prompt1,vlms-are-biased-notitle/tally/images/tally_011_remove_F6_notitle_px768.png,Patterned Grid,Tally Pattern,"How many lines are there in cell F6? Answer with a number in curly brackets, e.g., {9}.",3,4,False,Q1,768,main
tally_011_remove_notitle_px768_prompt2,vlms-are-biased-notitle/tally/images/tally_011_remove_F6_notitle_px768.png,Patterned Grid,Tally Pattern,"Count the lines in cell F6. Answer with a number in curly brackets, e.g., {9}.",3,4,False,Q2,768,main
tally_011_remove_notitle_px1152_prompt1,vlms-are-biased-notitle/tally/images/tally_011_remove_F6_notitle_px1152.png,Patterned Grid,Tally Pattern,"How many lines are there in cell F6? Answer with a number in curly brackets, e.g., {9}.",3,4,False,Q1,1152,main
tally_011_remove_notitle_px1152_prompt2,vlms-are-biased-notitle/tally/images/tally_011_remove_F6_notitle_px1152.png,Patterned Grid,Tally Pattern,"Count the lines in cell F6. Answer with a number in curly brackets, e.g., {9}.",3,4,False,Q2,1152,main
tally_011_add_notitle_px384_prompt1,vlms-are-biased-notitle/tally/images/tally_011_add_F6_notitle_px384.png,Patterned Grid,Tally Pattern,"How many lines are there in cell F6? Answer with a number in curly brackets, e.g., {9}.",5,4,False,Q1,384,main
tally_011_add_notitle_px384_prompt2,vlms-are-biased-notitle/tally/images/tally_011_add_F6_notitle_px384.png,Patterned Grid,Tally Pattern,"Count the lines in cell F6. Answer with a number in curly brackets, e.g., {9}.",5,4,False,Q2,384,main
tally_011_add_notitle_px768_prompt1,vlms-are-biased-notitle/tally/images/tally_011_add_F6_notitle_px768.png,Patterned Grid,Tally Pattern,"How many lines are there in cell F6? Answer with a number in curly brackets, e.g., {9}.",5,4,False,Q1,768,main
tally_011_add_notitle_px768_prompt2,vlms-are-biased-notitle/tally/images/tally_011_add_F6_notitle_px768.png,Patterned Grid,Tally Pattern,"Count the lines in cell F6. Answer with a number in curly brackets, e.g., {9}.",5,4,False,Q2,768,main
tally_011_add_notitle_px1152_prompt1,vlms-are-biased-notitle/tally/images/tally_011_add_F6_notitle_px1152.png,Patterned Grid,Tally Pattern,"How many lines are there in cell F6? Answer with a number in curly brackets, e.g., {9}.",5,4,False,Q1,1152,main
tally_011_add_notitle_px1152_prompt2,vlms-are-biased-notitle/tally/images/tally_011_add_F6_notitle_px1152.png,Patterned Grid,Tally Pattern,"Count the lines in cell F6. Answer with a number in curly brackets, e.g., {9}.",5,4,False,Q2,1152,main
tally_012_remove_notitle_px384_prompt1,vlms-are-biased-notitle/tally/images/tally_012_remove_D4_notitle_px384.png,Patterned Grid,Tally Pattern,"How many lines are there in cell D4? Answer with a number in curly brackets, e.g., {9}.",3,4,False,Q1,384,main
tally_012_remove_notitle_px384_prompt2,vlms-are-biased-notitle/tally/images/tally_012_remove_D4_notitle_px384.png,Patterned Grid,Tally Pattern,"Count the lines in cell D4. Answer with a number in curly brackets, e.g., {9}.",3,4,False,Q2,384,main
tally_012_remove_notitle_px768_prompt1,vlms-are-biased-notitle/tally/images/tally_012_remove_D4_notitle_px768.png,Patterned Grid,Tally Pattern,"How many lines are there in cell D4? Answer with a number in curly brackets, e.g., {9}.",3,4,False,Q1,768,main
tally_012_remove_notitle_px768_prompt2,vlms-are-biased-notitle/tally/images/tally_012_remove_D4_notitle_px768.png,Patterned Grid,Tally Pattern,"Count the lines in cell D4. Answer with a number in curly brackets, e.g., {9}.",3,4,False,Q2,768,main
tally_012_remove_notitle_px1152_prompt1,vlms-are-biased-notitle/tally/images/tally_012_remove_D4_notitle_px1152.png,Patterned Grid,Tally Pattern,"How many lines are there in cell D4? Answer with a number in curly brackets, e.g., {9}.",3,4,False,Q1,1152,main
tally_012_remove_notitle_px1152_prompt2,vlms-are-biased-notitle/tally/images/tally_012_remove_D4_notitle_px1152.png,Patterned Grid,Tally Pattern,"Count the lines in cell D4. Answer with a number in curly brackets, e.g., {9}.",3,4,False,Q2,1152,main
tally_012_add_notitle_px384_prompt1,vlms-are-biased-notitle/tally/images/tally_012_add_D4_notitle_px384.png,Patterned Grid,Tally Pattern,"How many lines are there in cell D4? Answer with a number in curly brackets, e.g., {9}.",5,4,False,Q1,384,main
tally_012_add_notitle_px384_prompt2,vlms-are-biased-notitle/tally/images/tally_012_add_D4_notitle_px384.png,Patterned Grid,Tally Pattern,"Count the lines in cell D4. Answer with a number in curly brackets, e.g., {9}.",5,4,False,Q2,384,main
tally_012_add_notitle_px768_prompt1,vlms-are-biased-notitle/tally/images/tally_012_add_D4_notitle_px768.png,Patterned Grid,Tally Pattern,"How many lines are there in cell D4? Answer with a number in curly brackets, e.g., {9}.",5,4,False,Q1,768,main
tally_012_add_notitle_px768_prompt2,vlms-are-biased-notitle/tally/images/tally_012_add_D4_notitle_px768.png,Patterned Grid,Tally Pattern,"Count the lines in cell D4. Answer with a number in curly brackets, e.g., {9}.",5,4,False,Q2,768,main
tally_012_add_notitle_px1152_prompt1,vlms-are-biased-notitle/tally/images/tally_012_add_D4_notitle_px1152.png,Patterned Grid,Tally Pattern,"How many lines are there in cell D4? Answer with a number in curly brackets, e.g., {9}.",5,4,False,Q1,1152,main
tally_012_add_notitle_px1152_prompt2,vlms-are-biased-notitle/tally/images/tally_012_add_D4_notitle_px1152.png,Patterned Grid,Tally Pattern,"Count the lines in cell D4. Answer with a number in curly brackets, e.g., {9}.",5,4,False,Q2,1152,main
tally_013_remove_notitle_px384_prompt1,vlms-are-biased-notitle/tally/images/tally_013_remove_H6_notitle_px384.png,Patterned Grid,Tally Pattern,"How many lines are there in cell H6? Answer with a number in curly brackets, e.g., {9}.",3,4,False,Q1,384,main
tally_013_remove_notitle_px384_prompt2,vlms-are-biased-notitle/tally/images/tally_013_remove_H6_notitle_px384.png,Patterned Grid,Tally Pattern,"Count the lines in cell H6. Answer with a number in curly brackets, e.g., {9}.",3,4,False,Q2,384,main
tally_013_remove_notitle_px768_prompt1,vlms-are-biased-notitle/tally/images/tally_013_remove_H6_notitle_px768.png,Patterned Grid,Tally Pattern,"How many lines are there in cell H6? Answer with a number in curly brackets, e.g., {9}.",3,4,False,Q1,768,main
tally_013_remove_notitle_px768_prompt2,vlms-are-biased-notitle/tally/images/tally_013_remove_H6_notitle_px768.png,Patterned Grid,Tally Pattern,"Count the lines in cell H6. Answer with a number in curly brackets, e.g., {9}.",3,4,False,Q2,768,main
tally_013_remove_notitle_px1152_prompt1,vlms-are-biased-notitle/tally/images/tally_013_remove_H6_notitle_px1152.png,Patterned Grid,Tally Pattern,"How many lines are there in cell H6? Answer with a number in curly brackets, e.g., {9}.",3,4,False,Q1,1152,main
tally_013_remove_notitle_px1152_prompt2,vlms-are-biased-notitle/tally/images/tally_013_remove_H6_notitle_px1152.png,Patterned Grid,Tally Pattern,"Count the lines in cell H6. Answer with a number in curly brackets, e.g., {9}.",3,4,False,Q2,1152,main
tally_013_add_notitle_px384_prompt1,vlms-are-biased-notitle/tally/images/tally_013_add_H6_notitle_px384.png,Patterned Grid,Tally Pattern,"How many lines are there in cell H6? Answer with a number in curly brackets, e.g., {9}.",5,4,False,Q1,384,main
tally_013_add_notitle_px384_prompt2,vlms-are-biased-notitle/tally/images/tally_013_add_H6_notitle_px384.png,Patterned Grid,Tally Pattern,"Count the lines in cell H6. Answer with a number in curly brackets, e.g., {9}.",5,4,False,Q2,384,main
tally_013_add_notitle_px768_prompt1,vlms-are-biased-notitle/tally/images/tally_013_add_H6_notitle_px768.png,Patterned Grid,Tally Pattern,"How many lines are there in cell H6? Answer with a number in curly brackets, e.g., {9}.",5,4,False,Q1,768,main
tally_013_add_notitle_px768_prompt2,vlms-are-biased-notitle/tally/images/tally_013_add_H6_notitle_px768.png,Patterned Grid,Tally Pattern,"Count the lines in cell H6. Answer with a number in curly brackets, e.g., {9}.",5,4,False,Q2,768,main
tally_013_add_notitle_px1152_prompt1,vlms-are-biased-notitle/tally/images/tally_013_add_H6_notitle_px1152.png,Patterned Grid,Tally Pattern,"How many lines are there in cell H6? Answer with a number in curly brackets, e.g., {9}.",5,4,False,Q1,1152,main
tally_013_add_notitle_px1152_prompt2,vlms-are-biased-notitle/tally/images/tally_013_add_H6_notitle_px1152.png,Patterned Grid,Tally Pattern,"Count the lines in cell H6. Answer with a number in curly brackets, e.g., {9}.",5,4,False,Q2,1152,main
tally_014_remove_notitle_px384_prompt1,vlms-are-biased-notitle/tally/images/tally_014_remove_D8_notitle_px384.png,Patterned Grid,Tally Pattern,"How many lines are there in cell D8? Answer with a number in curly brackets, e.g., {9}.",3,4,False,Q1,384,main
tally_014_remove_notitle_px384_prompt2,vlms-are-biased-notitle/tally/images/tally_014_remove_D8_notitle_px384.png,Patterned Grid,Tally Pattern,"Count the lines in cell D8. Answer with a number in curly brackets, e.g., {9}.",3,4,False,Q2,384,main
tally_014_remove_notitle_px768_prompt1,vlms-are-biased-notitle/tally/images/tally_014_remove_D8_notitle_px768.png,Patterned Grid,Tally Pattern,"How many lines are there in cell D8? Answer with a number in curly brackets, e.g., {9}.",3,4,False,Q1,768,main
tally_014_remove_notitle_px768_prompt2,vlms-are-biased-notitle/tally/images/tally_014_remove_D8_notitle_px768.png,Patterned Grid,Tally Pattern,"Count the lines in cell D8. Answer with a number in curly brackets, e.g., {9}.",3,4,False,Q2,768,main
tally_014_remove_notitle_px1152_prompt1,vlms-are-biased-notitle/tally/images/tally_014_remove_D8_notitle_px1152.png,Patterned Grid,Tally Pattern,"How many lines are there in cell D8? Answer with a number in curly brackets, e.g., {9}.",3,4,False,Q1,1152,main
tally_014_remove_notitle_px1152_prompt2,vlms-are-biased-notitle/tally/images/tally_014_remove_D8_notitle_px1152.png,Patterned Grid,Tally Pattern,"Count the lines in cell D8. Answer with a number in curly brackets, e.g., {9}.",3,4,False,Q2,1152,main
tally_014_add_notitle_px384_prompt1,vlms-are-biased-notitle/tally/images/tally_014_add_D8_notitle_px384.png,Patterned Grid,Tally Pattern,"How many lines are there in cell D8? Answer with a number in curly brackets, e.g., {9}.",5,4,False,Q1,384,main
tally_014_add_notitle_px384_prompt2,vlms-are-biased-notitle/tally/images/tally_014_add_D8_notitle_px384.png,Patterned Grid,Tally Pattern,"Count the lines in cell D8. Answer with a number in curly brackets, e.g., {9}.",5,4,False,Q2,384,main
tally_014_add_notitle_px768_prompt1,vlms-are-biased-notitle/tally/images/tally_014_add_D8_notitle_px768.png,Patterned Grid,Tally Pattern,"How many lines are there in cell D8? Answer with a number in curly brackets, e.g., {9}.",5,4,False,Q1,768,main
tally_014_add_notitle_px768_prompt2,vlms-are-biased-notitle/tally/images/tally_014_add_D8_notitle_px768.png,Patterned Grid,Tally Pattern,"Count the lines in cell D8. Answer with a number in curly brackets, e.g., {9}.",5,4,False,Q2,768,main
tally_014_add_notitle_px1152_prompt1,vlms-are-biased-notitle/tally/images/tally_014_add_D8_notitle_px1152.png,Patterned Grid,Tally Pattern,"How many lines are there in cell D8? Answer with a number in curly brackets, e.g., {9}.",5,4,False,Q1,1152,main
tally_014_add_notitle_px1152_prompt2,vlms-are-biased-notitle/tally/images/tally_014_add_D8_notitle_px1152.png,Patterned Grid,Tally Pattern,"Count the lines in cell D8. Answer with a number in curly brackets, e.g., {9}.",5,4,False,Q2,1152,main
Ponzo_001_Q1_notitle_px384,vlms-are-biased-notitle/ponzo/images/Ponzo_001_str15_diff0_notitle_px384.png,Optical Illusion,Ponzo illusion,"Are the two horizontal lines equal in length? Answer in curly brackets, e.g., {Yes} or {No}.",Yes,No,False,Q1,384,main
Ponzo_001_Q2_notitle_px384,vlms-are-biased-notitle/ponzo/images/Ponzo_001_str15_diff0_notitle_px384.png,Optical Illusion,Ponzo illusion,"Do the two horizontal lines have the same length? Answer in curly brackets, e.g., {Yes} or {No}.",Yes,No,False,Q2,384,main
Ponzo_001_Q1_notitle_px768,vlms-are-biased-notitle/ponzo/images/Ponzo_001_str15_diff0_notitle_px768.png,Optical Illusion,Ponzo illusion,"Are the two horizontal lines equal in length? Answer in curly brackets, e.g., {Yes} or {No}.",Yes,No,False,Q1,768,main
Ponzo_001_Q2_notitle_px768,vlms-are-biased-notitle/ponzo/images/Ponzo_001_str15_diff0_notitle_px768.png,Optical Illusion,Ponzo illusion,"Do the two horizontal lines have the same length? Answer in curly brackets, e.g., {Yes} or {No}.",Yes,No,False,Q2,768,main
Ponzo_001_Q1_notitle_px1152,vlms-are-biased-notitle/ponzo/images/Ponzo_001_str15_diff0_notitle_px1152.png,Optical Illusion,Ponzo illusion,"Are the two horizontal lines equal in length? Answer in curly brackets, e.g., {Yes} or {No}.",Yes,No,False,Q1,1152,main
Ponzo_001_Q2_notitle_px1152,vlms-are-biased-notitle/ponzo/images/Ponzo_001_str15_diff0_notitle_px1152.png,Optical Illusion,Ponzo illusion,"Do the two horizontal lines have the same length? Answer in curly brackets, e.g., {Yes} or {No}.",Yes,No,False,Q2,1152,main
Ponzo_002_Q1_notitle_px384,vlms-are-biased-notitle/ponzo/images/Ponzo_002_strneg15_diff0_notitle_px384.png,Optical Illusion,Ponzo illusion,"Are the two horizontal lines equal in length? Answer in curly brackets, e.g., {Yes} or {No}.",Yes,No,False,Q1,384,main
Ponzo_002_Q2_notitle_px384,vlms-are-biased-notitle/ponzo/images/Ponzo_002_strneg15_diff0_notitle_px384.png,Optical Illusion,Ponzo illusion,"Do the two horizontal lines have the same length? Answer in curly brackets, e.g., {Yes} or {No}.",Yes,No,False,Q2,384,main
Ponzo_002_Q1_notitle_px768,vlms-are-biased-notitle/ponzo/images/Ponzo_002_strneg15_diff0_notitle_px768.png,Optical Illusion,Ponzo illusion,"Are the two horizontal lines equal in length? Answer in curly brackets, e.g., {Yes} or {No}.",Yes,No,False,Q1,768,main
Ponzo_002_Q2_notitle_px768,vlms-are-biased-notitle/ponzo/images/Ponzo_002_strneg15_diff0_notitle_px768.png,Optical Illusion,Ponzo illusion,"Do the two horizontal lines have the same length? Answer in curly brackets, e.g., {Yes} or {No}.",Yes,No,False,Q2,768,main
Ponzo_002_Q1_notitle_px1152,vlms-are-biased-notitle/ponzo/images/Ponzo_002_strneg15_diff0_notitle_px1152.png,Optical Illusion,Ponzo illusion,"Are the two horizontal lines equal in length? Answer in curly brackets, e.g., {Yes} or {No}.",Yes,No,False,Q1,1152,main
Ponzo_002_Q2_notitle_px1152,vlms-are-biased-notitle/ponzo/images/Ponzo_002_strneg15_diff0_notitle_px1152.png,Optical Illusion,Ponzo illusion,"Do the two horizontal lines have the same length? Answer in curly brackets, e.g., {Yes} or {No}.",Yes,No,False,Q2,1152,main
Ponzo_003_Q1_notitle_px384,vlms-are-biased-notitle/ponzo/images/Ponzo_003_str17_diff0_notitle_px384.png,Optical Illusion,Ponzo illusion,"Are the two horizontal lines equal in length? Answer in curly brackets, e.g., {Yes} or {No}.",Yes,No,False,Q1,384,main
Ponzo_003_Q2_notitle_px384,vlms-are-biased-notitle/ponzo/images/Ponzo_003_str17_diff0_notitle_px384.png,Optical Illusion,Ponzo illusion,"Do the two horizontal lines have the same length? Answer in curly brackets, e.g., {Yes} or {No}.",Yes,No,False,Q2,384,main
Ponzo_003_Q1_notitle_px768,vlms-are-biased-notitle/ponzo/images/Ponzo_003_str17_diff0_notitle_px768.png,Optical Illusion,Ponzo illusion,"Are the two horizontal lines equal in length? Answer in curly brackets, e.g., {Yes} or {No}.",Yes,No,False,Q1,768,main
Ponzo_003_Q2_notitle_px768,vlms-are-biased-notitle/ponzo/images/Ponzo_003_str17_diff0_notitle_px768.png,Optical Illusion,Ponzo illusion,"Do the two horizontal lines have the same length? Answer in curly brackets, e.g., {Yes} or {No}.",Yes,No,False,Q2,768,main
Ponzo_003_Q1_notitle_px1152,vlms-are-biased-notitle/ponzo/images/Ponzo_003_str17_diff0_notitle_px1152.png,Optical Illusion,Ponzo illusion,"Are the two horizontal lines equal in length? Answer in curly brackets, e.g., {Yes} or {No}.",Yes,No,False,Q1,1152,main
Ponzo_003_Q2_notitle_px1152,vlms-are-biased-notitle/ponzo/images/Ponzo_003_str17_diff0_notitle_px1152.png,Optical Illusion,Ponzo illusion,"Do the two horizontal lines have the same length? Answer in curly brackets, e.g., {Yes} or {No}.",Yes,No,False,Q2,1152,main
Ponzo_004_Q1_notitle_px384,vlms-are-biased-notitle/ponzo/images/Ponzo_004_strneg17_diff0_notitle_px384.png,Optical Illusion,Ponzo illusion,"Are the two horizontal lines equal in length? Answer in curly brackets, e.g., {Yes} or {No}.",Yes,No,False,Q1,384,main
Ponzo_004_Q2_notitle_px384,vlms-are-biased-notitle/ponzo/images/Ponzo_004_strneg17_diff0_notitle_px384.png,Optical Illusion,Ponzo illusion,"Do the two horizontal lines have the same length? Answer in curly brackets, e.g., {Yes} or {No}.",Yes,No,False,Q2,384,main
Ponzo_004_Q1_notitle_px768,vlms-are-biased-notitle/ponzo/images/Ponzo_004_strneg17_diff0_notitle_px768.png,Optical Illusion,Ponzo illusion,"Are the two horizontal lines equal in length? Answer in curly brackets, e.g., {Yes} or {No}.",Yes,No,False,Q1,768,main
Ponzo_004_Q2_notitle_px768,vlms-are-biased-notitle/ponzo/images/Ponzo_004_strneg17_diff0_notitle_px768.png,Optical Illusion,Ponzo illusion,"Do the two horizontal lines have the same length? Answer in curly brackets, e.g., {Yes} or {No}.",Yes,No,False,Q2,768,main
Ponzo_004_Q1_notitle_px1152,vlms-are-biased-notitle/ponzo/images/Ponzo_004_strneg17_diff0_notitle_px1152.png,Optical Illusion,Ponzo illusion,"Are the two horizontal lines equal in length? Answer in curly brackets, e.g., {Yes} or {No}.",Yes,No,False,Q1,1152,main
Ponzo_004_Q2_notitle_px1152,vlms-are-biased-notitle/ponzo/images/Ponzo_004_strneg17_diff0_notitle_px1152.png,Optical Illusion,Ponzo illusion,"Do the two horizontal lines have the same length? Answer in curly brackets, e.g., {Yes} or {No}.",Yes,No,False,Q2,1152,main
Ponzo_005_Q1_notitle_px384,vlms-are-biased-notitle/ponzo/images/Ponzo_005_str19_diff0_notitle_px384.png,Optical Illusion,Ponzo illusion,"Are the two horizontal lines equal in length? Answer in curly brackets, e.g., {Yes} or {No}.",Yes,No,False,Q1,384,main
Ponzo_005_Q2_notitle_px384,vlms-are-biased-notitle/ponzo/images/Ponzo_005_str19_diff0_notitle_px384.png,Optical Illusion,Ponzo illusion,"Do the two horizontal lines have the same length? Answer in curly brackets, e.g., {Yes} or {No}.",Yes,No,False,Q2,384,main
Ponzo_005_Q1_notitle_px768,vlms-are-biased-notitle/ponzo/images/Ponzo_005_str19_diff0_notitle_px768.png,Optical Illusion,Ponzo illusion,"Are the two horizontal lines equal in length? Answer in curly brackets, e.g., {Yes} or {No}.",Yes,No,False,Q1,768,main
Ponzo_005_Q2_notitle_px768,vlms-are-biased-notitle/ponzo/images/Ponzo_005_str19_diff0_notitle_px768.png,Optical Illusion,Ponzo illusion,"Do the two horizontal lines have the same length? Answer in curly brackets, e.g., {Yes} or {No}.",Yes,No,False,Q2,768,main
Ponzo_005_Q1_notitle_px1152,vlms-are-biased-notitle/ponzo/images/Ponzo_005_str19_diff0_notitle_px1152.png,Optical Illusion,Ponzo illusion,"Are the two horizontal lines equal in length? Answer in curly brackets, e.g., {Yes} or {No}.",Yes,No,False,Q1,1152,main
Ponzo_005_Q2_notitle_px1152,vlms-are-biased-notitle/ponzo/images/Ponzo_005_str19_diff0_notitle_px1152.png,Optical Illusion,Ponzo illusion,"Do the two horizontal lines have the same length? Answer in curly brackets, e.g., {Yes} or {No}.",Yes,No,False,Q2,1152,main
Ponzo_006_Q1_notitle_px384,vlms-are-biased-notitle/ponzo/images/Ponzo_006_strneg19_diff0_notitle_px384.png,Optical Illusion,Ponzo illusion,"Are the two horizontal lines equal in length? Answer in curly brackets, e.g., {Yes} or {No}.",Yes,No,False,Q1,384,main
Ponzo_006_Q2_notitle_px384,vlms-are-biased-notitle/ponzo/images/Ponzo_006_strneg19_diff0_notitle_px384.png,Optical Illusion,Ponzo illusion,"Do the two horizontal lines have the same length? Answer in curly brackets, e.g., {Yes} or {No}.",Yes,No,False,Q2,384,main
Ponzo_006_Q1_notitle_px768,vlms-are-biased-notitle/ponzo/images/Ponzo_006_strneg19_diff0_notitle_px768.png,Optical Illusion,Ponzo illusion,"Are the two horizontal lines equal in length? Answer in curly brackets, e.g., {Yes} or {No}.",Yes,No,False,Q1,768,main
Ponzo_006_Q2_notitle_px768,vlms-are-biased-notitle/ponzo/images/Ponzo_006_strneg19_diff0_notitle_px768.png,Optical Illusion,Ponzo illusion,"Do the two horizontal lines have the same length? Answer in curly brackets, e.g., {Yes} or {No}.",Yes,No,False,Q2,768,main
Ponzo_006_Q1_notitle_px1152,vlms-are-biased-notitle/ponzo/images/Ponzo_006_strneg19_diff0_notitle_px1152.png,Optical Illusion,Ponzo illusion,"Are the two horizontal lines equal in length? Answer in curly brackets, e.g., {Yes} or {No}.",Yes,No,False,Q1,1152,main
Ponzo_006_Q2_notitle_px1152,vlms-are-biased-notitle/ponzo/images/Ponzo_006_strneg19_diff0_notitle_px1152.png,Optical Illusion,Ponzo illusion,"Do the two horizontal lines have the same length? Answer in curly brackets, e.g., {Yes} or {No}.",Yes,No,False,Q2,1152,main
Ponzo_007_Q1_notitle_px384,vlms-are-biased-notitle/ponzo/images/Ponzo_007_str21_diff0_notitle_px384.png,Optical Illusion,Ponzo illusion,"Are the two horizontal lines equal in length? Answer in curly brackets, e.g., {Yes} or {No}.",Yes,No,False,Q1,384,main
Ponzo_007_Q2_notitle_px384,vlms-are-biased-notitle/ponzo/images/Ponzo_007_str21_diff0_notitle_px384.png,Optical Illusion,Ponzo illusion,"Do the two horizontal lines have the same length? Answer in curly brackets, e.g., {Yes} or {No}.",Yes,No,False,Q2,384,main
Ponzo_007_Q1_notitle_px768,vlms-are-biased-notitle/ponzo/images/Ponzo_007_str21_diff0_notitle_px768.png,Optical Illusion,Ponzo illusion,"Are the two horizontal lines equal in length? Answer in curly brackets, e.g., {Yes} or {No}.",Yes,No,False,Q1,768,main
Ponzo_007_Q2_notitle_px768,vlms-are-biased-notitle/ponzo/images/Ponzo_007_str21_diff0_notitle_px768.png,Optical Illusion,Ponzo illusion,"Do the two horizontal lines have the same length? Answer in curly brackets, e.g., {Yes} or {No}.",Yes,No,False,Q2,768,main
Ponzo_007_Q1_notitle_px1152,vlms-are-biased-notitle/ponzo/images/Ponzo_007_str21_diff0_notitle_px1152.png,Optical Illusion,Ponzo illusion,"Are the two horizontal lines equal in length? Answer in curly brackets, e.g., {Yes} or {No}.",Yes,No,False,Q1,1152,main
Ponzo_007_Q2_notitle_px1152,vlms-are-biased-notitle/ponzo/images/Ponzo_007_str21_diff0_notitle_px1152.png,Optical Illusion,Ponzo illusion,"Do the two horizontal lines have the same length? Answer in curly brackets, e.g., {Yes} or {No}.",Yes,No,False,Q2,1152,main
Ponzo_008_Q1_notitle_px384,vlms-are-biased-notitle/ponzo/images/Ponzo_008_strneg21_diff0_notitle_px384.png,Optical Illusion,Ponzo illusion,"Are the two horizontal lines equal in length? Answer in curly brackets, e.g., {Yes} or {No}.",Yes,No,False,Q1,384,main
Ponzo_008_Q2_notitle_px384,vlms-are-biased-notitle/ponzo/images/Ponzo_008_strneg21_diff0_notitle_px384.png,Optical Illusion,Ponzo illusion,"Do the two horizontal lines have the same length? Answer in curly brackets, e.g., {Yes} or {No}.",Yes,No,False,Q2,384,main
Ponzo_008_Q1_notitle_px768,vlms-are-biased-notitle/ponzo/images/Ponzo_008_strneg21_diff0_notitle_px768.png,Optical Illusion,Ponzo illusion,"Are the two horizontal lines equal in length? Answer in curly brackets, e.g., {Yes} or {No}.",Yes,No,False,Q1,768,main
Ponzo_008_Q2_notitle_px768,vlms-are-biased-notitle/ponzo/images/Ponzo_008_strneg21_diff0_notitle_px768.png,Optical Illusion,Ponzo illusion,"Do the two horizontal lines have the same length? Answer in curly brackets, e.g., {Yes} or {No}.",Yes,No,False,Q2,768,main
Ponzo_008_Q1_notitle_px1152,vlms-are-biased-notitle/ponzo/images/Ponzo_008_strneg21_diff0_notitle_px1152.png,Optical Illusion,Ponzo illusion,"Are the two horizontal lines equal in length? Answer in curly brackets, e.g., {Yes} or {No}.",Yes,No,False,Q1,1152,main
Ponzo_008_Q2_notitle_px1152,vlms-are-biased-notitle/ponzo/images/Ponzo_008_strneg21_diff0_notitle_px1152.png,Optical Illusion,Ponzo illusion,"Do the two horizontal lines have the same length? Answer in curly brackets, e.g., {Yes} or {No}.",Yes,No,False,Q2,1152,main
Ponzo_009_Q1_notitle_px384,vlms-are-biased-notitle/ponzo/images/Ponzo_009_str23_diff0_notitle_px384.png,Optical Illusion,Ponzo illusion,"Are the two horizontal lines equal in length? Answer in curly brackets, e.g., {Yes} or {No}.",Yes,No,False,Q1,384,main
Ponzo_009_Q2_notitle_px384,vlms-are-biased-notitle/ponzo/images/Ponzo_009_str23_diff0_notitle_px384.png,Optical Illusion,Ponzo illusion,"Do the two horizontal lines have the same length? Answer in curly brackets, e.g., {Yes} or {No}.",Yes,No,False,Q2,384,main
Ponzo_009_Q1_notitle_px768,vlms-are-biased-notitle/ponzo/images/Ponzo_009_str23_diff0_notitle_px768.png,Optical Illusion,Ponzo illusion,"Are the two horizontal lines equal in length? Answer in curly brackets, e.g., {Yes} or {No}.",Yes,No,False,Q1,768,main
Ponzo_009_Q2_notitle_px768,vlms-are-biased-notitle/ponzo/images/Ponzo_009_str23_diff0_notitle_px768.png,Optical Illusion,Ponzo illusion,"Do the two horizontal lines have the same length? Answer in curly brackets, e.g., {Yes} or {No}.",Yes,No,False,Q2,768,main
Ponzo_009_Q1_notitle_px1152,vlms-are-biased-notitle/ponzo/images/Ponzo_009_str23_diff0_notitle_px1152.png,Optical Illusion,Ponzo illusion,"Are the two horizontal lines equal in length? Answer in curly brackets, e.g., {Yes} or {No}.",Yes,No,False,Q1,1152,main
Ponzo_009_Q2_notitle_px1152,vlms-are-biased-notitle/ponzo/images/Ponzo_009_str23_diff0_notitle_px1152.png,Optical Illusion,Ponzo illusion,"Do the two horizontal lines have the same length? Answer in curly brackets, e.g., {Yes} or {No}.",Yes,No,False,Q2,1152,main
Ponzo_010_Q1_notitle_px384,vlms-are-biased-notitle/ponzo/images/Ponzo_010_strneg23_diff0_notitle_px384.png,Optical Illusion,Ponzo illusion,"Are the two horizontal lines equal in length? Answer in curly brackets, e.g., {Yes} or {No}.",Yes,No,False,Q1,384,main
Ponzo_010_Q2_notitle_px384,vlms-are-biased-notitle/ponzo/images/Ponzo_010_strneg23_diff0_notitle_px384.png,Optical Illusion,Ponzo illusion,"Do the two horizontal lines have the same length? Answer in curly brackets, e.g., {Yes} or {No}.",Yes,No,False,Q2,384,main
Ponzo_010_Q1_notitle_px768,vlms-are-biased-notitle/ponzo/images/Ponzo_010_strneg23_diff0_notitle_px768.png,Optical Illusion,Ponzo illusion,"Are the two horizontal lines equal in length? Answer in curly brackets, e.g., {Yes} or {No}.",Yes,No,False,Q1,768,main
Ponzo_010_Q2_notitle_px768,vlms-are-biased-notitle/ponzo/images/Ponzo_010_strneg23_diff0_notitle_px768.png,Optical Illusion,Ponzo illusion,"Do the two horizontal lines have the same length? Answer in curly brackets, e.g., {Yes} or {No}.",Yes,No,False,Q2,768,main
Ponzo_010_Q1_notitle_px1152,vlms-are-biased-notitle/ponzo/images/Ponzo_010_strneg23_diff0_notitle_px1152.png,Optical Illusion,Ponzo illusion,"Are the two horizontal lines equal in length? Answer in curly brackets, e.g., {Yes} or {No}.",Yes,No,False,Q1,1152,main
Ponzo_010_Q2_notitle_px1152,vlms-are-biased-notitle/ponzo/images/Ponzo_010_strneg23_diff0_notitle_px1152.png,Optical Illusion,Ponzo illusion,"Do the two horizontal lines have the same length? Answer in curly brackets, e.g., {Yes} or {No}.",Yes,No,False,Q2,1152,main
Ponzo_011_Q1_notitle_px384,vlms-are-biased-notitle/ponzo/images/Ponzo_011_str25_diff0_notitle_px384.png,Optical Illusion,Ponzo illusion,"Are the two horizontal lines equal in length? Answer in curly brackets, e.g., {Yes} or {No}.",Yes,No,False,Q1,384,main
Ponzo_011_Q2_notitle_px384,vlms-are-biased-notitle/ponzo/images/Ponzo_011_str25_diff0_notitle_px384.png,Optical Illusion,Ponzo illusion,"Do the two horizontal lines have the same length? Answer in curly brackets, e.g., {Yes} or {No}.",Yes,No,False,Q2,384,main
Ponzo_011_Q1_notitle_px768,vlms-are-biased-notitle/ponzo/images/Ponzo_011_str25_diff0_notitle_px768.png,Optical Illusion,Ponzo illusion,"Are the two horizontal lines equal in length? Answer in curly brackets, e.g., {Yes} or {No}.",Yes,No,False,Q1,768,main
Ponzo_011_Q2_notitle_px768,vlms-are-biased-notitle/ponzo/images/Ponzo_011_str25_diff0_notitle_px768.png,Optical Illusion,Ponzo illusion,"Do the two horizontal lines have the same length? Answer in curly brackets, e.g., {Yes} or {No}.",Yes,No,False,Q2,768,main
Ponzo_011_Q1_notitle_px1152,vlms-are-biased-notitle/ponzo/images/Ponzo_011_str25_diff0_notitle_px1152.png,Optical Illusion,Ponzo illusion,"Are the two horizontal lines equal in length? Answer in curly brackets, e.g., {Yes} or {No}.",Yes,No,False,Q1,1152,main
Ponzo_011_Q2_notitle_px1152,vlms-are-biased-notitle/ponzo/images/Ponzo_011_str25_diff0_notitle_px1152.png,Optical Illusion,Ponzo illusion,"Do the two horizontal lines have the same length? Answer in curly brackets, e.g., {Yes} or {No}.",Yes,No,False,Q2,1152,main
Ponzo_012_Q1_notitle_px384,vlms-are-biased-notitle/ponzo/images/Ponzo_012_strneg25_diff0_notitle_px384.png,Optical Illusion,Ponzo illusion,"Are the two horizontal lines equal in length? Answer in curly brackets, e.g., {Yes} or {No}.",Yes,No,False,Q1,384,main
Ponzo_012_Q2_notitle_px384,vlms-are-biased-notitle/ponzo/images/Ponzo_012_strneg25_diff0_notitle_px384.png,Optical Illusion,Ponzo illusion,"Do the two horizontal lines have the same length? Answer in curly brackets, e.g., {Yes} or {No}.",Yes,No,False,Q2,384,main
Ponzo_012_Q1_notitle_px768,vlms-are-biased-notitle/ponzo/images/Ponzo_012_strneg25_diff0_notitle_px768.png,Optical Illusion,Ponzo illusion,"Are the two horizontal lines equal in length? Answer in curly brackets, e.g., {Yes} or {No}.",Yes,No,False,Q1,768,main
Ponzo_012_Q2_notitle_px768,vlms-are-biased-notitle/ponzo/images/Ponzo_012_strneg25_diff0_notitle_px768.png,Optical Illusion,Ponzo illusion,"Do the two horizontal lines have the same length? Answer in curly brackets, e.g., {Yes} or {No}.",Yes,No,False,Q2,768,main
Ponzo_012_Q1_notitle_px1152,vlms-are-biased-notitle/ponzo/images/Ponzo_012_strneg25_diff0_notitle_px1152.png,Optical Illusion,Ponzo illusion,"Are the two horizontal lines equal in length? Answer in curly brackets, e.g., {Yes} or {No}.",Yes,No,False,Q1,1152,main
Ponzo_012_Q2_notitle_px1152,vlms-are-biased-notitle/ponzo/images/Ponzo_012_strneg25_diff0_notitle_px1152.png,Optical Illusion,Ponzo illusion,"Do the two horizontal lines have the same length? Answer in curly brackets, e.g., {Yes} or {No}.",Yes,No,False,Q2,1152,main
Ponzo_013_Q1_notitle_px384,vlms-are-biased-notitle/ponzo/images/Ponzo_013_str15_diff0p15_notitle_px384.png,Optical Illusion,Ponzo illusion,"Are the two horizontal lines equal in length? Answer in curly brackets, e.g., {Yes} or {No}.",No,Yes,False,Q1,384,main
Ponzo_013_Q2_notitle_px384,vlms-are-biased-notitle/ponzo/images/Ponzo_013_str15_diff0p15_notitle_px384.png,Optical Illusion,Ponzo illusion,"Do the two horizontal lines have the same length? Answer in curly brackets, e.g., {Yes} or {No}.",No,Yes,False,Q2,384,main
Ponzo_013_Q1_notitle_px768,vlms-are-biased-notitle/ponzo/images/Ponzo_013_str15_diff0p15_notitle_px768.png,Optical Illusion,Ponzo illusion,"Are the two horizontal lines equal in length? Answer in curly brackets, e.g., {Yes} or {No}.",No,Yes,False,Q1,768,main
Ponzo_013_Q2_notitle_px768,vlms-are-biased-notitle/ponzo/images/Ponzo_013_str15_diff0p15_notitle_px768.png,Optical Illusion,Ponzo illusion,"Do the two horizontal lines have the same length? Answer in curly brackets, e.g., {Yes} or {No}.",No,Yes,False,Q2,768,main
Ponzo_013_Q1_notitle_px1152,vlms-are-biased-notitle/ponzo/images/Ponzo_013_str15_diff0p15_notitle_px1152.png,Optical Illusion,Ponzo illusion,"Are the two horizontal lines equal in length? Answer in curly brackets, e.g., {Yes} or {No}.",No,Yes,False,Q1,1152,main
Ponzo_013_Q2_notitle_px1152,vlms-are-biased-notitle/ponzo/images/Ponzo_013_str15_diff0p15_notitle_px1152.png,Optical Illusion,Ponzo illusion,"Do the two horizontal lines have the same length? Answer in curly brackets, e.g., {Yes} or {No}.",No,Yes,False,Q2,1152,main
Ponzo_014_Q1_notitle_px384,vlms-are-biased-notitle/ponzo/images/Ponzo_014_strneg15_diffneg0p15_notitle_px384.png,Optical Illusion,Ponzo illusion,"Are the two horizontal lines equal in length? Answer in curly brackets, e.g., {Yes} or {No}.",No,Yes,False,Q1,384,main
Ponzo_014_Q2_notitle_px384,vlms-are-biased-notitle/ponzo/images/Ponzo_014_strneg15_diffneg0p15_notitle_px384.png,Optical Illusion,Ponzo illusion,"Do the two horizontal lines have the same length? Answer in curly brackets, e.g., {Yes} or {No}.",No,Yes,False,Q2,384,main
Ponzo_014_Q1_notitle_px768,vlms-are-biased-notitle/ponzo/images/Ponzo_014_strneg15_diffneg0p15_notitle_px768.png,Optical Illusion,Ponzo illusion,"Are the two horizontal lines equal in length? Answer in curly brackets, e.g., {Yes} or {No}.",No,Yes,False,Q1,768,main
Ponzo_014_Q2_notitle_px768,vlms-are-biased-notitle/ponzo/images/Ponzo_014_strneg15_diffneg0p15_notitle_px768.png,Optical Illusion,Ponzo illusion,"Do the two horizontal lines have the same length? Answer in curly brackets, e.g., {Yes} or {No}.",No,Yes,False,Q2,768,main
Ponzo_014_Q1_notitle_px1152,vlms-are-biased-notitle/ponzo/images/Ponzo_014_strneg15_diffneg0p15_notitle_px1152.png,Optical Illusion,Ponzo illusion,"Are the two horizontal lines equal in length? Answer in curly brackets, e.g., {Yes} or {No}.",No,Yes,False,Q1,1152,main
Ponzo_014_Q2_notitle_px1152,vlms-are-biased-notitle/ponzo/images/Ponzo_014_strneg15_diffneg0p15_notitle_px1152.png,Optical Illusion,Ponzo illusion,"Do the two horizontal lines have the same length? Answer in curly brackets, e.g., {Yes} or {No}.",No,Yes,False,Q2,1152,main
Ponzo_015_Q1_notitle_px384,vlms-are-biased-notitle/ponzo/images/Ponzo_015_str15_diff0p2_notitle_px384.png,Optical Illusion,Ponzo illusion,"Are the two horizontal lines equal in length? Answer in curly brackets, e.g., {Yes} or {No}.",No,Yes,False,Q1,384,main
Ponzo_015_Q2_notitle_px384,vlms-are-biased-notitle/ponzo/images/Ponzo_015_str15_diff0p2_notitle_px384.png,Optical Illusion,Ponzo illusion,"Do the two horizontal lines have the same length? Answer in curly brackets, e.g., {Yes} or {No}.",No,Yes,False,Q2,384,main
Ponzo_015_Q1_notitle_px768,vlms-are-biased-notitle/ponzo/images/Ponzo_015_str15_diff0p2_notitle_px768.png,Optical Illusion,Ponzo illusion,"Are the two horizontal lines equal in length? Answer in curly brackets, e.g., {Yes} or {No}.",No,Yes,False,Q1,768,main
Ponzo_015_Q2_notitle_px768,vlms-are-biased-notitle/ponzo/images/Ponzo_015_str15_diff0p2_notitle_px768.png,Optical Illusion,Ponzo illusion,"Do the two horizontal lines have the same length? Answer in curly brackets, e.g., {Yes} or {No}.",No,Yes,False,Q2,768,main
Ponzo_015_Q1_notitle_px1152,vlms-are-biased-notitle/ponzo/images/Ponzo_015_str15_diff0p2_notitle_px1152.png,Optical Illusion,Ponzo illusion,"Are the two horizontal lines equal in length? Answer in curly brackets, e.g., {Yes} or {No}.",No,Yes,False,Q1,1152,main
Ponzo_015_Q2_notitle_px1152,vlms-are-biased-notitle/ponzo/images/Ponzo_015_str15_diff0p2_notitle_px1152.png,Optical Illusion,Ponzo illusion,"Do the two horizontal lines have the same length? Answer in curly brackets, e.g., {Yes} or {No}.",No,Yes,False,Q2,1152,main
Ponzo_016_Q1_notitle_px384,vlms-are-biased-notitle/ponzo/images/Ponzo_016_strneg15_diffneg0p2_notitle_px384.png,Optical Illusion,Ponzo illusion,"Are the two horizontal lines equal in length? Answer in curly brackets, e.g., {Yes} or {No}.",No,Yes,False,Q1,384,main
Ponzo_016_Q2_notitle_px384,vlms-are-biased-notitle/ponzo/images/Ponzo_016_strneg15_diffneg0p2_notitle_px384.png,Optical Illusion,Ponzo illusion,"Do the two horizontal lines have the same length? Answer in curly brackets, e.g., {Yes} or {No}.",No,Yes,False,Q2,384,main
Ponzo_016_Q1_notitle_px768,vlms-are-biased-notitle/ponzo/images/Ponzo_016_strneg15_diffneg0p2_notitle_px768.png,Optical Illusion,Ponzo illusion,"Are the two horizontal lines equal in length? Answer in curly brackets, e.g., {Yes} or {No}.",No,Yes,False,Q1,768,main
Ponzo_016_Q2_notitle_px768,vlms-are-biased-notitle/ponzo/images/Ponzo_016_strneg15_diffneg0p2_notitle_px768.png,Optical Illusion,Ponzo illusion,"Do the two horizontal lines have the same length? Answer in curly brackets, e.g., {Yes} or {No}.",No,Yes,False,Q2,768,main
Ponzo_016_Q1_notitle_px1152,vlms-are-biased-notitle/ponzo/images/Ponzo_016_strneg15_diffneg0p2_notitle_px1152.png,Optical Illusion,Ponzo illusion,"Are the two horizontal lines equal in length? Answer in curly brackets, e.g., {Yes} or {No}.",No,Yes,False,Q1,1152,main
Ponzo_016_Q2_notitle_px1152,vlms-are-biased-notitle/ponzo/images/Ponzo_016_strneg15_diffneg0p2_notitle_px1152.png,Optical Illusion,Ponzo illusion,"Do the two horizontal lines have the same length? Answer in curly brackets, e.g., {Yes} or {No}.",No,Yes,False,Q2,1152,main
Ponzo_017_Q1_notitle_px384,vlms-are-biased-notitle/ponzo/images/Ponzo_017_str15_diff0p25_notitle_px384.png,Optical Illusion,Ponzo illusion,"Are the two horizontal lines equal in length? Answer in curly brackets, e.g., {Yes} or {No}.",No,Yes,False,Q1,384,main
Ponzo_017_Q2_notitle_px384,vlms-are-biased-notitle/ponzo/images/Ponzo_017_str15_diff0p25_notitle_px384.png,Optical Illusion,Ponzo illusion,"Do the two horizontal lines have the same length? Answer in curly brackets, e.g., {Yes} or {No}.",No,Yes,False,Q2,384,main
Ponzo_017_Q1_notitle_px768,vlms-are-biased-notitle/ponzo/images/Ponzo_017_str15_diff0p25_notitle_px768.png,Optical Illusion,Ponzo illusion,"Are the two horizontal lines equal in length? Answer in curly brackets, e.g., {Yes} or {No}.",No,Yes,False,Q1,768,main
Ponzo_017_Q2_notitle_px768,vlms-are-biased-notitle/ponzo/images/Ponzo_017_str15_diff0p25_notitle_px768.png,Optical Illusion,Ponzo illusion,"Do the two horizontal lines have the same length? Answer in curly brackets, e.g., {Yes} or {No}.",No,Yes,False,Q2,768,main
Ponzo_017_Q1_notitle_px1152,vlms-are-biased-notitle/ponzo/images/Ponzo_017_str15_diff0p25_notitle_px1152.png,Optical Illusion,Ponzo illusion,"Are the two horizontal lines equal in length? Answer in curly brackets, e.g., {Yes} or {No}.",No,Yes,False,Q1,1152,main
Ponzo_017_Q2_notitle_px1152,vlms-are-biased-notitle/ponzo/images/Ponzo_017_str15_diff0p25_notitle_px1152.png,Optical Illusion,Ponzo illusion,"Do the two horizontal lines have the same length? Answer in curly brackets, e.g., {Yes} or {No}.",No,Yes,False,Q2,1152,main
Ponzo_018_Q1_notitle_px384,vlms-are-biased-notitle/ponzo/images/Ponzo_018_strneg15_diffneg0p25_notitle_px384.png,Optical Illusion,Ponzo illusion,"Are the two horizontal lines equal in length? Answer in curly brackets, e.g., {Yes} or {No}.",No,Yes,False,Q1,384,main
Ponzo_018_Q2_notitle_px384,vlms-are-biased-notitle/ponzo/images/Ponzo_018_strneg15_diffneg0p25_notitle_px384.png,Optical Illusion,Ponzo illusion,"Do the two horizontal lines have the same length? Answer in curly brackets, e.g., {Yes} or {No}.",No,Yes,False,Q2,384,main
Ponzo_018_Q1_notitle_px768,vlms-are-biased-notitle/ponzo/images/Ponzo_018_strneg15_diffneg0p25_notitle_px768.png,Optical Illusion,Ponzo illusion,"Are the two horizontal lines equal in length? Answer in curly brackets, e.g., {Yes} or {No}.",No,Yes,False,Q1,768,main
Ponzo_018_Q2_notitle_px768,vlms-are-biased-notitle/ponzo/images/Ponzo_018_strneg15_diffneg0p25_notitle_px768.png,Optical Illusion,Ponzo illusion,"Do the two horizontal lines have the same length? Answer in curly brackets, e.g., {Yes} or {No}.",No,Yes,False,Q2,768,main
Ponzo_018_Q1_notitle_px1152,vlms-are-biased-notitle/ponzo/images/Ponzo_018_strneg15_diffneg0p25_notitle_px1152.png,Optical Illusion,Ponzo illusion,"Are the two horizontal lines equal in length? Answer in curly brackets, e.g., {Yes} or {No}.",No,Yes,False,Q1,1152,main
Ponzo_018_Q2_notitle_px1152,vlms-are-biased-notitle/ponzo/images/Ponzo_018_strneg15_diffneg0p25_notitle_px1152.png,Optical Illusion,Ponzo illusion,"Do the two horizontal lines have the same length? Answer in curly brackets, e.g., {Yes} or {No}.",No,Yes,False,Q2,1152,main
Ponzo_019_Q1_notitle_px384,vlms-are-biased-notitle/ponzo/images/Ponzo_019_str18_diff0p15_notitle_px384.png,Optical Illusion,Ponzo illusion,"Are the two horizontal lines equal in length? Answer in curly brackets, e.g., {Yes} or {No}.",No,Yes,False,Q1,384,main
Ponzo_019_Q2_notitle_px384,vlms-are-biased-notitle/ponzo/images/Ponzo_019_str18_diff0p15_notitle_px384.png,Optical Illusion,Ponzo illusion,"Do the two horizontal lines have the same length? Answer in curly brackets, e.g., {Yes} or {No}.",No,Yes,False,Q2,384,main
Ponzo_019_Q1_notitle_px768,vlms-are-biased-notitle/ponzo/images/Ponzo_019_str18_diff0p15_notitle_px768.png,Optical Illusion,Ponzo illusion,"Are the two horizontal lines equal in length? Answer in curly brackets, e.g., {Yes} or {No}.",No,Yes,False,Q1,768,main
Ponzo_019_Q2_notitle_px768,vlms-are-biased-notitle/ponzo/images/Ponzo_019_str18_diff0p15_notitle_px768.png,Optical Illusion,Ponzo illusion,"Do the two horizontal lines have the same length? Answer in curly brackets, e.g., {Yes} or {No}.",No,Yes,False,Q2,768,main
Ponzo_019_Q1_notitle_px1152,vlms-are-biased-notitle/ponzo/images/Ponzo_019_str18_diff0p15_notitle_px1152.png,Optical Illusion,Ponzo illusion,"Are the two horizontal lines equal in length? Answer in curly brackets, e.g., {Yes} or {No}.",No,Yes,False,Q1,1152,main
Ponzo_019_Q2_notitle_px1152,vlms-are-biased-notitle/ponzo/images/Ponzo_019_str18_diff0p15_notitle_px1152.png,Optical Illusion,Ponzo illusion,"Do the two horizontal lines have the same length? Answer in curly brackets, e.g., {Yes} or {No}.",No,Yes,False,Q2,1152,main
Ponzo_020_Q1_notitle_px384,vlms-are-biased-notitle/ponzo/images/Ponzo_020_strneg18_diffneg0p15_notitle_px384.png,Optical Illusion,Ponzo illusion,"Are the two horizontal lines equal in length? Answer in curly brackets, e.g., {Yes} or {No}.",No,Yes,False,Q1,384,main
Ponzo_020_Q2_notitle_px384,vlms-are-biased-notitle/ponzo/images/Ponzo_020_strneg18_diffneg0p15_notitle_px384.png,Optical Illusion,Ponzo illusion,"Do the two horizontal lines have the same length? Answer in curly brackets, e.g., {Yes} or {No}.",No,Yes,False,Q2,384,main
Ponzo_020_Q1_notitle_px768,vlms-are-biased-notitle/ponzo/images/Ponzo_020_strneg18_diffneg0p15_notitle_px768.png,Optical Illusion,Ponzo illusion,"Are the two horizontal lines equal in length? Answer in curly brackets, e.g., {Yes} or {No}.",No,Yes,False,Q1,768,main
Ponzo_020_Q2_notitle_px768,vlms-are-biased-notitle/ponzo/images/Ponzo_020_strneg18_diffneg0p15_notitle_px768.png,Optical Illusion,Ponzo illusion,"Do the two horizontal lines have the same length? Answer in curly brackets, e.g., {Yes} or {No}.",No,Yes,False,Q2,768,main
Ponzo_020_Q1_notitle_px1152,vlms-are-biased-notitle/ponzo/images/Ponzo_020_strneg18_diffneg0p15_notitle_px1152.png,Optical Illusion,Ponzo illusion,"Are the two horizontal lines equal in length? Answer in curly brackets, e.g., {Yes} or {No}.",No,Yes,False,Q1,1152,main
Ponzo_020_Q2_notitle_px1152,vlms-are-biased-notitle/ponzo/images/Ponzo_020_strneg18_diffneg0p15_notitle_px1152.png,Optical Illusion,Ponzo illusion,"Do the two horizontal lines have the same length? Answer in curly brackets, e.g., {Yes} or {No}.",No,Yes,False,Q2,1152,main
Ponzo_021_Q1_notitle_px384,vlms-are-biased-notitle/ponzo/images/Ponzo_021_str18_diff0p2_notitle_px384.png,Optical Illusion,Ponzo illusion,"Are the two horizontal lines equal in length? Answer in curly brackets, e.g., {Yes} or {No}.",No,Yes,False,Q1,384,main
Ponzo_021_Q2_notitle_px384,vlms-are-biased-notitle/ponzo/images/Ponzo_021_str18_diff0p2_notitle_px384.png,Optical Illusion,Ponzo illusion,"Do the two horizontal lines have the same length? Answer in curly brackets, e.g., {Yes} or {No}.",No,Yes,False,Q2,384,main
Ponzo_021_Q1_notitle_px768,vlms-are-biased-notitle/ponzo/images/Ponzo_021_str18_diff0p2_notitle_px768.png,Optical Illusion,Ponzo illusion,"Are the two horizontal lines equal in length? Answer in curly brackets, e.g., {Yes} or {No}.",No,Yes,False,Q1,768,main
Ponzo_021_Q2_notitle_px768,vlms-are-biased-notitle/ponzo/images/Ponzo_021_str18_diff0p2_notitle_px768.png,Optical Illusion,Ponzo illusion,"Do the two horizontal lines have the same length? Answer in curly brackets, e.g., {Yes} or {No}.",No,Yes,False,Q2,768,main
Ponzo_021_Q1_notitle_px1152,vlms-are-biased-notitle/ponzo/images/Ponzo_021_str18_diff0p2_notitle_px1152.png,Optical Illusion,Ponzo illusion,"Are the two horizontal lines equal in length? Answer in curly brackets, e.g., {Yes} or {No}.",No,Yes,False,Q1,1152,main
Ponzo_021_Q2_notitle_px1152,vlms-are-biased-notitle/ponzo/images/Ponzo_021_str18_diff0p2_notitle_px1152.png,Optical Illusion,Ponzo illusion,"Do the two horizontal lines have the same length? Answer in curly brackets, e.g., {Yes} or {No}.",No,Yes,False,Q2,1152,main
Ponzo_022_Q1_notitle_px384,vlms-are-biased-notitle/ponzo/images/Ponzo_022_strneg18_diffneg0p2_notitle_px384.png,Optical Illusion,Ponzo illusion,"Are the two horizontal lines equal in length? Answer in curly brackets, e.g., {Yes} or {No}.",No,Yes,False,Q1,384,main
Ponzo_022_Q2_notitle_px384,vlms-are-biased-notitle/ponzo/images/Ponzo_022_strneg18_diffneg0p2_notitle_px384.png,Optical Illusion,Ponzo illusion,"Do the two horizontal lines have the same length? Answer in curly brackets, e.g., {Yes} or {No}.",No,Yes,False,Q2,384,main
Ponzo_022_Q1_notitle_px768,vlms-are-biased-notitle/ponzo/images/Ponzo_022_strneg18_diffneg0p2_notitle_px768.png,Optical Illusion,Ponzo illusion,"Are the two horizontal lines equal in length? Answer in curly brackets, e.g., {Yes} or {No}.",No,Yes,False,Q1,768,main
Ponzo_022_Q2_notitle_px768,vlms-are-biased-notitle/ponzo/images/Ponzo_022_strneg18_diffneg0p2_notitle_px768.png,Optical Illusion,Ponzo illusion,"Do the two horizontal lines have the same length? Answer in curly brackets, e.g., {Yes} or {No}.",No,Yes,False,Q2,768,main
Ponzo_022_Q1_notitle_px1152,vlms-are-biased-notitle/ponzo/images/Ponzo_022_strneg18_diffneg0p2_notitle_px1152.png,Optical Illusion,Ponzo illusion,"Are the two horizontal lines equal in length? Answer in curly brackets, e.g., {Yes} or {No}.",No,Yes,False,Q1,1152,main
Ponzo_022_Q2_notitle_px1152,vlms-are-biased-notitle/ponzo/images/Ponzo_022_strneg18_diffneg0p2_notitle_px1152.png,Optical Illusion,Ponzo illusion,"Do the two horizontal lines have the same length? Answer in curly brackets, e.g., {Yes} or {No}.",No,Yes,False,Q2,1152,main
Ponzo_023_Q1_notitle_px384,vlms-are-biased-notitle/ponzo/images/Ponzo_023_str18_diff0p25_notitle_px384.png,Optical Illusion,Ponzo illusion,"Are the two horizontal lines equal in length? Answer in curly brackets, e.g., {Yes} or {No}.",No,Yes,False,Q1,384,main
Ponzo_023_Q2_notitle_px384,vlms-are-biased-notitle/ponzo/images/Ponzo_023_str18_diff0p25_notitle_px384.png,Optical Illusion,Ponzo illusion,"Do the two horizontal lines have the same length? Answer in curly brackets, e.g., {Yes} or {No}.",No,Yes,False,Q2,384,main
Ponzo_023_Q1_notitle_px768,vlms-are-biased-notitle/ponzo/images/Ponzo_023_str18_diff0p25_notitle_px768.png,Optical Illusion,Ponzo illusion,"Are the two horizontal lines equal in length? Answer in curly brackets, e.g., {Yes} or {No}.",No,Yes,False,Q1,768,main
Ponzo_023_Q2_notitle_px768,vlms-are-biased-notitle/ponzo/images/Ponzo_023_str18_diff0p25_notitle_px768.png,Optical Illusion,Ponzo illusion,"Do the two horizontal lines have the same length? Answer in curly brackets, e.g., {Yes} or {No}.",No,Yes,False,Q2,768,main
Ponzo_023_Q1_notitle_px1152,vlms-are-biased-notitle/ponzo/images/Ponzo_023_str18_diff0p25_notitle_px1152.png,Optical Illusion,Ponzo illusion,"Are the two horizontal lines equal in length? Answer in curly brackets, e.g., {Yes} or {No}.",No,Yes,False,Q1,1152,main
Ponzo_023_Q2_notitle_px1152,vlms-are-biased-notitle/ponzo/images/Ponzo_023_str18_diff0p25_notitle_px1152.png,Optical Illusion,Ponzo illusion,"Do the two horizontal lines have the same length? Answer in curly brackets, e.g., {Yes} or {No}.",No,Yes,False,Q2,1152,main
Ponzo_024_Q1_notitle_px384,vlms-are-biased-notitle/ponzo/images/Ponzo_024_strneg18_diffneg0p25_notitle_px384.png,Optical Illusion,Ponzo illusion,"Are the two horizontal lines equal in length? Answer in curly brackets, e.g., {Yes} or {No}.",No,Yes,False,Q1,384,main
Ponzo_024_Q2_notitle_px384,vlms-are-biased-notitle/ponzo/images/Ponzo_024_strneg18_diffneg0p25_notitle_px384.png,Optical Illusion,Ponzo illusion,"Do the two horizontal lines have the same length? Answer in curly brackets, e.g., {Yes} or {No}.",No,Yes,False,Q2,384,main
Ponzo_024_Q1_notitle_px768,vlms-are-biased-notitle/ponzo/images/Ponzo_024_strneg18_diffneg0p25_notitle_px768.png,Optical Illusion,Ponzo illusion,"Are the two horizontal lines equal in length? Answer in curly brackets, e.g., {Yes} or {No}.",No,Yes,False,Q1,768,main
Ponzo_024_Q2_notitle_px768,vlms-are-biased-notitle/ponzo/images/Ponzo_024_strneg18_diffneg0p25_notitle_px768.png,Optical Illusion,Ponzo illusion,"Do the two horizontal lines have the same length? Answer in curly brackets, e.g., {Yes} or {No}.",No,Yes,False,Q2,768,main
Ponzo_024_Q1_notitle_px1152,vlms-are-biased-notitle/ponzo/images/Ponzo_024_strneg18_diffneg0p25_notitle_px1152.png,Optical Illusion,Ponzo illusion,"Are the two horizontal lines equal in length? Answer in curly brackets, e.g., {Yes} or {No}.",No,Yes,False,Q1,1152,main
Ponzo_024_Q2_notitle_px1152,vlms-are-biased-notitle/ponzo/images/Ponzo_024_strneg18_diffneg0p25_notitle_px1152.png,Optical Illusion,Ponzo illusion,"Do the two horizontal lines have the same length? Answer in curly brackets, e.g., {Yes} or {No}.",No,Yes,False,Q2,1152,main
Poggendorff_001_Q1_notitle_px384,vlms-are-biased-notitle/poggendorff/images/Poggendorff_001_str30_diff0_notitle_px384.png,Optical Illusion,Poggendorff illusion,"Are the two diagonal line segments aligned? Answer in curly brackets, e.g., {Yes} or {No}.",Yes,No,False,Q1,384,main
Poggendorff_001_Q2_notitle_px384,vlms-are-biased-notitle/poggendorff/images/Poggendorff_001_str30_diff0_notitle_px384.png,Optical Illusion,Poggendorff illusion,"Do the two diagonal lines form a straight line? Answer in curly brackets, e.g., {Yes} or {No}.",Yes,No,False,Q2,384,main
Poggendorff_001_Q1_notitle_px768,vlms-are-biased-notitle/poggendorff/images/Poggendorff_001_str30_diff0_notitle_px768.png,Optical Illusion,Poggendorff illusion,"Are the two diagonal line segments aligned? Answer in curly brackets, e.g., {Yes} or {No}.",Yes,No,False,Q1,768,main
Poggendorff_001_Q2_notitle_px768,vlms-are-biased-notitle/poggendorff/images/Poggendorff_001_str30_diff0_notitle_px768.png,Optical Illusion,Poggendorff illusion,"Do the two diagonal lines form a straight line? Answer in curly brackets, e.g., {Yes} or {No}.",Yes,No,False,Q2,768,main
Poggendorff_001_Q1_notitle_px1152,vlms-are-biased-notitle/poggendorff/images/Poggendorff_001_str30_diff0_notitle_px1152.png,Optical Illusion,Poggendorff illusion,"Are the two diagonal line segments aligned? Answer in curly brackets, e.g., {Yes} or {No}.",Yes,No,False,Q1,1152,main
Poggendorff_001_Q2_notitle_px1152,vlms-are-biased-notitle/poggendorff/images/Poggendorff_001_str30_diff0_notitle_px1152.png,Optical Illusion,Poggendorff illusion,"Do the two diagonal lines form a straight line? Answer in curly brackets, e.g., {Yes} or {No}.",Yes,No,False,Q2,1152,main
Poggendorff_002_Q1_notitle_px384,vlms-are-biased-notitle/poggendorff/images/Poggendorff_002_strneg30_diff0_notitle_px384.png,Optical Illusion,Poggendorff illusion,"Are the two diagonal line segments aligned? Answer in curly brackets, e.g., {Yes} or {No}.",Yes,No,False,Q1,384,main
Poggendorff_002_Q2_notitle_px384,vlms-are-biased-notitle/poggendorff/images/Poggendorff_002_strneg30_diff0_notitle_px384.png,Optical Illusion,Poggendorff illusion,"Do the two diagonal lines form a straight line? Answer in curly brackets, e.g., {Yes} or {No}.",Yes,No,False,Q2,384,main
Poggendorff_002_Q1_notitle_px768,vlms-are-biased-notitle/poggendorff/images/Poggendorff_002_strneg30_diff0_notitle_px768.png,Optical Illusion,Poggendorff illusion,"Are the two diagonal line segments aligned? Answer in curly brackets, e.g., {Yes} or {No}.",Yes,No,False,Q1,768,main
Poggendorff_002_Q2_notitle_px768,vlms-are-biased-notitle/poggendorff/images/Poggendorff_002_strneg30_diff0_notitle_px768.png,Optical Illusion,Poggendorff illusion,"Do the two diagonal lines form a straight line? Answer in curly brackets, e.g., {Yes} or {No}.",Yes,No,False,Q2,768,main
Poggendorff_002_Q1_notitle_px1152,vlms-are-biased-notitle/poggendorff/images/Poggendorff_002_strneg30_diff0_notitle_px1152.png,Optical Illusion,Poggendorff illusion,"Are the two diagonal line segments aligned? Answer in curly brackets, e.g., {Yes} or {No}.",Yes,No,False,Q1,1152,main
Poggendorff_002_Q2_notitle_px1152,vlms-are-biased-notitle/poggendorff/images/Poggendorff_002_strneg30_diff0_notitle_px1152.png,Optical Illusion,Poggendorff illusion,"Do the two diagonal lines form a straight line? Answer in curly brackets, e.g., {Yes} or {No}.",Yes,No,False,Q2,1152,main
Poggendorff_003_Q1_notitle_px384,vlms-are-biased-notitle/poggendorff/images/Poggendorff_003_str35_diff0_notitle_px384.png,Optical Illusion,Poggendorff illusion,"Are the two diagonal line segments aligned? Answer in curly brackets, e.g., {Yes} or {No}.",Yes,No,False,Q1,384,main
Poggendorff_003_Q2_notitle_px384,vlms-are-biased-notitle/poggendorff/images/Poggendorff_003_str35_diff0_notitle_px384.png,Optical Illusion,Poggendorff illusion,"Do the two diagonal lines form a straight line? Answer in curly brackets, e.g., {Yes} or {No}.",Yes,No,False,Q2,384,main
Poggendorff_003_Q1_notitle_px768,vlms-are-biased-notitle/poggendorff/images/Poggendorff_003_str35_diff0_notitle_px768.png,Optical Illusion,Poggendorff illusion,"Are the two diagonal line segments aligned? Answer in curly brackets, e.g., {Yes} or {No}.",Yes,No,False,Q1,768,main
Poggendorff_003_Q2_notitle_px768,vlms-are-biased-notitle/poggendorff/images/Poggendorff_003_str35_diff0_notitle_px768.png,Optical Illusion,Poggendorff illusion,"Do the two diagonal lines form a straight line? Answer in curly brackets, e.g., {Yes} or {No}.",Yes,No,False,Q2,768,main
Poggendorff_003_Q1_notitle_px1152,vlms-are-biased-notitle/poggendorff/images/Poggendorff_003_str35_diff0_notitle_px1152.png,Optical Illusion,Poggendorff illusion,"Are the two diagonal line segments aligned? Answer in curly brackets, e.g., {Yes} or {No}.",Yes,No,False,Q1,1152,main
Poggendorff_003_Q2_notitle_px1152,vlms-are-biased-notitle/poggendorff/images/Poggendorff_003_str35_diff0_notitle_px1152.png,Optical Illusion,Poggendorff illusion,"Do the two diagonal lines form a straight line? Answer in curly brackets, e.g., {Yes} or {No}.",Yes,No,False,Q2,1152,main
Poggendorff_004_Q1_notitle_px384,vlms-are-biased-notitle/poggendorff/images/Poggendorff_004_strneg35_diff0_notitle_px384.png,Optical Illusion,Poggendorff illusion,"Are the two diagonal line segments aligned? Answer in curly brackets, e.g., {Yes} or {No}.",Yes,No,False,Q1,384,main
Poggendorff_004_Q2_notitle_px384,vlms-are-biased-notitle/poggendorff/images/Poggendorff_004_strneg35_diff0_notitle_px384.png,Optical Illusion,Poggendorff illusion,"Do the two diagonal lines form a straight line? Answer in curly brackets, e.g., {Yes} or {No}.",Yes,No,False,Q2,384,main
Poggendorff_004_Q1_notitle_px768,vlms-are-biased-notitle/poggendorff/images/Poggendorff_004_strneg35_diff0_notitle_px768.png,Optical Illusion,Poggendorff illusion,"Are the two diagonal line segments aligned? Answer in curly brackets, e.g., {Yes} or {No}.",Yes,No,False,Q1,768,main
Poggendorff_004_Q2_notitle_px768,vlms-are-biased-notitle/poggendorff/images/Poggendorff_004_strneg35_diff0_notitle_px768.png,Optical Illusion,Poggendorff illusion,"Do the two diagonal lines form a straight line? Answer in curly brackets, e.g., {Yes} or {No}.",Yes,No,False,Q2,768,main
Poggendorff_004_Q1_notitle_px1152,vlms-are-biased-notitle/poggendorff/images/Poggendorff_004_strneg35_diff0_notitle_px1152.png,Optical Illusion,Poggendorff illusion,"Are the two diagonal line segments aligned? Answer in curly brackets, e.g., {Yes} or {No}.",Yes,No,False,Q1,1152,main
Poggendorff_004_Q2_notitle_px1152,vlms-are-biased-notitle/poggendorff/images/Poggendorff_004_strneg35_diff0_notitle_px1152.png,Optical Illusion,Poggendorff illusion,"Do the two diagonal lines form a straight line? Answer in curly brackets, e.g., {Yes} or {No}.",Yes,No,False,Q2,1152,main
Poggendorff_005_Q1_notitle_px384,vlms-are-biased-notitle/poggendorff/images/Poggendorff_005_str40_diff0_notitle_px384.png,Optical Illusion,Poggendorff illusion,"Are the two diagonal line segments aligned? Answer in curly brackets, e.g., {Yes} or {No}.",Yes,No,False,Q1,384,main
Poggendorff_005_Q2_notitle_px384,vlms-are-biased-notitle/poggendorff/images/Poggendorff_005_str40_diff0_notitle_px384.png,Optical Illusion,Poggendorff illusion,"Do the two diagonal lines form a straight line? Answer in curly brackets, e.g., {Yes} or {No}.",Yes,No,False,Q2,384,main
Poggendorff_005_Q1_notitle_px768,vlms-are-biased-notitle/poggendorff/images/Poggendorff_005_str40_diff0_notitle_px768.png,Optical Illusion,Poggendorff illusion,"Are the two diagonal line segments aligned? Answer in curly brackets, e.g., {Yes} or {No}.",Yes,No,False,Q1,768,main
Poggendorff_005_Q2_notitle_px768,vlms-are-biased-notitle/poggendorff/images/Poggendorff_005_str40_diff0_notitle_px768.png,Optical Illusion,Poggendorff illusion,"Do the two diagonal lines form a straight line? Answer in curly brackets, e.g., {Yes} or {No}.",Yes,No,False,Q2,768,main
Poggendorff_005_Q1_notitle_px1152,vlms-are-biased-notitle/poggendorff/images/Poggendorff_005_str40_diff0_notitle_px1152.png,Optical Illusion,Poggendorff illusion,"Are the two diagonal line segments aligned? Answer in curly brackets, e.g., {Yes} or {No}.",Yes,No,False,Q1,1152,main
Poggendorff_005_Q2_notitle_px1152,vlms-are-biased-notitle/poggendorff/images/Poggendorff_005_str40_diff0_notitle_px1152.png,Optical Illusion,Poggendorff illusion,"Do the two diagonal lines form a straight line? Answer in curly brackets, e.g., {Yes} or {No}.",Yes,No,False,Q2,1152,main
Poggendorff_006_Q1_notitle_px384,vlms-are-biased-notitle/poggendorff/images/Poggendorff_006_strneg40_diff0_notitle_px384.png,Optical Illusion,Poggendorff illusion,"Are the two diagonal line segments aligned? Answer in curly brackets, e.g., {Yes} or {No}.",Yes,No,False,Q1,384,main
Poggendorff_006_Q2_notitle_px384,vlms-are-biased-notitle/poggendorff/images/Poggendorff_006_strneg40_diff0_notitle_px384.png,Optical Illusion,Poggendorff illusion,"Do the two diagonal lines form a straight line? Answer in curly brackets, e.g., {Yes} or {No}.",Yes,No,False,Q2,384,main
Poggendorff_006_Q1_notitle_px768,vlms-are-biased-notitle/poggendorff/images/Poggendorff_006_strneg40_diff0_notitle_px768.png,Optical Illusion,Poggendorff illusion,"Are the two diagonal line segments aligned? Answer in curly brackets, e.g., {Yes} or {No}.",Yes,No,False,Q1,768,main
Poggendorff_006_Q2_notitle_px768,vlms-are-biased-notitle/poggendorff/images/Poggendorff_006_strneg40_diff0_notitle_px768.png,Optical Illusion,Poggendorff illusion,"Do the two diagonal lines form a straight line? Answer in curly brackets, e.g., {Yes} or {No}.",Yes,No,False,Q2,768,main
Poggendorff_006_Q1_notitle_px1152,vlms-are-biased-notitle/poggendorff/images/Poggendorff_006_strneg40_diff0_notitle_px1152.png,Optical Illusion,Poggendorff illusion,"Are the two diagonal line segments aligned? Answer in curly brackets, e.g., {Yes} or {No}.",Yes,No,False,Q1,1152,main
Poggendorff_006_Q2_notitle_px1152,vlms-are-biased-notitle/poggendorff/images/Poggendorff_006_strneg40_diff0_notitle_px1152.png,Optical Illusion,Poggendorff illusion,"Do the two diagonal lines form a straight line? Answer in curly brackets, e.g., {Yes} or {No}.",Yes,No,False,Q2,1152,main
Poggendorff_007_Q1_notitle_px384,vlms-are-biased-notitle/poggendorff/images/Poggendorff_007_str45_diff0_notitle_px384.png,Optical Illusion,Poggendorff illusion,"Are the two diagonal line segments aligned? Answer in curly brackets, e.g., {Yes} or {No}.",Yes,No,False,Q1,384,main
Poggendorff_007_Q2_notitle_px384,vlms-are-biased-notitle/poggendorff/images/Poggendorff_007_str45_diff0_notitle_px384.png,Optical Illusion,Poggendorff illusion,"Do the two diagonal lines form a straight line? Answer in curly brackets, e.g., {Yes} or {No}.",Yes,No,False,Q2,384,main
Poggendorff_007_Q1_notitle_px768,vlms-are-biased-notitle/poggendorff/images/Poggendorff_007_str45_diff0_notitle_px768.png,Optical Illusion,Poggendorff illusion,"Are the two diagonal line segments aligned? Answer in curly brackets, e.g., {Yes} or {No}.",Yes,No,False,Q1,768,main
Poggendorff_007_Q2_notitle_px768,vlms-are-biased-notitle/poggendorff/images/Poggendorff_007_str45_diff0_notitle_px768.png,Optical Illusion,Poggendorff illusion,"Do the two diagonal lines form a straight line? Answer in curly brackets, e.g., {Yes} or {No}.",Yes,No,False,Q2,768,main
Poggendorff_007_Q1_notitle_px1152,vlms-are-biased-notitle/poggendorff/images/Poggendorff_007_str45_diff0_notitle_px1152.png,Optical Illusion,Poggendorff illusion,"Are the two diagonal line segments aligned? Answer in curly brackets, e.g., {Yes} or {No}.",Yes,No,False,Q1,1152,main
Poggendorff_007_Q2_notitle_px1152,vlms-are-biased-notitle/poggendorff/images/Poggendorff_007_str45_diff0_notitle_px1152.png,Optical Illusion,Poggendorff illusion,"Do the two diagonal lines form a straight line? Answer in curly brackets, e.g., {Yes} or {No}.",Yes,No,False,Q2,1152,main
Poggendorff_008_Q1_notitle_px384,vlms-are-biased-notitle/poggendorff/images/Poggendorff_008_strneg45_diff0_notitle_px384.png,Optical Illusion,Poggendorff illusion,"Are the two diagonal line segments aligned? Answer in curly brackets, e.g., {Yes} or {No}.",Yes,No,False,Q1,384,main
Poggendorff_008_Q2_notitle_px384,vlms-are-biased-notitle/poggendorff/images/Poggendorff_008_strneg45_diff0_notitle_px384.png,Optical Illusion,Poggendorff illusion,"Do the two diagonal lines form a straight line? Answer in curly brackets, e.g., {Yes} or {No}.",Yes,No,False,Q2,384,main
Poggendorff_008_Q1_notitle_px768,vlms-are-biased-notitle/poggendorff/images/Poggendorff_008_strneg45_diff0_notitle_px768.png,Optical Illusion,Poggendorff illusion,"Are the two diagonal line segments aligned? Answer in curly brackets, e.g., {Yes} or {No}.",Yes,No,False,Q1,768,main
Poggendorff_008_Q2_notitle_px768,vlms-are-biased-notitle/poggendorff/images/Poggendorff_008_strneg45_diff0_notitle_px768.png,Optical Illusion,Poggendorff illusion,"Do the two diagonal lines form a straight line? Answer in curly brackets, e.g., {Yes} or {No}.",Yes,No,False,Q2,768,main
Poggendorff_008_Q1_notitle_px1152,vlms-are-biased-notitle/poggendorff/images/Poggendorff_008_strneg45_diff0_notitle_px1152.png,Optical Illusion,Poggendorff illusion,"Are the two diagonal line segments aligned? Answer in curly brackets, e.g., {Yes} or {No}.",Yes,No,False,Q1,1152,main
Poggendorff_008_Q2_notitle_px1152,vlms-are-biased-notitle/poggendorff/images/Poggendorff_008_strneg45_diff0_notitle_px1152.png,Optical Illusion,Poggendorff illusion,"Do the two diagonal lines form a straight line? Answer in curly brackets, e.g., {Yes} or {No}.",Yes,No,False,Q2,1152,main
Poggendorff_009_Q1_notitle_px384,vlms-are-biased-notitle/poggendorff/images/Poggendorff_009_str50_diff0_notitle_px384.png,Optical Illusion,Poggendorff illusion,"Are the two diagonal line segments aligned? Answer in curly brackets, e.g., {Yes} or {No}.",Yes,No,False,Q1,384,main
Poggendorff_009_Q2_notitle_px384,vlms-are-biased-notitle/poggendorff/images/Poggendorff_009_str50_diff0_notitle_px384.png,Optical Illusion,Poggendorff illusion,"Do the two diagonal lines form a straight line? Answer in curly brackets, e.g., {Yes} or {No}.",Yes,No,False,Q2,384,main
Poggendorff_009_Q1_notitle_px768,vlms-are-biased-notitle/poggendorff/images/Poggendorff_009_str50_diff0_notitle_px768.png,Optical Illusion,Poggendorff illusion,"Are the two diagonal line segments aligned? Answer in curly brackets, e.g., {Yes} or {No}.",Yes,No,False,Q1,768,main
Poggendorff_009_Q2_notitle_px768,vlms-are-biased-notitle/poggendorff/images/Poggendorff_009_str50_diff0_notitle_px768.png,Optical Illusion,Poggendorff illusion,"Do the two diagonal lines form a straight line? Answer in curly brackets, e.g., {Yes} or {No}.",Yes,No,False,Q2,768,main
Poggendorff_009_Q1_notitle_px1152,vlms-are-biased-notitle/poggendorff/images/Poggendorff_009_str50_diff0_notitle_px1152.png,Optical Illusion,Poggendorff illusion,"Are the two diagonal line segments aligned? Answer in curly brackets, e.g., {Yes} or {No}.",Yes,No,False,Q1,1152,main
Poggendorff_009_Q2_notitle_px1152,vlms-are-biased-notitle/poggendorff/images/Poggendorff_009_str50_diff0_notitle_px1152.png,Optical Illusion,Poggendorff illusion,"Do the two diagonal lines form a straight line? Answer in curly brackets, e.g., {Yes} or {No}.",Yes,No,False,Q2,1152,main
Poggendorff_010_Q1_notitle_px384,vlms-are-biased-notitle/poggendorff/images/Poggendorff_010_strneg50_diff0_notitle_px384.png,Optical Illusion,Poggendorff illusion,"Are the two diagonal line segments aligned? Answer in curly brackets, e.g., {Yes} or {No}.",Yes,No,False,Q1,384,main
Poggendorff_010_Q2_notitle_px384,vlms-are-biased-notitle/poggendorff/images/Poggendorff_010_strneg50_diff0_notitle_px384.png,Optical Illusion,Poggendorff illusion,"Do the two diagonal lines form a straight line? Answer in curly brackets, e.g., {Yes} or {No}.",Yes,No,False,Q2,384,main
Poggendorff_010_Q1_notitle_px768,vlms-are-biased-notitle/poggendorff/images/Poggendorff_010_strneg50_diff0_notitle_px768.png,Optical Illusion,Poggendorff illusion,"Are the two diagonal line segments aligned? Answer in curly brackets, e.g., {Yes} or {No}.",Yes,No,False,Q1,768,main
Poggendorff_010_Q2_notitle_px768,vlms-are-biased-notitle/poggendorff/images/Poggendorff_010_strneg50_diff0_notitle_px768.png,Optical Illusion,Poggendorff illusion,"Do the two diagonal lines form a straight line? Answer in curly brackets, e.g., {Yes} or {No}.",Yes,No,False,Q2,768,main
Poggendorff_010_Q1_notitle_px1152,vlms-are-biased-notitle/poggendorff/images/Poggendorff_010_strneg50_diff0_notitle_px1152.png,Optical Illusion,Poggendorff illusion,"Are the two diagonal line segments aligned? Answer in curly brackets, e.g., {Yes} or {No}.",Yes,No,False,Q1,1152,main
Poggendorff_010_Q2_notitle_px1152,vlms-are-biased-notitle/poggendorff/images/Poggendorff_010_strneg50_diff0_notitle_px1152.png,Optical Illusion,Poggendorff illusion,"Do the two diagonal lines form a straight line? Answer in curly brackets, e.g., {Yes} or {No}.",Yes,No,False,Q2,1152,main
Poggendorff_011_Q1_notitle_px384,vlms-are-biased-notitle/poggendorff/images/Poggendorff_011_str55_diff0_notitle_px384.png,Optical Illusion,Poggendorff illusion,"Are the two diagonal line segments aligned? Answer in curly brackets, e.g., {Yes} or {No}.",Yes,No,False,Q1,384,main
Poggendorff_011_Q2_notitle_px384,vlms-are-biased-notitle/poggendorff/images/Poggendorff_011_str55_diff0_notitle_px384.png,Optical Illusion,Poggendorff illusion,"Do the two diagonal lines form a straight line? Answer in curly brackets, e.g., {Yes} or {No}.",Yes,No,False,Q2,384,main
Poggendorff_011_Q1_notitle_px768,vlms-are-biased-notitle/poggendorff/images/Poggendorff_011_str55_diff0_notitle_px768.png,Optical Illusion,Poggendorff illusion,"Are the two diagonal line segments aligned? Answer in curly brackets, e.g., {Yes} or {No}.",Yes,No,False,Q1,768,main
Poggendorff_011_Q2_notitle_px768,vlms-are-biased-notitle/poggendorff/images/Poggendorff_011_str55_diff0_notitle_px768.png,Optical Illusion,Poggendorff illusion,"Do the two diagonal lines form a straight line? Answer in curly brackets, e.g., {Yes} or {No}.",Yes,No,False,Q2,768,main
Poggendorff_011_Q1_notitle_px1152,vlms-are-biased-notitle/poggendorff/images/Poggendorff_011_str55_diff0_notitle_px1152.png,Optical Illusion,Poggendorff illusion,"Are the two diagonal line segments aligned? Answer in curly brackets, e.g., {Yes} or {No}.",Yes,No,False,Q1,1152,main
Poggendorff_011_Q2_notitle_px1152,vlms-are-biased-notitle/poggendorff/images/Poggendorff_011_str55_diff0_notitle_px1152.png,Optical Illusion,Poggendorff illusion,"Do the two diagonal lines form a straight line? Answer in curly brackets, e.g., {Yes} or {No}.",Yes,No,False,Q2,1152,main
Poggendorff_012_Q1_notitle_px384,vlms-are-biased-notitle/poggendorff/images/Poggendorff_012_strneg55_diff0_notitle_px384.png,Optical Illusion,Poggendorff illusion,"Are the two diagonal line segments aligned? Answer in curly brackets, e.g., {Yes} or {No}.",Yes,No,False,Q1,384,main
Poggendorff_012_Q2_notitle_px384,vlms-are-biased-notitle/poggendorff/images/Poggendorff_012_strneg55_diff0_notitle_px384.png,Optical Illusion,Poggendorff illusion,"Do the two diagonal lines form a straight line? Answer in curly brackets, e.g., {Yes} or {No}.",Yes,No,False,Q2,384,main
Poggendorff_012_Q1_notitle_px768,vlms-are-biased-notitle/poggendorff/images/Poggendorff_012_strneg55_diff0_notitle_px768.png,Optical Illusion,Poggendorff illusion,"Are the two diagonal line segments aligned? Answer in curly brackets, e.g., {Yes} or {No}.",Yes,No,False,Q1,768,main
Poggendorff_012_Q2_notitle_px768,vlms-are-biased-notitle/poggendorff/images/Poggendorff_012_strneg55_diff0_notitle_px768.png,Optical Illusion,Poggendorff illusion,"Do the two diagonal lines form a straight line? Answer in curly brackets, e.g., {Yes} or {No}.",Yes,No,False,Q2,768,main
Poggendorff_012_Q1_notitle_px1152,vlms-are-biased-notitle/poggendorff/images/Poggendorff_012_strneg55_diff0_notitle_px1152.png,Optical Illusion,Poggendorff illusion,"Are the two diagonal line segments aligned? Answer in curly brackets, e.g., {Yes} or {No}.",Yes,No,False,Q1,1152,main
Poggendorff_012_Q2_notitle_px1152,vlms-are-biased-notitle/poggendorff/images/Poggendorff_012_strneg55_diff0_notitle_px1152.png,Optical Illusion,Poggendorff illusion,"Do the two diagonal lines form a straight line? Answer in curly brackets, e.g., {Yes} or {No}.",Yes,No,False,Q2,1152,main
Poggendorff_013_Q1_notitle_px384,vlms-are-biased-notitle/poggendorff/images/Poggendorff_013_str40_diff0p1_notitle_px384.png,Optical Illusion,Poggendorff illusion,"Are the two diagonal line segments aligned? Answer in curly brackets, e.g., {Yes} or {No}.",No,Yes,False,Q1,384,main
Poggendorff_013_Q2_notitle_px384,vlms-are-biased-notitle/poggendorff/images/Poggendorff_013_str40_diff0p1_notitle_px384.png,Optical Illusion,Poggendorff illusion,"Do the two diagonal lines form a straight line? Answer in curly brackets, e.g., {Yes} or {No}.",No,Yes,False,Q2,384,main
Poggendorff_013_Q1_notitle_px768,vlms-are-biased-notitle/poggendorff/images/Poggendorff_013_str40_diff0p1_notitle_px768.png,Optical Illusion,Poggendorff illusion,"Are the two diagonal line segments aligned? Answer in curly brackets, e.g., {Yes} or {No}.",No,Yes,False,Q1,768,main
Poggendorff_013_Q2_notitle_px768,vlms-are-biased-notitle/poggendorff/images/Poggendorff_013_str40_diff0p1_notitle_px768.png,Optical Illusion,Poggendorff illusion,"Do the two diagonal lines form a straight line? Answer in curly brackets, e.g., {Yes} or {No}.",No,Yes,False,Q2,768,main
Poggendorff_013_Q1_notitle_px1152,vlms-are-biased-notitle/poggendorff/images/Poggendorff_013_str40_diff0p1_notitle_px1152.png,Optical Illusion,Poggendorff illusion,"Are the two diagonal line segments aligned? Answer in curly brackets, e.g., {Yes} or {No}.",No,Yes,False,Q1,1152,main
Poggendorff_013_Q2_notitle_px1152,vlms-are-biased-notitle/poggendorff/images/Poggendorff_013_str40_diff0p1_notitle_px1152.png,Optical Illusion,Poggendorff illusion,"Do the two diagonal lines form a straight line? Answer in curly brackets, e.g., {Yes} or {No}.",No,Yes,False,Q2,1152,main
Poggendorff_014_Q1_notitle_px384,vlms-are-biased-notitle/poggendorff/images/Poggendorff_014_strneg40_diffneg0p1_notitle_px384.png,Optical Illusion,Poggendorff illusion,"Are the two diagonal line segments aligned? Answer in curly brackets, e.g., {Yes} or {No}.",No,Yes,False,Q1,384,main
Poggendorff_014_Q2_notitle_px384,vlms-are-biased-notitle/poggendorff/images/Poggendorff_014_strneg40_diffneg0p1_notitle_px384.png,Optical Illusion,Poggendorff illusion,"Do the two diagonal lines form a straight line? Answer in curly brackets, e.g., {Yes} or {No}.",No,Yes,False,Q2,384,main
Poggendorff_014_Q1_notitle_px768,vlms-are-biased-notitle/poggendorff/images/Poggendorff_014_strneg40_diffneg0p1_notitle_px768.png,Optical Illusion,Poggendorff illusion,"Are the two diagonal line segments aligned? Answer in curly brackets, e.g., {Yes} or {No}.",No,Yes,False,Q1,768,main
Poggendorff_014_Q2_notitle_px768,vlms-are-biased-notitle/poggendorff/images/Poggendorff_014_strneg40_diffneg0p1_notitle_px768.png,Optical Illusion,Poggendorff illusion,"Do the two diagonal lines form a straight line? Answer in curly brackets, e.g., {Yes} or {No}.",No,Yes,False,Q2,768,main
Poggendorff_014_Q1_notitle_px1152,vlms-are-biased-notitle/poggendorff/images/Poggendorff_014_strneg40_diffneg0p1_notitle_px1152.png,Optical Illusion,Poggendorff illusion,"Are the two diagonal line segments aligned? Answer in curly brackets, e.g., {Yes} or {No}.",No,Yes,False,Q1,1152,main
Poggendorff_014_Q2_notitle_px1152,vlms-are-biased-notitle/poggendorff/images/Poggendorff_014_strneg40_diffneg0p1_notitle_px1152.png,Optical Illusion,Poggendorff illusion,"Do the two diagonal lines form a straight line? Answer in curly brackets, e.g., {Yes} or {No}.",No,Yes,False,Q2,1152,main
Poggendorff_015_Q1_notitle_px384,vlms-are-biased-notitle/poggendorff/images/Poggendorff_015_str40_diff0p2_notitle_px384.png,Optical Illusion,Poggendorff illusion,"Are the two diagonal line segments aligned? Answer in curly brackets, e.g., {Yes} or {No}.",No,Yes,False,Q1,384,main
Poggendorff_015_Q2_notitle_px384,vlms-are-biased-notitle/poggendorff/images/Poggendorff_015_str40_diff0p2_notitle_px384.png,Optical Illusion,Poggendorff illusion,"Do the two diagonal lines form a straight line? Answer in curly brackets, e.g., {Yes} or {No}.",No,Yes,False,Q2,384,main
Poggendorff_015_Q1_notitle_px768,vlms-are-biased-notitle/poggendorff/images/Poggendorff_015_str40_diff0p2_notitle_px768.png,Optical Illusion,Poggendorff illusion,"Are the two diagonal line segments aligned? Answer in curly brackets, e.g., {Yes} or {No}.",No,Yes,False,Q1,768,main
Poggendorff_015_Q2_notitle_px768,vlms-are-biased-notitle/poggendorff/images/Poggendorff_015_str40_diff0p2_notitle_px768.png,Optical Illusion,Poggendorff illusion,"Do the two diagonal lines form a straight line? Answer in curly brackets, e.g., {Yes} or {No}.",No,Yes,False,Q2,768,main
Poggendorff_015_Q1_notitle_px1152,vlms-are-biased-notitle/poggendorff/images/Poggendorff_015_str40_diff0p2_notitle_px1152.png,Optical Illusion,Poggendorff illusion,"Are the two diagonal line segments aligned? Answer in curly brackets, e.g., {Yes} or {No}.",No,Yes,False,Q1,1152,main
Poggendorff_015_Q2_notitle_px1152,vlms-are-biased-notitle/poggendorff/images/Poggendorff_015_str40_diff0p2_notitle_px1152.png,Optical Illusion,Poggendorff illusion,"Do the two diagonal lines form a straight line? Answer in curly brackets, e.g., {Yes} or {No}.",No,Yes,False,Q2,1152,main
Poggendorff_016_Q1_notitle_px384,vlms-are-biased-notitle/poggendorff/images/Poggendorff_016_strneg40_diffneg0p2_notitle_px384.png,Optical Illusion,Poggendorff illusion,"Are the two diagonal line segments aligned? Answer in curly brackets, e.g., {Yes} or {No}.",No,Yes,False,Q1,384,main
Poggendorff_016_Q2_notitle_px384,vlms-are-biased-notitle/poggendorff/images/Poggendorff_016_strneg40_diffneg0p2_notitle_px384.png,Optical Illusion,Poggendorff illusion,"Do the two diagonal lines form a straight line? Answer in curly brackets, e.g., {Yes} or {No}.",No,Yes,False,Q2,384,main
Poggendorff_016_Q1_notitle_px768,vlms-are-biased-notitle/poggendorff/images/Poggendorff_016_strneg40_diffneg0p2_notitle_px768.png,Optical Illusion,Poggendorff illusion,"Are the two diagonal line segments aligned? Answer in curly brackets, e.g., {Yes} or {No}.",No,Yes,False,Q1,768,main
Poggendorff_016_Q2_notitle_px768,vlms-are-biased-notitle/poggendorff/images/Poggendorff_016_strneg40_diffneg0p2_notitle_px768.png,Optical Illusion,Poggendorff illusion,"Do the two diagonal lines form a straight line? Answer in curly brackets, e.g., {Yes} or {No}.",No,Yes,False,Q2,768,main
Poggendorff_016_Q1_notitle_px1152,vlms-are-biased-notitle/poggendorff/images/Poggendorff_016_strneg40_diffneg0p2_notitle_px1152.png,Optical Illusion,Poggendorff illusion,"Are the two diagonal line segments aligned? Answer in curly brackets, e.g., {Yes} or {No}.",No,Yes,False,Q1,1152,main
Poggendorff_016_Q2_notitle_px1152,vlms-are-biased-notitle/poggendorff/images/Poggendorff_016_strneg40_diffneg0p2_notitle_px1152.png,Optical Illusion,Poggendorff illusion,"Do the two diagonal lines form a straight line? Answer in curly brackets, e.g., {Yes} or {No}.",No,Yes,False,Q2,1152,main
Poggendorff_017_Q1_notitle_px384,vlms-are-biased-notitle/poggendorff/images/Poggendorff_017_str45_diff0p1_notitle_px384.png,Optical Illusion,Poggendorff illusion,"Are the two diagonal line segments aligned? Answer in curly brackets, e.g., {Yes} or {No}.",No,Yes,False,Q1,384,main
Poggendorff_017_Q2_notitle_px384,vlms-are-biased-notitle/poggendorff/images/Poggendorff_017_str45_diff0p1_notitle_px384.png,Optical Illusion,Poggendorff illusion,"Do the two diagonal lines form a straight line? Answer in curly brackets, e.g., {Yes} or {No}.",No,Yes,False,Q2,384,main
Poggendorff_017_Q1_notitle_px768,vlms-are-biased-notitle/poggendorff/images/Poggendorff_017_str45_diff0p1_notitle_px768.png,Optical Illusion,Poggendorff illusion,"Are the two diagonal line segments aligned? Answer in curly brackets, e.g., {Yes} or {No}.",No,Yes,False,Q1,768,main
Poggendorff_017_Q2_notitle_px768,vlms-are-biased-notitle/poggendorff/images/Poggendorff_017_str45_diff0p1_notitle_px768.png,Optical Illusion,Poggendorff illusion,"Do the two diagonal lines form a straight line? Answer in curly brackets, e.g., {Yes} or {No}.",No,Yes,False,Q2,768,main
Poggendorff_017_Q1_notitle_px1152,vlms-are-biased-notitle/poggendorff/images/Poggendorff_017_str45_diff0p1_notitle_px1152.png,Optical Illusion,Poggendorff illusion,"Are the two diagonal line segments aligned? Answer in curly brackets, e.g., {Yes} or {No}.",No,Yes,False,Q1,1152,main
Poggendorff_017_Q2_notitle_px1152,vlms-are-biased-notitle/poggendorff/images/Poggendorff_017_str45_diff0p1_notitle_px1152.png,Optical Illusion,Poggendorff illusion,"Do the two diagonal lines form a straight line? Answer in curly brackets, e.g., {Yes} or {No}.",No,Yes,False,Q2,1152,main
Poggendorff_018_Q1_notitle_px384,vlms-are-biased-notitle/poggendorff/images/Poggendorff_018_strneg45_diffneg0p1_notitle_px384.png,Optical Illusion,Poggendorff illusion,"Are the two diagonal line segments aligned? Answer in curly brackets, e.g., {Yes} or {No}.",No,Yes,False,Q1,384,main
Poggendorff_018_Q2_notitle_px384,vlms-are-biased-notitle/poggendorff/images/Poggendorff_018_strneg45_diffneg0p1_notitle_px384.png,Optical Illusion,Poggendorff illusion,"Do the two diagonal lines form a straight line? Answer in curly brackets, e.g., {Yes} or {No}.",No,Yes,False,Q2,384,main
Poggendorff_018_Q1_notitle_px768,vlms-are-biased-notitle/poggendorff/images/Poggendorff_018_strneg45_diffneg0p1_notitle_px768.png,Optical Illusion,Poggendorff illusion,"Are the two diagonal line segments aligned? Answer in curly brackets, e.g., {Yes} or {No}.",No,Yes,False,Q1,768,main
Poggendorff_018_Q2_notitle_px768,vlms-are-biased-notitle/poggendorff/images/Poggendorff_018_strneg45_diffneg0p1_notitle_px768.png,Optical Illusion,Poggendorff illusion,"Do the two diagonal lines form a straight line? Answer in curly brackets, e.g., {Yes} or {No}.",No,Yes,False,Q2,768,main
Poggendorff_018_Q1_notitle_px1152,vlms-are-biased-notitle/poggendorff/images/Poggendorff_018_strneg45_diffneg0p1_notitle_px1152.png,Optical Illusion,Poggendorff illusion,"Are the two diagonal line segments aligned? Answer in curly brackets, e.g., {Yes} or {No}.",No,Yes,False,Q1,1152,main
Poggendorff_018_Q2_notitle_px1152,vlms-are-biased-notitle/poggendorff/images/Poggendorff_018_strneg45_diffneg0p1_notitle_px1152.png,Optical Illusion,Poggendorff illusion,"Do the two diagonal lines form a straight line? Answer in curly brackets, e.g., {Yes} or {No}.",No,Yes,False,Q2,1152,main
Poggendorff_019_Q1_notitle_px384,vlms-are-biased-notitle/poggendorff/images/Poggendorff_019_str45_diff0p2_notitle_px384.png,Optical Illusion,Poggendorff illusion,"Are the two diagonal line segments aligned? Answer in curly brackets, e.g., {Yes} or {No}.",No,Yes,False,Q1,384,main
Poggendorff_019_Q2_notitle_px384,vlms-are-biased-notitle/poggendorff/images/Poggendorff_019_str45_diff0p2_notitle_px384.png,Optical Illusion,Poggendorff illusion,"Do the two diagonal lines form a straight line? Answer in curly brackets, e.g., {Yes} or {No}.",No,Yes,False,Q2,384,main
Poggendorff_019_Q1_notitle_px768,vlms-are-biased-notitle/poggendorff/images/Poggendorff_019_str45_diff0p2_notitle_px768.png,Optical Illusion,Poggendorff illusion,"Are the two diagonal line segments aligned? Answer in curly brackets, e.g., {Yes} or {No}.",No,Yes,False,Q1,768,main
Poggendorff_019_Q2_notitle_px768,vlms-are-biased-notitle/poggendorff/images/Poggendorff_019_str45_diff0p2_notitle_px768.png,Optical Illusion,Poggendorff illusion,"Do the two diagonal lines form a straight line? Answer in curly brackets, e.g., {Yes} or {No}.",No,Yes,False,Q2,768,main
Poggendorff_019_Q1_notitle_px1152,vlms-are-biased-notitle/poggendorff/images/Poggendorff_019_str45_diff0p2_notitle_px1152.png,Optical Illusion,Poggendorff illusion,"Are the two diagonal line segments aligned? Answer in curly brackets, e.g., {Yes} or {No}.",No,Yes,False,Q1,1152,main
Poggendorff_019_Q2_notitle_px1152,vlms-are-biased-notitle/poggendorff/images/Poggendorff_019_str45_diff0p2_notitle_px1152.png,Optical Illusion,Poggendorff illusion,"Do the two diagonal lines form a straight line? Answer in curly brackets, e.g., {Yes} or {No}.",No,Yes,False,Q2,1152,main
Poggendorff_020_Q1_notitle_px384,vlms-are-biased-notitle/poggendorff/images/Poggendorff_020_strneg45_diffneg0p2_notitle_px384.png,Optical Illusion,Poggendorff illusion,"Are the two diagonal line segments aligned? Answer in curly brackets, e.g., {Yes} or {No}.",No,Yes,False,Q1,384,main
Poggendorff_020_Q2_notitle_px384,vlms-are-biased-notitle/poggendorff/images/Poggendorff_020_strneg45_diffneg0p2_notitle_px384.png,Optical Illusion,Poggendorff illusion,"Do the two diagonal lines form a straight line? Answer in curly brackets, e.g., {Yes} or {No}.",No,Yes,False,Q2,384,main
Poggendorff_020_Q1_notitle_px768,vlms-are-biased-notitle/poggendorff/images/Poggendorff_020_strneg45_diffneg0p2_notitle_px768.png,Optical Illusion,Poggendorff illusion,"Are the two diagonal line segments aligned? Answer in curly brackets, e.g., {Yes} or {No}.",No,Yes,False,Q1,768,main
Poggendorff_020_Q2_notitle_px768,vlms-are-biased-notitle/poggendorff/images/Poggendorff_020_strneg45_diffneg0p2_notitle_px768.png,Optical Illusion,Poggendorff illusion,"Do the two diagonal lines form a straight line? Answer in curly brackets, e.g., {Yes} or {No}.",No,Yes,False,Q2,768,main
Poggendorff_020_Q1_notitle_px1152,vlms-are-biased-notitle/poggendorff/images/Poggendorff_020_strneg45_diffneg0p2_notitle_px1152.png,Optical Illusion,Poggendorff illusion,"Are the two diagonal line segments aligned? Answer in curly brackets, e.g., {Yes} or {No}.",No,Yes,False,Q1,1152,main
Poggendorff_020_Q2_notitle_px1152,vlms-are-biased-notitle/poggendorff/images/Poggendorff_020_strneg45_diffneg0p2_notitle_px1152.png,Optical Illusion,Poggendorff illusion,"Do the two diagonal lines form a straight line? Answer in curly brackets, e.g., {Yes} or {No}.",No,Yes,False,Q2,1152,main
Poggendorff_021_Q1_notitle_px384,vlms-are-biased-notitle/poggendorff/images/Poggendorff_021_str50_diff0p1_notitle_px384.png,Optical Illusion,Poggendorff illusion,"Are the two diagonal line segments aligned? Answer in curly brackets, e.g., {Yes} or {No}.",No,Yes,False,Q1,384,main
Poggendorff_021_Q2_notitle_px384,vlms-are-biased-notitle/poggendorff/images/Poggendorff_021_str50_diff0p1_notitle_px384.png,Optical Illusion,Poggendorff illusion,"Do the two diagonal lines form a straight line? Answer in curly brackets, e.g., {Yes} or {No}.",No,Yes,False,Q2,384,main
Poggendorff_021_Q1_notitle_px768,vlms-are-biased-notitle/poggendorff/images/Poggendorff_021_str50_diff0p1_notitle_px768.png,Optical Illusion,Poggendorff illusion,"Are the two diagonal line segments aligned? Answer in curly brackets, e.g., {Yes} or {No}.",No,Yes,False,Q1,768,main
Poggendorff_021_Q2_notitle_px768,vlms-are-biased-notitle/poggendorff/images/Poggendorff_021_str50_diff0p1_notitle_px768.png,Optical Illusion,Poggendorff illusion,"Do the two diagonal lines form a straight line? Answer in curly brackets, e.g., {Yes} or {No}.",No,Yes,False,Q2,768,main
Poggendorff_021_Q1_notitle_px1152,vlms-are-biased-notitle/poggendorff/images/Poggendorff_021_str50_diff0p1_notitle_px1152.png,Optical Illusion,Poggendorff illusion,"Are the two diagonal line segments aligned? Answer in curly brackets, e.g., {Yes} or {No}.",No,Yes,False,Q1,1152,main
Poggendorff_021_Q2_notitle_px1152,vlms-are-biased-notitle/poggendorff/images/Poggendorff_021_str50_diff0p1_notitle_px1152.png,Optical Illusion,Poggendorff illusion,"Do the two diagonal lines form a straight line? Answer in curly brackets, e.g., {Yes} or {No}.",No,Yes,False,Q2,1152,main
Poggendorff_022_Q1_notitle_px384,vlms-are-biased-notitle/poggendorff/images/Poggendorff_022_strneg50_diffneg0p1_notitle_px384.png,Optical Illusion,Poggendorff illusion,"Are the two diagonal line segments aligned? Answer in curly brackets, e.g., {Yes} or {No}.",No,Yes,False,Q1,384,main
Poggendorff_022_Q2_notitle_px384,vlms-are-biased-notitle/poggendorff/images/Poggendorff_022_strneg50_diffneg0p1_notitle_px384.png,Optical Illusion,Poggendorff illusion,"Do the two diagonal lines form a straight line? Answer in curly brackets, e.g., {Yes} or {No}.",No,Yes,False,Q2,384,main
Poggendorff_022_Q1_notitle_px768,vlms-are-biased-notitle/poggendorff/images/Poggendorff_022_strneg50_diffneg0p1_notitle_px768.png,Optical Illusion,Poggendorff illusion,"Are the two diagonal line segments aligned? Answer in curly brackets, e.g., {Yes} or {No}.",No,Yes,False,Q1,768,main
Poggendorff_022_Q2_notitle_px768,vlms-are-biased-notitle/poggendorff/images/Poggendorff_022_strneg50_diffneg0p1_notitle_px768.png,Optical Illusion,Poggendorff illusion,"Do the two diagonal lines form a straight line? Answer in curly brackets, e.g., {Yes} or {No}.",No,Yes,False,Q2,768,main
Poggendorff_022_Q1_notitle_px1152,vlms-are-biased-notitle/poggendorff/images/Poggendorff_022_strneg50_diffneg0p1_notitle_px1152.png,Optical Illusion,Poggendorff illusion,"Are the two diagonal line segments aligned? Answer in curly brackets, e.g., {Yes} or {No}.",No,Yes,False,Q1,1152,main
Poggendorff_022_Q2_notitle_px1152,vlms-are-biased-notitle/poggendorff/images/Poggendorff_022_strneg50_diffneg0p1_notitle_px1152.png,Optical Illusion,Poggendorff illusion,"Do the two diagonal lines form a straight line? Answer in curly brackets, e.g., {Yes} or {No}.",No,Yes,False,Q2,1152,main
Poggendorff_023_Q1_notitle_px384,vlms-are-biased-notitle/poggendorff/images/Poggendorff_023_str50_diff0p2_notitle_px384.png,Optical Illusion,Poggendorff illusion,"Are the two diagonal line segments aligned? Answer in curly brackets, e.g., {Yes} or {No}.",No,Yes,False,Q1,384,main
Poggendorff_023_Q2_notitle_px384,vlms-are-biased-notitle/poggendorff/images/Poggendorff_023_str50_diff0p2_notitle_px384.png,Optical Illusion,Poggendorff illusion,"Do the two diagonal lines form a straight line? Answer in curly brackets, e.g., {Yes} or {No}.",No,Yes,False,Q2,384,main
Poggendorff_023_Q1_notitle_px768,vlms-are-biased-notitle/poggendorff/images/Poggendorff_023_str50_diff0p2_notitle_px768.png,Optical Illusion,Poggendorff illusion,"Are the two diagonal line segments aligned? Answer in curly brackets, e.g., {Yes} or {No}.",No,Yes,False,Q1,768,main
Poggendorff_023_Q2_notitle_px768,vlms-are-biased-notitle/poggendorff/images/Poggendorff_023_str50_diff0p2_notitle_px768.png,Optical Illusion,Poggendorff illusion,"Do the two diagonal lines form a straight line? Answer in curly brackets, e.g., {Yes} or {No}.",No,Yes,False,Q2,768,main
Poggendorff_023_Q1_notitle_px1152,vlms-are-biased-notitle/poggendorff/images/Poggendorff_023_str50_diff0p2_notitle_px1152.png,Optical Illusion,Poggendorff illusion,"Are the two diagonal line segments aligned? Answer in curly brackets, e.g., {Yes} or {No}.",No,Yes,False,Q1,1152,main
Poggendorff_023_Q2_notitle_px1152,vlms-are-biased-notitle/poggendorff/images/Poggendorff_023_str50_diff0p2_notitle_px1152.png,Optical Illusion,Poggendorff illusion,"Do the two diagonal lines form a straight line? Answer in curly brackets, e.g., {Yes} or {No}.",No,Yes,False,Q2,1152,main
Poggendorff_024_Q1_notitle_px384,vlms-are-biased-notitle/poggendorff/images/Poggendorff_024_strneg50_diffneg0p2_notitle_px384.png,Optical Illusion,Poggendorff illusion,"Are the two diagonal line segments aligned? Answer in curly brackets, e.g., {Yes} or {No}.",No,Yes,False,Q1,384,main
Poggendorff_024_Q2_notitle_px384,vlms-are-biased-notitle/poggendorff/images/Poggendorff_024_strneg50_diffneg0p2_notitle_px384.png,Optical Illusion,Poggendorff illusion,"Do the two diagonal lines form a straight line? Answer in curly brackets, e.g., {Yes} or {No}.",No,Yes,False,Q2,384,main
Poggendorff_024_Q1_notitle_px768,vlms-are-biased-notitle/poggendorff/images/Poggendorff_024_strneg50_diffneg0p2_notitle_px768.png,Optical Illusion,Poggendorff illusion,"Are the two diagonal line segments aligned? Answer in curly brackets, e.g., {Yes} or {No}.",No,Yes,False,Q1,768,main
Poggendorff_024_Q2_notitle_px768,vlms-are-biased-notitle/poggendorff/images/Poggendorff_024_strneg50_diffneg0p2_notitle_px768.png,Optical Illusion,Poggendorff illusion,"Do the two diagonal lines form a straight line? Answer in curly brackets, e.g., {Yes} or {No}.",No,Yes,False,Q2,768,main
Poggendorff_024_Q1_notitle_px1152,vlms-are-biased-notitle/poggendorff/images/Poggendorff_024_strneg50_diffneg0p2_notitle_px1152.png,Optical Illusion,Poggendorff illusion,"Are the two diagonal line segments aligned? Answer in curly brackets, e.g., {Yes} or {No}.",No,Yes,False,Q1,1152,main
Poggendorff_024_Q2_notitle_px1152,vlms-are-biased-notitle/poggendorff/images/Poggendorff_024_strneg50_diffneg0p2_notitle_px1152.png,Optical Illusion,Poggendorff illusion,"Do the two diagonal lines form a straight line? Answer in curly brackets, e.g., {Yes} or {No}.",No,Yes,False,Q2,1152,main
go_grid_01_remove_row_px384_Q1,vlms-are-biased-notitle/go_grid/images/go_grid_01_remove_row_px384.png,Game Boards,Go Grid,"How many horizontal lines are there on this board? Answer with a number in curly brackets, e.g., {9}.",18,19,False,Q1,384,main
go_grid_01_remove_row_px384_Q2,vlms-are-biased-notitle/go_grid/images/go_grid_01_remove_row_px384.png,Game Boards,Go Grid,"Count the horizontal lines on this board. Answer with a number in curly brackets, e.g., {9}.",18,19,False,Q2,384,main
go_grid_01_remove_row_px768_Q1,vlms-are-biased-notitle/go_grid/images/go_grid_01_remove_row_px768.png,Game Boards,Go Grid,"How many horizontal lines are there on this board? Answer with a number in curly brackets, e.g., {9}.",18,19,False,Q1,768,main
go_grid_01_remove_row_px768_Q2,vlms-are-biased-notitle/go_grid/images/go_grid_01_remove_row_px768.png,Game Boards,Go Grid,"Count the horizontal lines on this board. Answer with a number in curly brackets, e.g., {9}.",18,19,False,Q2,768,main
go_grid_01_remove_row_px1152_Q1,vlms-are-biased-notitle/go_grid/images/go_grid_01_remove_row_px1152.png,Game Boards,Go Grid,"How many horizontal lines are there on this board? Answer with a number in curly brackets, e.g., {9}.",18,19,False,Q1,1152,main
go_grid_01_remove_row_px1152_Q2,vlms-are-biased-notitle/go_grid/images/go_grid_01_remove_row_px1152.png,Game Boards,Go Grid,"Count the horizontal lines on this board. Answer with a number in curly brackets, e.g., {9}.",18,19,False,Q2,1152,main
go_grid_02_remove_col_px384_Q1,vlms-are-biased-notitle/go_grid/images/go_grid_02_remove_col_px384.png,Game Boards,Go Grid,"How many vertical lines are there on this board? Answer with a number in curly brackets, e.g., {9}.",18,19,False,Q1,384,main
go_grid_02_remove_col_px384_Q2,vlms-are-biased-notitle/go_grid/images/go_grid_02_remove_col_px384.png,Game Boards,Go Grid,"Count the vertical lines on this board. Answer with a number in curly brackets, e.g., {9}.",18,19,False,Q2,384,main
go_grid_02_remove_col_px768_Q1,vlms-are-biased-notitle/go_grid/images/go_grid_02_remove_col_px768.png,Game Boards,Go Grid,"How many vertical lines are there on this board? Answer with a number in curly brackets, e.g., {9}.",18,19,False,Q1,768,main
go_grid_02_remove_col_px768_Q2,vlms-are-biased-notitle/go_grid/images/go_grid_02_remove_col_px768.png,Game Boards,Go Grid,"Count the vertical lines on this board. Answer with a number in curly brackets, e.g., {9}.",18,19,False,Q2,768,main
go_grid_02_remove_col_px1152_Q1,vlms-are-biased-notitle/go_grid/images/go_grid_02_remove_col_px1152.png,Game Boards,Go Grid,"How many vertical lines are there on this board? Answer with a number in curly brackets, e.g., {9}.",18,19,False,Q1,1152,main
go_grid_02_remove_col_px1152_Q2,vlms-are-biased-notitle/go_grid/images/go_grid_02_remove_col_px1152.png,Game Boards,Go Grid,"Count the vertical lines on this board. Answer with a number in curly brackets, e.g., {9}.",18,19,False,Q2,1152,main
go_grid_03_add_row_px384_Q1,vlms-are-biased-notitle/go_grid/images/go_grid_03_add_row_px384.png,Game Boards,Go Grid,"How many horizontal lines are there on this board? Answer with a number in curly brackets, e.g., {9}.",20,19,False,Q1,384,main
go_grid_03_add_row_px384_Q2,vlms-are-biased-notitle/go_grid/images/go_grid_03_add_row_px384.png,Game Boards,Go Grid,"Count the horizontal lines on this board. Answer with a number in curly brackets, e.g., {9}.",20,19,False,Q2,384,main
go_grid_03_add_row_px768_Q1,vlms-are-biased-notitle/go_grid/images/go_grid_03_add_row_px768.png,Game Boards,Go Grid,"How many horizontal lines are there on this board? Answer with a number in curly brackets, e.g., {9}.",20,19,False,Q1,768,main
go_grid_03_add_row_px768_Q2,vlms-are-biased-notitle/go_grid/images/go_grid_03_add_row_px768.png,Game Boards,Go Grid,"Count the horizontal lines on this board. Answer with a number in curly brackets, e.g., {9}.",20,19,False,Q2,768,main
go_grid_03_add_row_px1152_Q1,vlms-are-biased-notitle/go_grid/images/go_grid_03_add_row_px1152.png,Game Boards,Go Grid,"How many horizontal lines are there on this board? Answer with a number in curly brackets, e.g., {9}.",20,19,False,Q1,1152,main
go_grid_03_add_row_px1152_Q2,vlms-are-biased-notitle/go_grid/images/go_grid_03_add_row_px1152.png,Game Boards,Go Grid,"Count the horizontal lines on this board. Answer with a number in curly brackets, e.g., {9}.",20,19,False,Q2,1152,main
go_grid_04_add_col_px384_Q1,vlms-are-biased-notitle/go_grid/images/go_grid_04_add_col_px384.png,Game Boards,Go Grid,"How many vertical lines are there on this board? Answer with a number in curly brackets, e.g., {9}.",20,19,False,Q1,384,main
go_grid_04_add_col_px384_Q2,vlms-are-biased-notitle/go_grid/images/go_grid_04_add_col_px384.png,Game Boards,Go Grid,"Count the vertical lines on this board. Answer with a number in curly brackets, e.g., {9}.",20,19,False,Q2,384,main
go_grid_04_add_col_px768_Q1,vlms-are-biased-notitle/go_grid/images/go_grid_04_add_col_px768.png,Game Boards,Go Grid,"How many vertical lines are there on this board? Answer with a number in curly brackets, e.g., {9}.",20,19,False,Q1,768,main
go_grid_04_add_col_px768_Q2,vlms-are-biased-notitle/go_grid/images/go_grid_04_add_col_px768.png,Game Boards,Go Grid,"Count the vertical lines on this board. Answer with a number in curly brackets, e.g., {9}.",20,19,False,Q2,768,main
go_grid_04_add_col_px1152_Q1,vlms-are-biased-notitle/go_grid/images/go_grid_04_add_col_px1152.png,Game Boards,Go Grid,"How many vertical lines are there on this board? Answer with a number in curly brackets, e.g., {9}.",20,19,False,Q1,1152,main
go_grid_04_add_col_px1152_Q2,vlms-are-biased-notitle/go_grid/images/go_grid_04_add_col_px1152.png,Game Boards,Go Grid,"Count the vertical lines on this board. Answer with a number in curly brackets, e.g., {9}.",20,19,False,Q2,1152,main
xiangqi_pieces_001_remove_notitle_px384_prompt1,vlms-are-biased-notitle/xiangqi_pieces/images/xiangqi_pieces_001_remove_black_knight_at_b1_notitle_px384.png,Chess Pieces,Xiangqi Pieces,"How many xiangqi pieces are there on this board? Answer with a number in curly brackets, e.g., {9}.",31,32,False,Q1,384,main
xiangqi_pieces_001_remove_notitle_px384_prompt2,vlms-are-biased-notitle/xiangqi_pieces/images/xiangqi_pieces_001_remove_black_knight_at_b1_notitle_px384.png,Chess Pieces,Xiangqi Pieces,"Count the xiangqi pieces on this board. Answer with a number in curly brackets, e.g., {9}.",31,32,False,Q2,384,main
xiangqi_pieces_001_remove_notitle_px768_prompt1,vlms-are-biased-notitle/xiangqi_pieces/images/xiangqi_pieces_001_remove_black_knight_at_b1_notitle_px768.png,Chess Pieces,Xiangqi Pieces,"How many xiangqi pieces are there on this board? Answer with a number in curly brackets, e.g., {9}.",31,32,False,Q1,768,main
xiangqi_pieces_001_remove_notitle_px768_prompt2,vlms-are-biased-notitle/xiangqi_pieces/images/xiangqi_pieces_001_remove_black_knight_at_b1_notitle_px768.png,Chess Pieces,Xiangqi Pieces,"Count the xiangqi pieces on this board. Answer with a number in curly brackets, e.g., {9}.",31,32,False,Q2,768,main
xiangqi_pieces_001_remove_notitle_px1152_prompt1,vlms-are-biased-notitle/xiangqi_pieces/images/xiangqi_pieces_001_remove_black_knight_at_b1_notitle_px1152.png,Chess Pieces,Xiangqi Pieces,"How many xiangqi pieces are there on this board? Answer with a number in curly brackets, e.g., {9}.",31,32,False,Q1,1152,main
xiangqi_pieces_001_remove_notitle_px1152_prompt2,vlms-are-biased-notitle/xiangqi_pieces/images/xiangqi_pieces_001_remove_black_knight_at_b1_notitle_px1152.png,Chess Pieces,Xiangqi Pieces,"Count the xiangqi pieces on this board. Answer with a number in curly brackets, e.g., {9}.",31,32,False,Q2,1152,main
xiangqi_pieces_001_replace_notitle_px384_prompt1,vlms-are-biased-notitle/xiangqi_pieces/images/xiangqi_pieces_001_replace_black_knight_to_black_general_at_b1_notitle_px384.png,Chess Pieces,Xiangqi Pieces,"How many General pieces are there on this board? Answer with a number in curly brackets, e.g., {9}.",3,2,False,Q1,384,main
xiangqi_pieces_001_replace_notitle_px384_prompt2,vlms-are-biased-notitle/xiangqi_pieces/images/xiangqi_pieces_001_replace_black_knight_to_black_general_at_b1_notitle_px384.png,Chess Pieces,Xiangqi Pieces,"Count the General pieces on this board. Answer with a number in curly brackets, e.g., {9}.",3,2,False,Q2,384,main
xiangqi_pieces_001_replace_notitle_px768_prompt1,vlms-are-biased-notitle/xiangqi_pieces/images/xiangqi_pieces_001_replace_black_knight_to_black_general_at_b1_notitle_px768.png,Chess Pieces,Xiangqi Pieces,"How many General pieces are there on this board? Answer with a number in curly brackets, e.g., {9}.",3,2,False,Q1,768,main
xiangqi_pieces_001_replace_notitle_px768_prompt2,vlms-are-biased-notitle/xiangqi_pieces/images/xiangqi_pieces_001_replace_black_knight_to_black_general_at_b1_notitle_px768.png,Chess Pieces,Xiangqi Pieces,"Count the General pieces on this board. Answer with a number in curly brackets, e.g., {9}.",3,2,False,Q2,768,main
xiangqi_pieces_001_replace_notitle_px1152_prompt1,vlms-are-biased-notitle/xiangqi_pieces/images/xiangqi_pieces_001_replace_black_knight_to_black_general_at_b1_notitle_px1152.png,Chess Pieces,Xiangqi Pieces,"How many General pieces are there on this board? Answer with a number in curly brackets, e.g., {9}.",3,2,False,Q1,1152,main
xiangqi_pieces_001_replace_notitle_px1152_prompt2,vlms-are-biased-notitle/xiangqi_pieces/images/xiangqi_pieces_001_replace_black_knight_to_black_general_at_b1_notitle_px1152.png,Chess Pieces,Xiangqi Pieces,"Count the General pieces on this board. Answer with a number in curly brackets, e.g., {9}.",3,2,False,Q2,1152,main
xiangqi_pieces_002_remove_notitle_px384_prompt1,vlms-are-biased-notitle/xiangqi_pieces/images/xiangqi_pieces_002_remove_black_soldier_at_e4_notitle_px384.png,Chess Pieces,Xiangqi Pieces,"How many xiangqi pieces are there on this board? Answer with a number in curly brackets, e.g., {9}.",31,32,False,Q1,384,main
xiangqi_pieces_002_remove_notitle_px384_prompt2,vlms-are-biased-notitle/xiangqi_pieces/images/xiangqi_pieces_002_remove_black_soldier_at_e4_notitle_px384.png,Chess Pieces,Xiangqi Pieces,"Count the xiangqi pieces on this board. Answer with a number in curly brackets, e.g., {9}.",31,32,False,Q2,384,main
xiangqi_pieces_002_remove_notitle_px768_prompt1,vlms-are-biased-notitle/xiangqi_pieces/images/xiangqi_pieces_002_remove_black_soldier_at_e4_notitle_px768.png,Chess Pieces,Xiangqi Pieces,"How many xiangqi pieces are there on this board? Answer with a number in curly brackets, e.g., {9}.",31,32,False,Q1,768,main
xiangqi_pieces_002_remove_notitle_px768_prompt2,vlms-are-biased-notitle/xiangqi_pieces/images/xiangqi_pieces_002_remove_black_soldier_at_e4_notitle_px768.png,Chess Pieces,Xiangqi Pieces,"Count the xiangqi pieces on this board. Answer with a number in curly brackets, e.g., {9}.",31,32,False,Q2,768,main
xiangqi_pieces_002_remove_notitle_px1152_prompt1,vlms-are-biased-notitle/xiangqi_pieces/images/xiangqi_pieces_002_remove_black_soldier_at_e4_notitle_px1152.png,Chess Pieces,Xiangqi Pieces,"How many xiangqi pieces are there on this board? Answer with a number in curly brackets, e.g., {9}.",31,32,False,Q1,1152,main
xiangqi_pieces_002_remove_notitle_px1152_prompt2,vlms-are-biased-notitle/xiangqi_pieces/images/xiangqi_pieces_002_remove_black_soldier_at_e4_notitle_px1152.png,Chess Pieces,Xiangqi Pieces,"Count the xiangqi pieces on this board. Answer with a number in curly brackets, e.g., {9}.",31,32,False,Q2,1152,main
xiangqi_pieces_002_replace_notitle_px384_prompt1,vlms-are-biased-notitle/xiangqi_pieces/images/xiangqi_pieces_002_replace_black_soldier_to_black_advisor_at_e4_notitle_px384.png,Chess Pieces,Xiangqi Pieces,"How many Advisor pieces are there on this board? Answer with a number in curly brackets, e.g., {9}.",5,4,False,Q1,384,main
xiangqi_pieces_002_replace_notitle_px384_prompt2,vlms-are-biased-notitle/xiangqi_pieces/images/xiangqi_pieces_002_replace_black_soldier_to_black_advisor_at_e4_notitle_px384.png,Chess Pieces,Xiangqi Pieces,"Count the Advisor pieces on this board. Answer with a number in curly brackets, e.g., {9}.",5,4,False,Q2,384,main
xiangqi_pieces_002_replace_notitle_px768_prompt1,vlms-are-biased-notitle/xiangqi_pieces/images/xiangqi_pieces_002_replace_black_soldier_to_black_advisor_at_e4_notitle_px768.png,Chess Pieces,Xiangqi Pieces,"How many Advisor pieces are there on this board? Answer with a number in curly brackets, e.g., {9}.",5,4,False,Q1,768,main
xiangqi_pieces_002_replace_notitle_px768_prompt2,vlms-are-biased-notitle/xiangqi_pieces/images/xiangqi_pieces_002_replace_black_soldier_to_black_advisor_at_e4_notitle_px768.png,Chess Pieces,Xiangqi Pieces,"Count the Advisor pieces on this board. Answer with a number in curly brackets, e.g., {9}.",5,4,False,Q2,768,main
xiangqi_pieces_002_replace_notitle_px1152_prompt1,vlms-are-biased-notitle/xiangqi_pieces/images/xiangqi_pieces_002_replace_black_soldier_to_black_advisor_at_e4_notitle_px1152.png,Chess Pieces,Xiangqi Pieces,"How many Advisor pieces are there on this board? Answer with a number in curly brackets, e.g., {9}.",5,4,False,Q1,1152,main
xiangqi_pieces_002_replace_notitle_px1152_prompt2,vlms-are-biased-notitle/xiangqi_pieces/images/xiangqi_pieces_002_replace_black_soldier_to_black_advisor_at_e4_notitle_px1152.png,Chess Pieces,Xiangqi Pieces,"Count the Advisor pieces on this board. Answer with a number in curly brackets, e.g., {9}.",5,4,False,Q2,1152,main
xiangqi_pieces_003_remove_notitle_px384_prompt1,vlms-are-biased-notitle/xiangqi_pieces/images/xiangqi_pieces_003_remove_red_soldier_at_e7_notitle_px384.png,Chess Pieces,Xiangqi Pieces,"How many xiangqi pieces are there on this board? Answer with a number in curly brackets, e.g., {9}.",31,32,False,Q1,384,main
xiangqi_pieces_003_remove_notitle_px384_prompt2,vlms-are-biased-notitle/xiangqi_pieces/images/xiangqi_pieces_003_remove_red_soldier_at_e7_notitle_px384.png,Chess Pieces,Xiangqi Pieces,"Count the xiangqi pieces on this board. Answer with a number in curly brackets, e.g., {9}.",31,32,False,Q2,384,main
xiangqi_pieces_003_remove_notitle_px768_prompt1,vlms-are-biased-notitle/xiangqi_pieces/images/xiangqi_pieces_003_remove_red_soldier_at_e7_notitle_px768.png,Chess Pieces,Xiangqi Pieces,"How many xiangqi pieces are there on this board? Answer with a number in curly brackets, e.g., {9}.",31,32,False,Q1,768,main
xiangqi_pieces_003_remove_notitle_px768_prompt2,vlms-are-biased-notitle/xiangqi_pieces/images/xiangqi_pieces_003_remove_red_soldier_at_e7_notitle_px768.png,Chess Pieces,Xiangqi Pieces,"Count the xiangqi pieces on this board. Answer with a number in curly brackets, e.g., {9}.",31,32,False,Q2,768,main
xiangqi_pieces_003_remove_notitle_px1152_prompt1,vlms-are-biased-notitle/xiangqi_pieces/images/xiangqi_pieces_003_remove_red_soldier_at_e7_notitle_px1152.png,Chess Pieces,Xiangqi Pieces,"How many xiangqi pieces are there on this board? Answer with a number in curly brackets, e.g., {9}.",31,32,False,Q1,1152,main
xiangqi_pieces_003_remove_notitle_px1152_prompt2,vlms-are-biased-notitle/xiangqi_pieces/images/xiangqi_pieces_003_remove_red_soldier_at_e7_notitle_px1152.png,Chess Pieces,Xiangqi Pieces,"Count the xiangqi pieces on this board. Answer with a number in curly brackets, e.g., {9}.",31,32,False,Q2,1152,main
xiangqi_pieces_003_replace_notitle_px384_prompt1,vlms-are-biased-notitle/xiangqi_pieces/images/xiangqi_pieces_003_replace_red_soldier_to_red_chariot_at_e7_notitle_px384.png,Chess Pieces,Xiangqi Pieces,"How many Chariot pieces are there on this board? Answer with a number in curly brackets, e.g., {9}.",5,4,False,Q1,384,main
xiangqi_pieces_003_replace_notitle_px384_prompt2,vlms-are-biased-notitle/xiangqi_pieces/images/xiangqi_pieces_003_replace_red_soldier_to_red_chariot_at_e7_notitle_px384.png,Chess Pieces,Xiangqi Pieces,"Count the Chariot pieces on this board. Answer with a number in curly brackets, e.g., {9}.",5,4,False,Q2,384,main
xiangqi_pieces_003_replace_notitle_px768_prompt1,vlms-are-biased-notitle/xiangqi_pieces/images/xiangqi_pieces_003_replace_red_soldier_to_red_chariot_at_e7_notitle_px768.png,Chess Pieces,Xiangqi Pieces,"How many Chariot pieces are there on this board? Answer with a number in curly brackets, e.g., {9}.",5,4,False,Q1,768,main
xiangqi_pieces_003_replace_notitle_px768_prompt2,vlms-are-biased-notitle/xiangqi_pieces/images/xiangqi_pieces_003_replace_red_soldier_to_red_chariot_at_e7_notitle_px768.png,Chess Pieces,Xiangqi Pieces,"Count the Chariot pieces on this board. Answer with a number in curly brackets, e.g., {9}.",5,4,False,Q2,768,main
xiangqi_pieces_003_replace_notitle_px1152_prompt1,vlms-are-biased-notitle/xiangqi_pieces/images/xiangqi_pieces_003_replace_red_soldier_to_red_chariot_at_e7_notitle_px1152.png,Chess Pieces,Xiangqi Pieces,"How many Chariot pieces are there on this board? Answer with a number in curly brackets, e.g., {9}.",5,4,False,Q1,1152,main
xiangqi_pieces_003_replace_notitle_px1152_prompt2,vlms-are-biased-notitle/xiangqi_pieces/images/xiangqi_pieces_003_replace_red_soldier_to_red_chariot_at_e7_notitle_px1152.png,Chess Pieces,Xiangqi Pieces,"Count the Chariot pieces on this board. Answer with a number in curly brackets, e.g., {9}.",5,4,False,Q2,1152,main
xiangqi_pieces_004_remove_notitle_px384_prompt1,vlms-are-biased-notitle/xiangqi_pieces/images/xiangqi_pieces_004_remove_black_soldier_at_a4_notitle_px384.png,Chess Pieces,Xiangqi Pieces,"How many xiangqi pieces are there on this board? Answer with a number in curly brackets, e.g., {9}.",31,32,False,Q1,384,main
xiangqi_pieces_004_remove_notitle_px384_prompt2,vlms-are-biased-notitle/xiangqi_pieces/images/xiangqi_pieces_004_remove_black_soldier_at_a4_notitle_px384.png,Chess Pieces,Xiangqi Pieces,"Count the xiangqi pieces on this board. Answer with a number in curly brackets, e.g., {9}.",31,32,False,Q2,384,main
xiangqi_pieces_004_remove_notitle_px768_prompt1,vlms-are-biased-notitle/xiangqi_pieces/images/xiangqi_pieces_004_remove_black_soldier_at_a4_notitle_px768.png,Chess Pieces,Xiangqi Pieces,"How many xiangqi pieces are there on this board? Answer with a number in curly brackets, e.g., {9}.",31,32,False,Q1,768,main
xiangqi_pieces_004_remove_notitle_px768_prompt2,vlms-are-biased-notitle/xiangqi_pieces/images/xiangqi_pieces_004_remove_black_soldier_at_a4_notitle_px768.png,Chess Pieces,Xiangqi Pieces,"Count the xiangqi pieces on this board. Answer with a number in curly brackets, e.g., {9}.",31,32,False,Q2,768,main
xiangqi_pieces_004_remove_notitle_px1152_prompt1,vlms-are-biased-notitle/xiangqi_pieces/images/xiangqi_pieces_004_remove_black_soldier_at_a4_notitle_px1152.png,Chess Pieces,Xiangqi Pieces,"How many xiangqi pieces are there on this board? Answer with a number in curly brackets, e.g., {9}.",31,32,False,Q1,1152,main
xiangqi_pieces_004_remove_notitle_px1152_prompt2,vlms-are-biased-notitle/xiangqi_pieces/images/xiangqi_pieces_004_remove_black_soldier_at_a4_notitle_px1152.png,Chess Pieces,Xiangqi Pieces,"Count the xiangqi pieces on this board. Answer with a number in curly brackets, e.g., {9}.",31,32,False,Q2,1152,main
xiangqi_pieces_004_replace_notitle_px384_prompt1,vlms-are-biased-notitle/xiangqi_pieces/images/xiangqi_pieces_004_replace_black_soldier_to_black_chariot_at_a4_notitle_px384.png,Chess Pieces,Xiangqi Pieces,"How many Chariot pieces are there on this board? Answer with a number in curly brackets, e.g., {9}.",5,4,False,Q1,384,main
xiangqi_pieces_004_replace_notitle_px384_prompt2,vlms-are-biased-notitle/xiangqi_pieces/images/xiangqi_pieces_004_replace_black_soldier_to_black_chariot_at_a4_notitle_px384.png,Chess Pieces,Xiangqi Pieces,"Count the Chariot pieces on this board. Answer with a number in curly brackets, e.g., {9}.",5,4,False,Q2,384,main
xiangqi_pieces_004_replace_notitle_px768_prompt1,vlms-are-biased-notitle/xiangqi_pieces/images/xiangqi_pieces_004_replace_black_soldier_to_black_chariot_at_a4_notitle_px768.png,Chess Pieces,Xiangqi Pieces,"How many Chariot pieces are there on this board? Answer with a number in curly brackets, e.g., {9}.",5,4,False,Q1,768,main
xiangqi_pieces_004_replace_notitle_px768_prompt2,vlms-are-biased-notitle/xiangqi_pieces/images/xiangqi_pieces_004_replace_black_soldier_to_black_chariot_at_a4_notitle_px768.png,Chess Pieces,Xiangqi Pieces,"Count the Chariot pieces on this board. Answer with a number in curly brackets, e.g., {9}.",5,4,False,Q2,768,main
xiangqi_pieces_004_replace_notitle_px1152_prompt1,vlms-are-biased-notitle/xiangqi_pieces/images/xiangqi_pieces_004_replace_black_soldier_to_black_chariot_at_a4_notitle_px1152.png,Chess Pieces,Xiangqi Pieces,"How many Chariot pieces are there on this board? Answer with a number in curly brackets, e.g., {9}.",5,4,False,Q1,1152,main
xiangqi_pieces_004_replace_notitle_px1152_prompt2,vlms-are-biased-notitle/xiangqi_pieces/images/xiangqi_pieces_004_replace_black_soldier_to_black_chariot_at_a4_notitle_px1152.png,Chess Pieces,Xiangqi Pieces,"Count the Chariot pieces on this board. Answer with a number in curly brackets, e.g., {9}.",5,4,False,Q2,1152,main
xiangqi_pieces_005_remove_notitle_px384_prompt1,vlms-are-biased-notitle/xiangqi_pieces/images/xiangqi_pieces_005_remove_black_chariot_at_a1_notitle_px384.png,Chess Pieces,Xiangqi Pieces,"How many xiangqi pieces are there on this board? Answer with a number in curly brackets, e.g., {9}.",31,32,False,Q1,384,main
xiangqi_pieces_005_remove_notitle_px384_prompt2,vlms-are-biased-notitle/xiangqi_pieces/images/xiangqi_pieces_005_remove_black_chariot_at_a1_notitle_px384.png,Chess Pieces,Xiangqi Pieces,"Count the xiangqi pieces on this board. Answer with a number in curly brackets, e.g., {9}.",31,32,False,Q2,384,main
xiangqi_pieces_005_remove_notitle_px768_prompt1,vlms-are-biased-notitle/xiangqi_pieces/images/xiangqi_pieces_005_remove_black_chariot_at_a1_notitle_px768.png,Chess Pieces,Xiangqi Pieces,"How many xiangqi pieces are there on this board? Answer with a number in curly brackets, e.g., {9}.",31,32,False,Q1,768,main
xiangqi_pieces_005_remove_notitle_px768_prompt2,vlms-are-biased-notitle/xiangqi_pieces/images/xiangqi_pieces_005_remove_black_chariot_at_a1_notitle_px768.png,Chess Pieces,Xiangqi Pieces,"Count the xiangqi pieces on this board. Answer with a number in curly brackets, e.g., {9}.",31,32,False,Q2,768,main
xiangqi_pieces_005_remove_notitle_px1152_prompt1,vlms-are-biased-notitle/xiangqi_pieces/images/xiangqi_pieces_005_remove_black_chariot_at_a1_notitle_px1152.png,Chess Pieces,Xiangqi Pieces,"How many xiangqi pieces are there on this board? Answer with a number in curly brackets, e.g., {9}.",31,32,False,Q1,1152,main
xiangqi_pieces_005_remove_notitle_px1152_prompt2,vlms-are-biased-notitle/xiangqi_pieces/images/xiangqi_pieces_005_remove_black_chariot_at_a1_notitle_px1152.png,Chess Pieces,Xiangqi Pieces,"Count the xiangqi pieces on this board. Answer with a number in curly brackets, e.g., {9}.",31,32,False,Q2,1152,main
xiangqi_pieces_005_replace_notitle_px384_prompt1,vlms-are-biased-notitle/xiangqi_pieces/images/xiangqi_pieces_005_replace_black_chariot_to_black_advisor_at_a1_notitle_px384.png,Chess Pieces,Xiangqi Pieces,"How many Advisor pieces are there on this board? Answer with a number in curly brackets, e.g., {9}.",5,4,False,Q1,384,main
xiangqi_pieces_005_replace_notitle_px384_prompt2,vlms-are-biased-notitle/xiangqi_pieces/images/xiangqi_pieces_005_replace_black_chariot_to_black_advisor_at_a1_notitle_px384.png,Chess Pieces,Xiangqi Pieces,"Count the Advisor pieces on this board. Answer with a number in curly brackets, e.g., {9}.",5,4,False,Q2,384,main
xiangqi_pieces_005_replace_notitle_px768_prompt1,vlms-are-biased-notitle/xiangqi_pieces/images/xiangqi_pieces_005_replace_black_chariot_to_black_advisor_at_a1_notitle_px768.png,Chess Pieces,Xiangqi Pieces,"How many Advisor pieces are there on this board? Answer with a number in curly brackets, e.g., {9}.",5,4,False,Q1,768,main
xiangqi_pieces_005_replace_notitle_px768_prompt2,vlms-are-biased-notitle/xiangqi_pieces/images/xiangqi_pieces_005_replace_black_chariot_to_black_advisor_at_a1_notitle_px768.png,Chess Pieces,Xiangqi Pieces,"Count the Advisor pieces on this board. Answer with a number in curly brackets, e.g., {9}.",5,4,False,Q2,768,main
xiangqi_pieces_005_replace_notitle_px1152_prompt1,vlms-are-biased-notitle/xiangqi_pieces/images/xiangqi_pieces_005_replace_black_chariot_to_black_advisor_at_a1_notitle_px1152.png,Chess Pieces,Xiangqi Pieces,"How many Advisor pieces are there on this board? Answer with a number in curly brackets, e.g., {9}.",5,4,False,Q1,1152,main
xiangqi_pieces_005_replace_notitle_px1152_prompt2,vlms-are-biased-notitle/xiangqi_pieces/images/xiangqi_pieces_005_replace_black_chariot_to_black_advisor_at_a1_notitle_px1152.png,Chess Pieces,Xiangqi Pieces,"Count the Advisor pieces on this board. Answer with a number in curly brackets, e.g., {9}.",5,4,False,Q2,1152,main
xiangqi_pieces_006_remove_notitle_px384_prompt1,vlms-are-biased-notitle/xiangqi_pieces/images/xiangqi_pieces_006_remove_red_chariot_at_i10_notitle_px384.png,Chess Pieces,Xiangqi Pieces,"How many xiangqi pieces are there on this board? Answer with a number in curly brackets, e.g., {9}.",31,32,False,Q1,384,main
xiangqi_pieces_006_remove_notitle_px384_prompt2,vlms-are-biased-notitle/xiangqi_pieces/images/xiangqi_pieces_006_remove_red_chariot_at_i10_notitle_px384.png,Chess Pieces,Xiangqi Pieces,"Count the xiangqi pieces on this board. Answer with a number in curly brackets, e.g., {9}.",31,32,False,Q2,384,main
xiangqi_pieces_006_remove_notitle_px768_prompt1,vlms-are-biased-notitle/xiangqi_pieces/images/xiangqi_pieces_006_remove_red_chariot_at_i10_notitle_px768.png,Chess Pieces,Xiangqi Pieces,"How many xiangqi pieces are there on this board? Answer with a number in curly brackets, e.g., {9}.",31,32,False,Q1,768,main
xiangqi_pieces_006_remove_notitle_px768_prompt2,vlms-are-biased-notitle/xiangqi_pieces/images/xiangqi_pieces_006_remove_red_chariot_at_i10_notitle_px768.png,Chess Pieces,Xiangqi Pieces,"Count the xiangqi pieces on this board. Answer with a number in curly brackets, e.g., {9}.",31,32,False,Q2,768,main
xiangqi_pieces_006_remove_notitle_px1152_prompt1,vlms-are-biased-notitle/xiangqi_pieces/images/xiangqi_pieces_006_remove_red_chariot_at_i10_notitle_px1152.png,Chess Pieces,Xiangqi Pieces,"How many xiangqi pieces are there on this board? Answer with a number in curly brackets, e.g., {9}.",31,32,False,Q1,1152,main
xiangqi_pieces_006_remove_notitle_px1152_prompt2,vlms-are-biased-notitle/xiangqi_pieces/images/xiangqi_pieces_006_remove_red_chariot_at_i10_notitle_px1152.png,Chess Pieces,Xiangqi Pieces,"Count the xiangqi pieces on this board. Answer with a number in curly brackets, e.g., {9}.",31,32,False,Q2,1152,main
xiangqi_pieces_006_replace_notitle_px384_prompt1,vlms-are-biased-notitle/xiangqi_pieces/images/xiangqi_pieces_006_replace_red_chariot_to_red_general_at_i10_notitle_px384.png,Chess Pieces,Xiangqi Pieces,"How many General pieces are there on this board? Answer with a number in curly brackets, e.g., {9}.",3,2,False,Q1,384,main
xiangqi_pieces_006_replace_notitle_px384_prompt2,vlms-are-biased-notitle/xiangqi_pieces/images/xiangqi_pieces_006_replace_red_chariot_to_red_general_at_i10_notitle_px384.png,Chess Pieces,Xiangqi Pieces,"Count the General pieces on this board. Answer with a number in curly brackets, e.g., {9}.",3,2,False,Q2,384,main
xiangqi_pieces_006_replace_notitle_px768_prompt1,vlms-are-biased-notitle/xiangqi_pieces/images/xiangqi_pieces_006_replace_red_chariot_to_red_general_at_i10_notitle_px768.png,Chess Pieces,Xiangqi Pieces,"How many General pieces are there on this board? Answer with a number in curly brackets, e.g., {9}.",3,2,False,Q1,768,main
xiangqi_pieces_006_replace_notitle_px768_prompt2,vlms-are-biased-notitle/xiangqi_pieces/images/xiangqi_pieces_006_replace_red_chariot_to_red_general_at_i10_notitle_px768.png,Chess Pieces,Xiangqi Pieces,"Count the General pieces on this board. Answer with a number in curly brackets, e.g., {9}.",3,2,False,Q2,768,main
xiangqi_pieces_006_replace_notitle_px1152_prompt1,vlms-are-biased-notitle/xiangqi_pieces/images/xiangqi_pieces_006_replace_red_chariot_to_red_general_at_i10_notitle_px1152.png,Chess Pieces,Xiangqi Pieces,"How many General pieces are there on this board? Answer with a number in curly brackets, e.g., {9}.",3,2,False,Q1,1152,main
xiangqi_pieces_006_replace_notitle_px1152_prompt2,vlms-are-biased-notitle/xiangqi_pieces/images/xiangqi_pieces_006_replace_red_chariot_to_red_general_at_i10_notitle_px1152.png,Chess Pieces,Xiangqi Pieces,"Count the General pieces on this board. Answer with a number in curly brackets, e.g., {9}.",3,2,False,Q2,1152,main
xiangqi_pieces_007_remove_notitle_px384_prompt1,vlms-are-biased-notitle/xiangqi_pieces/images/xiangqi_pieces_007_remove_red_elephant_at_g10_notitle_px384.png,Chess Pieces,Xiangqi Pieces,"How many xiangqi pieces are there on this board? Answer with a number in curly brackets, e.g., {9}.",31,32,False,Q1,384,main
xiangqi_pieces_007_remove_notitle_px384_prompt2,vlms-are-biased-notitle/xiangqi_pieces/images/xiangqi_pieces_007_remove_red_elephant_at_g10_notitle_px384.png,Chess Pieces,Xiangqi Pieces,"Count the xiangqi pieces on this board. Answer with a number in curly brackets, e.g., {9}.",31,32,False,Q2,384,main
xiangqi_pieces_007_remove_notitle_px768_prompt1,vlms-are-biased-notitle/xiangqi_pieces/images/xiangqi_pieces_007_remove_red_elephant_at_g10_notitle_px768.png,Chess Pieces,Xiangqi Pieces,"How many xiangqi pieces are there on this board? Answer with a number in curly brackets, e.g., {9}.",31,32,False,Q1,768,main
xiangqi_pieces_007_remove_notitle_px768_prompt2,vlms-are-biased-notitle/xiangqi_pieces/images/xiangqi_pieces_007_remove_red_elephant_at_g10_notitle_px768.png,Chess Pieces,Xiangqi Pieces,"Count the xiangqi pieces on this board. Answer with a number in curly brackets, e.g., {9}.",31,32,False,Q2,768,main
xiangqi_pieces_007_remove_notitle_px1152_prompt1,vlms-are-biased-notitle/xiangqi_pieces/images/xiangqi_pieces_007_remove_red_elephant_at_g10_notitle_px1152.png,Chess Pieces,Xiangqi Pieces,"How many xiangqi pieces are there on this board? Answer with a number in curly brackets, e.g., {9}.",31,32,False,Q1,1152,main
xiangqi_pieces_007_remove_notitle_px1152_prompt2,vlms-are-biased-notitle/xiangqi_pieces/images/xiangqi_pieces_007_remove_red_elephant_at_g10_notitle_px1152.png,Chess Pieces,Xiangqi Pieces,"Count the xiangqi pieces on this board. Answer with a number in curly brackets, e.g., {9}.",31,32,False,Q2,1152,main
xiangqi_pieces_007_replace_notitle_px384_prompt1,vlms-are-biased-notitle/xiangqi_pieces/images/xiangqi_pieces_007_replace_red_elephant_to_red_knight_at_g10_notitle_px384.png,Chess Pieces,Xiangqi Pieces,"How many Knight pieces are there on this board? Answer with a number in curly brackets, e.g., {9}.",5,4,False,Q1,384,main
xiangqi_pieces_007_replace_notitle_px384_prompt2,vlms-are-biased-notitle/xiangqi_pieces/images/xiangqi_pieces_007_replace_red_elephant_to_red_knight_at_g10_notitle_px384.png,Chess Pieces,Xiangqi Pieces,"Count the Knight pieces on this board. Answer with a number in curly brackets, e.g., {9}.",5,4,False,Q2,384,main
xiangqi_pieces_007_replace_notitle_px768_prompt1,vlms-are-biased-notitle/xiangqi_pieces/images/xiangqi_pieces_007_replace_red_elephant_to_red_knight_at_g10_notitle_px768.png,Chess Pieces,Xiangqi Pieces,"How many Knight pieces are there on this board? Answer with a number in curly brackets, e.g., {9}.",5,4,False,Q1,768,main
xiangqi_pieces_007_replace_notitle_px768_prompt2,vlms-are-biased-notitle/xiangqi_pieces/images/xiangqi_pieces_007_replace_red_elephant_to_red_knight_at_g10_notitle_px768.png,Chess Pieces,Xiangqi Pieces,"Count the Knight pieces on this board. Answer with a number in curly brackets, e.g., {9}.",5,4,False,Q2,768,main
xiangqi_pieces_007_replace_notitle_px1152_prompt1,vlms-are-biased-notitle/xiangqi_pieces/images/xiangqi_pieces_007_replace_red_elephant_to_red_knight_at_g10_notitle_px1152.png,Chess Pieces,Xiangqi Pieces,"How many Knight pieces are there on this board? Answer with a number in curly brackets, e.g., {9}.",5,4,False,Q1,1152,main
xiangqi_pieces_007_replace_notitle_px1152_prompt2,vlms-are-biased-notitle/xiangqi_pieces/images/xiangqi_pieces_007_replace_red_elephant_to_red_knight_at_g10_notitle_px1152.png,Chess Pieces,Xiangqi Pieces,"Count the Knight pieces on this board. Answer with a number in curly brackets, e.g., {9}.",5,4,False,Q2,1152,main
xiangqi_pieces_008_remove_notitle_px384_prompt1,vlms-are-biased-notitle/xiangqi_pieces/images/xiangqi_pieces_008_remove_red_soldier_at_i7_notitle_px384.png,Chess Pieces,Xiangqi Pieces,"How many xiangqi pieces are there on this board? Answer with a number in curly brackets, e.g., {9}.",31,32,False,Q1,384,main
xiangqi_pieces_008_remove_notitle_px384_prompt2,vlms-are-biased-notitle/xiangqi_pieces/images/xiangqi_pieces_008_remove_red_soldier_at_i7_notitle_px384.png,Chess Pieces,Xiangqi Pieces,"Count the xiangqi pieces on this board. Answer with a number in curly brackets, e.g., {9}.",31,32,False,Q2,384,main
xiangqi_pieces_008_remove_notitle_px768_prompt1,vlms-are-biased-notitle/xiangqi_pieces/images/xiangqi_pieces_008_remove_red_soldier_at_i7_notitle_px768.png,Chess Pieces,Xiangqi Pieces,"How many xiangqi pieces are there on this board? Answer with a number in curly brackets, e.g., {9}.",31,32,False,Q1,768,main
xiangqi_pieces_008_remove_notitle_px768_prompt2,vlms-are-biased-notitle/xiangqi_pieces/images/xiangqi_pieces_008_remove_red_soldier_at_i7_notitle_px768.png,Chess Pieces,Xiangqi Pieces,"Count the xiangqi pieces on this board. Answer with a number in curly brackets, e.g., {9}.",31,32,False,Q2,768,main
xiangqi_pieces_008_remove_notitle_px1152_prompt1,vlms-are-biased-notitle/xiangqi_pieces/images/xiangqi_pieces_008_remove_red_soldier_at_i7_notitle_px1152.png,Chess Pieces,Xiangqi Pieces,"How many xiangqi pieces are there on this board? Answer with a number in curly brackets, e.g., {9}.",31,32,False,Q1,1152,main
xiangqi_pieces_008_remove_notitle_px1152_prompt2,vlms-are-biased-notitle/xiangqi_pieces/images/xiangqi_pieces_008_remove_red_soldier_at_i7_notitle_px1152.png,Chess Pieces,Xiangqi Pieces,"Count the xiangqi pieces on this board. Answer with a number in curly brackets, e.g., {9}.",31,32,False,Q2,1152,main
xiangqi_pieces_008_replace_notitle_px384_prompt1,vlms-are-biased-notitle/xiangqi_pieces/images/xiangqi_pieces_008_replace_red_soldier_to_red_cannon_at_i7_notitle_px384.png,Chess Pieces,Xiangqi Pieces,"How many Cannon pieces are there on this board? Answer with a number in curly brackets, e.g., {9}.",5,4,False,Q1,384,main
xiangqi_pieces_008_replace_notitle_px384_prompt2,vlms-are-biased-notitle/xiangqi_pieces/images/xiangqi_pieces_008_replace_red_soldier_to_red_cannon_at_i7_notitle_px384.png,Chess Pieces,Xiangqi Pieces,"Count the Cannon pieces on this board. Answer with a number in curly brackets, e.g., {9}.",5,4,False,Q2,384,main
xiangqi_pieces_008_replace_notitle_px768_prompt1,vlms-are-biased-notitle/xiangqi_pieces/images/xiangqi_pieces_008_replace_red_soldier_to_red_cannon_at_i7_notitle_px768.png,Chess Pieces,Xiangqi Pieces,"How many Cannon pieces are there on this board? Answer with a number in curly brackets, e.g., {9}.",5,4,False,Q1,768,main
xiangqi_pieces_008_replace_notitle_px768_prompt2,vlms-are-biased-notitle/xiangqi_pieces/images/xiangqi_pieces_008_replace_red_soldier_to_red_cannon_at_i7_notitle_px768.png,Chess Pieces,Xiangqi Pieces,"Count the Cannon pieces on this board. Answer with a number in curly brackets, e.g., {9}.",5,4,False,Q2,768,main
xiangqi_pieces_008_replace_notitle_px1152_prompt1,vlms-are-biased-notitle/xiangqi_pieces/images/xiangqi_pieces_008_replace_red_soldier_to_red_cannon_at_i7_notitle_px1152.png,Chess Pieces,Xiangqi Pieces,"How many Cannon pieces are there on this board? Answer with a number in curly brackets, e.g., {9}.",5,4,False,Q1,1152,main
xiangqi_pieces_008_replace_notitle_px1152_prompt2,vlms-are-biased-notitle/xiangqi_pieces/images/xiangqi_pieces_008_replace_red_soldier_to_red_cannon_at_i7_notitle_px1152.png,Chess Pieces,Xiangqi Pieces,"Count the Cannon pieces on this board. Answer with a number in curly brackets, e.g., {9}.",5,4,False,Q2,1152,main
xiangqi_pieces_009_remove_notitle_px384_prompt1,vlms-are-biased-notitle/xiangqi_pieces/images/xiangqi_pieces_009_remove_red_advisor_at_d10_notitle_px384.png,Chess Pieces,Xiangqi Pieces,"How many xiangqi pieces are there on this board? Answer with a number in curly brackets, e.g., {9}.",31,32,False,Q1,384,main
xiangqi_pieces_009_remove_notitle_px384_prompt2,vlms-are-biased-notitle/xiangqi_pieces/images/xiangqi_pieces_009_remove_red_advisor_at_d10_notitle_px384.png,Chess Pieces,Xiangqi Pieces,"Count the xiangqi pieces on this board. Answer with a number in curly brackets, e.g., {9}.",31,32,False,Q2,384,main
xiangqi_pieces_009_remove_notitle_px768_prompt1,vlms-are-biased-notitle/xiangqi_pieces/images/xiangqi_pieces_009_remove_red_advisor_at_d10_notitle_px768.png,Chess Pieces,Xiangqi Pieces,"How many xiangqi pieces are there on this board? Answer with a number in curly brackets, e.g., {9}.",31,32,False,Q1,768,main
xiangqi_pieces_009_remove_notitle_px768_prompt2,vlms-are-biased-notitle/xiangqi_pieces/images/xiangqi_pieces_009_remove_red_advisor_at_d10_notitle_px768.png,Chess Pieces,Xiangqi Pieces,"Count the xiangqi pieces on this board. Answer with a number in curly brackets, e.g., {9}.",31,32,False,Q2,768,main
xiangqi_pieces_009_remove_notitle_px1152_prompt1,vlms-are-biased-notitle/xiangqi_pieces/images/xiangqi_pieces_009_remove_red_advisor_at_d10_notitle_px1152.png,Chess Pieces,Xiangqi Pieces,"How many xiangqi pieces are there on this board? Answer with a number in curly brackets, e.g., {9}.",31,32,False,Q1,1152,main
xiangqi_pieces_009_remove_notitle_px1152_prompt2,vlms-are-biased-notitle/xiangqi_pieces/images/xiangqi_pieces_009_remove_red_advisor_at_d10_notitle_px1152.png,Chess Pieces,Xiangqi Pieces,"Count the xiangqi pieces on this board. Answer with a number in curly brackets, e.g., {9}.",31,32,False,Q2,1152,main
xiangqi_pieces_009_replace_notitle_px384_prompt1,vlms-are-biased-notitle/xiangqi_pieces/images/xiangqi_pieces_009_replace_red_advisor_to_red_cannon_at_d10_notitle_px384.png,Chess Pieces,Xiangqi Pieces,"How many Cannon pieces are there on this board? Answer with a number in curly brackets, e.g., {9}.",5,4,False,Q1,384,main
xiangqi_pieces_009_replace_notitle_px384_prompt2,vlms-are-biased-notitle/xiangqi_pieces/images/xiangqi_pieces_009_replace_red_advisor_to_red_cannon_at_d10_notitle_px384.png,Chess Pieces,Xiangqi Pieces,"Count the Cannon pieces on this board. Answer with a number in curly brackets, e.g., {9}.",5,4,False,Q2,384,main
xiangqi_pieces_009_replace_notitle_px768_prompt1,vlms-are-biased-notitle/xiangqi_pieces/images/xiangqi_pieces_009_replace_red_advisor_to_red_cannon_at_d10_notitle_px768.png,Chess Pieces,Xiangqi Pieces,"How many Cannon pieces are there on this board? Answer with a number in curly brackets, e.g., {9}.",5,4,False,Q1,768,main
xiangqi_pieces_009_replace_notitle_px768_prompt2,vlms-are-biased-notitle/xiangqi_pieces/images/xiangqi_pieces_009_replace_red_advisor_to_red_cannon_at_d10_notitle_px768.png,Chess Pieces,Xiangqi Pieces,"Count the Cannon pieces on this board. Answer with a number in curly brackets, e.g., {9}.",5,4,False,Q2,768,main
xiangqi_pieces_009_replace_notitle_px1152_prompt1,vlms-are-biased-notitle/xiangqi_pieces/images/xiangqi_pieces_009_replace_red_advisor_to_red_cannon_at_d10_notitle_px1152.png,Chess Pieces,Xiangqi Pieces,"How many Cannon pieces are there on this board? Answer with a number in curly brackets, e.g., {9}.",5,4,False,Q1,1152,main
xiangqi_pieces_009_replace_notitle_px1152_prompt2,vlms-are-biased-notitle/xiangqi_pieces/images/xiangqi_pieces_009_replace_red_advisor_to_red_cannon_at_d10_notitle_px1152.png,Chess Pieces,Xiangqi Pieces,"Count the Cannon pieces on this board. Answer with a number in curly brackets, e.g., {9}.",5,4,False,Q2,1152,main
xiangqi_pieces_010_remove_notitle_px384_prompt1,vlms-are-biased-notitle/xiangqi_pieces/images/xiangqi_pieces_010_remove_black_elephant_at_c1_notitle_px384.png,Chess Pieces,Xiangqi Pieces,"How many xiangqi pieces are there on this board? Answer with a number in curly brackets, e.g., {9}.",31,32,False,Q1,384,main
xiangqi_pieces_010_remove_notitle_px384_prompt2,vlms-are-biased-notitle/xiangqi_pieces/images/xiangqi_pieces_010_remove_black_elephant_at_c1_notitle_px384.png,Chess Pieces,Xiangqi Pieces,"Count the xiangqi pieces on this board. Answer with a number in curly brackets, e.g., {9}.",31,32,False,Q2,384,main
xiangqi_pieces_010_remove_notitle_px768_prompt1,vlms-are-biased-notitle/xiangqi_pieces/images/xiangqi_pieces_010_remove_black_elephant_at_c1_notitle_px768.png,Chess Pieces,Xiangqi Pieces,"How many xiangqi pieces are there on this board? Answer with a number in curly brackets, e.g., {9}.",31,32,False,Q1,768,main
xiangqi_pieces_010_remove_notitle_px768_prompt2,vlms-are-biased-notitle/xiangqi_pieces/images/xiangqi_pieces_010_remove_black_elephant_at_c1_notitle_px768.png,Chess Pieces,Xiangqi Pieces,"Count the xiangqi pieces on this board. Answer with a number in curly brackets, e.g., {9}.",31,32,False,Q2,768,main
xiangqi_pieces_010_remove_notitle_px1152_prompt1,vlms-are-biased-notitle/xiangqi_pieces/images/xiangqi_pieces_010_remove_black_elephant_at_c1_notitle_px1152.png,Chess Pieces,Xiangqi Pieces,"How many xiangqi pieces are there on this board? Answer with a number in curly brackets, e.g., {9}.",31,32,False,Q1,1152,main
xiangqi_pieces_010_remove_notitle_px1152_prompt2,vlms-are-biased-notitle/xiangqi_pieces/images/xiangqi_pieces_010_remove_black_elephant_at_c1_notitle_px1152.png,Chess Pieces,Xiangqi Pieces,"Count the xiangqi pieces on this board. Answer with a number in curly brackets, e.g., {9}.",31,32,False,Q2,1152,main
xiangqi_pieces_010_replace_notitle_px384_prompt1,vlms-are-biased-notitle/xiangqi_pieces/images/xiangqi_pieces_010_replace_black_elephant_to_black_general_at_c1_notitle_px384.png,Chess Pieces,Xiangqi Pieces,"How many General pieces are there on this board? Answer with a number in curly brackets, e.g., {9}.",3,2,False,Q1,384,main
xiangqi_pieces_010_replace_notitle_px384_prompt2,vlms-are-biased-notitle/xiangqi_pieces/images/xiangqi_pieces_010_replace_black_elephant_to_black_general_at_c1_notitle_px384.png,Chess Pieces,Xiangqi Pieces,"Count the General pieces on this board. Answer with a number in curly brackets, e.g., {9}.",3,2,False,Q2,384,main
xiangqi_pieces_010_replace_notitle_px768_prompt1,vlms-are-biased-notitle/xiangqi_pieces/images/xiangqi_pieces_010_replace_black_elephant_to_black_general_at_c1_notitle_px768.png,Chess Pieces,Xiangqi Pieces,"How many General pieces are there on this board? Answer with a number in curly brackets, e.g., {9}.",3,2,False,Q1,768,main
xiangqi_pieces_010_replace_notitle_px768_prompt2,vlms-are-biased-notitle/xiangqi_pieces/images/xiangqi_pieces_010_replace_black_elephant_to_black_general_at_c1_notitle_px768.png,Chess Pieces,Xiangqi Pieces,"Count the General pieces on this board. Answer with a number in curly brackets, e.g., {9}.",3,2,False,Q2,768,main
xiangqi_pieces_010_replace_notitle_px1152_prompt1,vlms-are-biased-notitle/xiangqi_pieces/images/xiangqi_pieces_010_replace_black_elephant_to_black_general_at_c1_notitle_px1152.png,Chess Pieces,Xiangqi Pieces,"How many General pieces are there on this board? Answer with a number in curly brackets, e.g., {9}.",3,2,False,Q1,1152,main
xiangqi_pieces_010_replace_notitle_px1152_prompt2,vlms-are-biased-notitle/xiangqi_pieces/images/xiangqi_pieces_010_replace_black_elephant_to_black_general_at_c1_notitle_px1152.png,Chess Pieces,Xiangqi Pieces,"Count the General pieces on this board. Answer with a number in curly brackets, e.g., {9}.",3,2,False,Q2,1152,main
xiangqi_pieces_011_remove_notitle_px384_prompt1,vlms-are-biased-notitle/xiangqi_pieces/images/xiangqi_pieces_011_remove_black_cannon_at_b3_notitle_px384.png,Chess Pieces,Xiangqi Pieces,"How many xiangqi pieces are there on this board? Answer with a number in curly brackets, e.g., {9}.",31,32,False,Q1,384,main
xiangqi_pieces_011_remove_notitle_px384_prompt2,vlms-are-biased-notitle/xiangqi_pieces/images/xiangqi_pieces_011_remove_black_cannon_at_b3_notitle_px384.png,Chess Pieces,Xiangqi Pieces,"Count the xiangqi pieces on this board. Answer with a number in curly brackets, e.g., {9}.",31,32,False,Q2,384,main
xiangqi_pieces_011_remove_notitle_px768_prompt1,vlms-are-biased-notitle/xiangqi_pieces/images/xiangqi_pieces_011_remove_black_cannon_at_b3_notitle_px768.png,Chess Pieces,Xiangqi Pieces,"How many xiangqi pieces are there on this board? Answer with a number in curly brackets, e.g., {9}.",31,32,False,Q1,768,main
xiangqi_pieces_011_remove_notitle_px768_prompt2,vlms-are-biased-notitle/xiangqi_pieces/images/xiangqi_pieces_011_remove_black_cannon_at_b3_notitle_px768.png,Chess Pieces,Xiangqi Pieces,"Count the xiangqi pieces on this board. Answer with a number in curly brackets, e.g., {9}.",31,32,False,Q2,768,main
xiangqi_pieces_011_remove_notitle_px1152_prompt1,vlms-are-biased-notitle/xiangqi_pieces/images/xiangqi_pieces_011_remove_black_cannon_at_b3_notitle_px1152.png,Chess Pieces,Xiangqi Pieces,"How many xiangqi pieces are there on this board? Answer with a number in curly brackets, e.g., {9}.",31,32,False,Q1,1152,main
xiangqi_pieces_011_remove_notitle_px1152_prompt2,vlms-are-biased-notitle/xiangqi_pieces/images/xiangqi_pieces_011_remove_black_cannon_at_b3_notitle_px1152.png,Chess Pieces,Xiangqi Pieces,"Count the xiangqi pieces on this board. Answer with a number in curly brackets, e.g., {9}.",31,32,False,Q2,1152,main
xiangqi_pieces_011_replace_notitle_px384_prompt1,vlms-are-biased-notitle/xiangqi_pieces/images/xiangqi_pieces_011_replace_black_cannon_to_black_general_at_b3_notitle_px384.png,Chess Pieces,Xiangqi Pieces,"How many General pieces are there on this board? Answer with a number in curly brackets, e.g., {9}.",3,2,False,Q1,384,main
xiangqi_pieces_011_replace_notitle_px384_prompt2,vlms-are-biased-notitle/xiangqi_pieces/images/xiangqi_pieces_011_replace_black_cannon_to_black_general_at_b3_notitle_px384.png,Chess Pieces,Xiangqi Pieces,"Count the General pieces on this board. Answer with a number in curly brackets, e.g., {9}.",3,2,False,Q2,384,main
xiangqi_pieces_011_replace_notitle_px768_prompt1,vlms-are-biased-notitle/xiangqi_pieces/images/xiangqi_pieces_011_replace_black_cannon_to_black_general_at_b3_notitle_px768.png,Chess Pieces,Xiangqi Pieces,"How many General pieces are there on this board? Answer with a number in curly brackets, e.g., {9}.",3,2,False,Q1,768,main
xiangqi_pieces_011_replace_notitle_px768_prompt2,vlms-are-biased-notitle/xiangqi_pieces/images/xiangqi_pieces_011_replace_black_cannon_to_black_general_at_b3_notitle_px768.png,Chess Pieces,Xiangqi Pieces,"Count the General pieces on this board. Answer with a number in curly brackets, e.g., {9}.",3,2,False,Q2,768,main
xiangqi_pieces_011_replace_notitle_px1152_prompt1,vlms-are-biased-notitle/xiangqi_pieces/images/xiangqi_pieces_011_replace_black_cannon_to_black_general_at_b3_notitle_px1152.png,Chess Pieces,Xiangqi Pieces,"How many General pieces are there on this board? Answer with a number in curly brackets, e.g., {9}.",3,2,False,Q1,1152,main
xiangqi_pieces_011_replace_notitle_px1152_prompt2,vlms-are-biased-notitle/xiangqi_pieces/images/xiangqi_pieces_011_replace_black_cannon_to_black_general_at_b3_notitle_px1152.png,Chess Pieces,Xiangqi Pieces,"Count the General pieces on this board. Answer with a number in curly brackets, e.g., {9}.",3,2,False,Q2,1152,main
xiangqi_pieces_012_remove_notitle_px384_prompt1,vlms-are-biased-notitle/xiangqi_pieces/images/xiangqi_pieces_012_remove_black_soldier_at_c4_notitle_px384.png,Chess Pieces,Xiangqi Pieces,"How many xiangqi pieces are there on this board? Answer with a number in curly brackets, e.g., {9}.",31,32,False,Q1,384,main
xiangqi_pieces_012_remove_notitle_px384_prompt2,vlms-are-biased-notitle/xiangqi_pieces/images/xiangqi_pieces_012_remove_black_soldier_at_c4_notitle_px384.png,Chess Pieces,Xiangqi Pieces,"Count the xiangqi pieces on this board. Answer with a number in curly brackets, e.g., {9}.",31,32,False,Q2,384,main
xiangqi_pieces_012_remove_notitle_px768_prompt1,vlms-are-biased-notitle/xiangqi_pieces/images/xiangqi_pieces_012_remove_black_soldier_at_c4_notitle_px768.png,Chess Pieces,Xiangqi Pieces,"How many xiangqi pieces are there on this board? Answer with a number in curly brackets, e.g., {9}.",31,32,False,Q1,768,main
xiangqi_pieces_012_remove_notitle_px768_prompt2,vlms-are-biased-notitle/xiangqi_pieces/images/xiangqi_pieces_012_remove_black_soldier_at_c4_notitle_px768.png,Chess Pieces,Xiangqi Pieces,"Count the xiangqi pieces on this board. Answer with a number in curly brackets, e.g., {9}.",31,32,False,Q2,768,main
xiangqi_pieces_012_remove_notitle_px1152_prompt1,vlms-are-biased-notitle/xiangqi_pieces/images/xiangqi_pieces_012_remove_black_soldier_at_c4_notitle_px1152.png,Chess Pieces,Xiangqi Pieces,"How many xiangqi pieces are there on this board? Answer with a number in curly brackets, e.g., {9}.",31,32,False,Q1,1152,main
xiangqi_pieces_012_remove_notitle_px1152_prompt2,vlms-are-biased-notitle/xiangqi_pieces/images/xiangqi_pieces_012_remove_black_soldier_at_c4_notitle_px1152.png,Chess Pieces,Xiangqi Pieces,"Count the xiangqi pieces on this board. Answer with a number in curly brackets, e.g., {9}.",31,32,False,Q2,1152,main
xiangqi_pieces_012_replace_notitle_px384_prompt1,vlms-are-biased-notitle/xiangqi_pieces/images/xiangqi_pieces_012_replace_black_soldier_to_black_elephant_at_c4_notitle_px384.png,Chess Pieces,Xiangqi Pieces,"How many Elephant pieces are there on this board? Answer with a number in curly brackets, e.g., {9}.",5,4,False,Q1,384,main
xiangqi_pieces_012_replace_notitle_px384_prompt2,vlms-are-biased-notitle/xiangqi_pieces/images/xiangqi_pieces_012_replace_black_soldier_to_black_elephant_at_c4_notitle_px384.png,Chess Pieces,Xiangqi Pieces,"Count the Elephant pieces on this board. Answer with a number in curly brackets, e.g., {9}.",5,4,False,Q2,384,main
xiangqi_pieces_012_replace_notitle_px768_prompt1,vlms-are-biased-notitle/xiangqi_pieces/images/xiangqi_pieces_012_replace_black_soldier_to_black_elephant_at_c4_notitle_px768.png,Chess Pieces,Xiangqi Pieces,"How many Elephant pieces are there on this board? Answer with a number in curly brackets, e.g., {9}.",5,4,False,Q1,768,main
xiangqi_pieces_012_replace_notitle_px768_prompt2,vlms-are-biased-notitle/xiangqi_pieces/images/xiangqi_pieces_012_replace_black_soldier_to_black_elephant_at_c4_notitle_px768.png,Chess Pieces,Xiangqi Pieces,"Count the Elephant pieces on this board. Answer with a number in curly brackets, e.g., {9}.",5,4,False,Q2,768,main
xiangqi_pieces_012_replace_notitle_px1152_prompt1,vlms-are-biased-notitle/xiangqi_pieces/images/xiangqi_pieces_012_replace_black_soldier_to_black_elephant_at_c4_notitle_px1152.png,Chess Pieces,Xiangqi Pieces,"How many Elephant pieces are there on this board? Answer with a number in curly brackets, e.g., {9}.",5,4,False,Q1,1152,main
xiangqi_pieces_012_replace_notitle_px1152_prompt2,vlms-are-biased-notitle/xiangqi_pieces/images/xiangqi_pieces_012_replace_black_soldier_to_black_elephant_at_c4_notitle_px1152.png,Chess Pieces,Xiangqi Pieces,"Count the Elephant pieces on this board. Answer with a number in curly brackets, e.g., {9}.",5,4,False,Q2,1152,main
Zollner_001_Q1_notitle_px384,vlms-are-biased-notitle/zollner/images/Zollner_001_str50_diff0_notitle_px384.png,Optical Illusion,Zöllner illusion,"Are the two horizontal lines parallel? Answer in curly brackets, e.g., {Yes} or {No}.",Yes,No,False,Q1,384,main
Zollner_001_Q2_notitle_px384,vlms-are-biased-notitle/zollner/images/Zollner_001_str50_diff0_notitle_px384.png,Optical Illusion,Zöllner illusion,"Do the two horizontal lines run parallel? Answer in curly brackets, e.g., {Yes} or {No}.",Yes,No,False,Q2,384,main
Zollner_001_Q1_notitle_px768,vlms-are-biased-notitle/zollner/images/Zollner_001_str50_diff0_notitle_px768.png,Optical Illusion,Zöllner illusion,"Are the two horizontal lines parallel? Answer in curly brackets, e.g., {Yes} or {No}.",Yes,No,False,Q1,768,main
Zollner_001_Q2_notitle_px768,vlms-are-biased-notitle/zollner/images/Zollner_001_str50_diff0_notitle_px768.png,Optical Illusion,Zöllner illusion,"Do the two horizontal lines run parallel? Answer in curly brackets, e.g., {Yes} or {No}.",Yes,No,False,Q2,768,main
Zollner_001_Q1_notitle_px1152,vlms-are-biased-notitle/zollner/images/Zollner_001_str50_diff0_notitle_px1152.png,Optical Illusion,Zöllner illusion,"Are the two horizontal lines parallel? Answer in curly brackets, e.g., {Yes} or {No}.",Yes,No,False,Q1,1152,main
Zollner_001_Q2_notitle_px1152,vlms-are-biased-notitle/zollner/images/Zollner_001_str50_diff0_notitle_px1152.png,Optical Illusion,Zöllner illusion,"Do the two horizontal lines run parallel? Answer in curly brackets, e.g., {Yes} or {No}.",Yes,No,False,Q2,1152,main
Zollner_002_Q1_notitle_px384,vlms-are-biased-notitle/zollner/images/Zollner_002_strneg50_diff0_notitle_px384.png,Optical Illusion,Zöllner illusion,"Are the two horizontal lines parallel? Answer in curly brackets, e.g., {Yes} or {No}.",Yes,No,False,Q1,384,main
Zollner_002_Q2_notitle_px384,vlms-are-biased-notitle/zollner/images/Zollner_002_strneg50_diff0_notitle_px384.png,Optical Illusion,Zöllner illusion,"Do the two horizontal lines run parallel? Answer in curly brackets, e.g., {Yes} or {No}.",Yes,No,False,Q2,384,main
Zollner_002_Q1_notitle_px768,vlms-are-biased-notitle/zollner/images/Zollner_002_strneg50_diff0_notitle_px768.png,Optical Illusion,Zöllner illusion,"Are the two horizontal lines parallel? Answer in curly brackets, e.g., {Yes} or {No}.",Yes,No,False,Q1,768,main
Zollner_002_Q2_notitle_px768,vlms-are-biased-notitle/zollner/images/Zollner_002_strneg50_diff0_notitle_px768.png,Optical Illusion,Zöllner illusion,"Do the two horizontal lines run parallel? Answer in curly brackets, e.g., {Yes} or {No}.",Yes,No,False,Q2,768,main
Zollner_002_Q1_notitle_px1152,vlms-are-biased-notitle/zollner/images/Zollner_002_strneg50_diff0_notitle_px1152.png,Optical Illusion,Zöllner illusion,"Are the two horizontal lines parallel? Answer in curly brackets, e.g., {Yes} or {No}.",Yes,No,False,Q1,1152,main
Zollner_002_Q2_notitle_px1152,vlms-are-biased-notitle/zollner/images/Zollner_002_strneg50_diff0_notitle_px1152.png,Optical Illusion,Zöllner illusion,"Do the two horizontal lines run parallel? Answer in curly brackets, e.g., {Yes} or {No}.",Yes,No,False,Q2,1152,main
Zollner_003_Q1_notitle_px384,vlms-are-biased-notitle/zollner/images/Zollner_003_str55_diff0_notitle_px384.png,Optical Illusion,Zöllner illusion,"Are the two horizontal lines parallel? Answer in curly brackets, e.g., {Yes} or {No}.",Yes,No,False,Q1,384,main
Zollner_003_Q2_notitle_px384,vlms-are-biased-notitle/zollner/images/Zollner_003_str55_diff0_notitle_px384.png,Optical Illusion,Zöllner illusion,"Do the two horizontal lines run parallel? Answer in curly brackets, e.g., {Yes} or {No}.",Yes,No,False,Q2,384,main
Zollner_003_Q1_notitle_px768,vlms-are-biased-notitle/zollner/images/Zollner_003_str55_diff0_notitle_px768.png,Optical Illusion,Zöllner illusion,"Are the two horizontal lines parallel? Answer in curly brackets, e.g., {Yes} or {No}.",Yes,No,False,Q1,768,main
Zollner_003_Q2_notitle_px768,vlms-are-biased-notitle/zollner/images/Zollner_003_str55_diff0_notitle_px768.png,Optical Illusion,Zöllner illusion,"Do the two horizontal lines run parallel? Answer in curly brackets, e.g., {Yes} or {No}.",Yes,No,False,Q2,768,main
Zollner_003_Q1_notitle_px1152,vlms-are-biased-notitle/zollner/images/Zollner_003_str55_diff0_notitle_px1152.png,Optical Illusion,Zöllner illusion,"Are the two horizontal lines parallel? Answer in curly brackets, e.g., {Yes} or {No}.",Yes,No,False,Q1,1152,main
Zollner_003_Q2_notitle_px1152,vlms-are-biased-notitle/zollner/images/Zollner_003_str55_diff0_notitle_px1152.png,Optical Illusion,Zöllner illusion,"Do the two horizontal lines run parallel? Answer in curly brackets, e.g., {Yes} or {No}.",Yes,No,False,Q2,1152,main
Zollner_004_Q1_notitle_px384,vlms-are-biased-notitle/zollner/images/Zollner_004_strneg55_diff0_notitle_px384.png,Optical Illusion,Zöllner illusion,"Are the two horizontal lines parallel? Answer in curly brackets, e.g., {Yes} or {No}.",Yes,No,False,Q1,384,main
Zollner_004_Q2_notitle_px384,vlms-are-biased-notitle/zollner/images/Zollner_004_strneg55_diff0_notitle_px384.png,Optical Illusion,Zöllner illusion,"Do the two horizontal lines run parallel? Answer in curly brackets, e.g., {Yes} or {No}.",Yes,No,False,Q2,384,main
Zollner_004_Q1_notitle_px768,vlms-are-biased-notitle/zollner/images/Zollner_004_strneg55_diff0_notitle_px768.png,Optical Illusion,Zöllner illusion,"Are the two horizontal lines parallel? Answer in curly brackets, e.g., {Yes} or {No}.",Yes,No,False,Q1,768,main
Zollner_004_Q2_notitle_px768,vlms-are-biased-notitle/zollner/images/Zollner_004_strneg55_diff0_notitle_px768.png,Optical Illusion,Zöllner illusion,"Do the two horizontal lines run parallel? Answer in curly brackets, e.g., {Yes} or {No}.",Yes,No,False,Q2,768,main
Zollner_004_Q1_notitle_px1152,vlms-are-biased-notitle/zollner/images/Zollner_004_strneg55_diff0_notitle_px1152.png,Optical Illusion,Zöllner illusion,"Are the two horizontal lines parallel? Answer in curly brackets, e.g., {Yes} or {No}.",Yes,No,False,Q1,1152,main
Zollner_004_Q2_notitle_px1152,vlms-are-biased-notitle/zollner/images/Zollner_004_strneg55_diff0_notitle_px1152.png,Optical Illusion,Zöllner illusion,"Do the two horizontal lines run parallel? Answer in curly brackets, e.g., {Yes} or {No}.",Yes,No,False,Q2,1152,main
Zollner_005_Q1_notitle_px384,vlms-are-biased-notitle/zollner/images/Zollner_005_str60_diff0_notitle_px384.png,Optical Illusion,Zöllner illusion,"Are the two horizontal lines parallel? Answer in curly brackets, e.g., {Yes} or {No}.",Yes,No,False,Q1,384,main
Zollner_005_Q2_notitle_px384,vlms-are-biased-notitle/zollner/images/Zollner_005_str60_diff0_notitle_px384.png,Optical Illusion,Zöllner illusion,"Do the two horizontal lines run parallel? Answer in curly brackets, e.g., {Yes} or {No}.",Yes,No,False,Q2,384,main
Zollner_005_Q1_notitle_px768,vlms-are-biased-notitle/zollner/images/Zollner_005_str60_diff0_notitle_px768.png,Optical Illusion,Zöllner illusion,"Are the two horizontal lines parallel? Answer in curly brackets, e.g., {Yes} or {No}.",Yes,No,False,Q1,768,main
Zollner_005_Q2_notitle_px768,vlms-are-biased-notitle/zollner/images/Zollner_005_str60_diff0_notitle_px768.png,Optical Illusion,Zöllner illusion,"Do the two horizontal lines run parallel? Answer in curly brackets, e.g., {Yes} or {No}.",Yes,No,False,Q2,768,main
Zollner_005_Q1_notitle_px1152,vlms-are-biased-notitle/zollner/images/Zollner_005_str60_diff0_notitle_px1152.png,Optical Illusion,Zöllner illusion,"Are the two horizontal lines parallel? Answer in curly brackets, e.g., {Yes} or {No}.",Yes,No,False,Q1,1152,main
Zollner_005_Q2_notitle_px1152,vlms-are-biased-notitle/zollner/images/Zollner_005_str60_diff0_notitle_px1152.png,Optical Illusion,Zöllner illusion,"Do the two horizontal lines run parallel? Answer in curly brackets, e.g., {Yes} or {No}.",Yes,No,False,Q2,1152,main
Zollner_006_Q1_notitle_px384,vlms-are-biased-notitle/zollner/images/Zollner_006_strneg60_diff0_notitle_px384.png,Optical Illusion,Zöllner illusion,"Are the two horizontal lines parallel? Answer in curly brackets, e.g., {Yes} or {No}.",Yes,No,False,Q1,384,main
Zollner_006_Q2_notitle_px384,vlms-are-biased-notitle/zollner/images/Zollner_006_strneg60_diff0_notitle_px384.png,Optical Illusion,Zöllner illusion,"Do the two horizontal lines run parallel? Answer in curly brackets, e.g., {Yes} or {No}.",Yes,No,False,Q2,384,main
Zollner_006_Q1_notitle_px768,vlms-are-biased-notitle/zollner/images/Zollner_006_strneg60_diff0_notitle_px768.png,Optical Illusion,Zöllner illusion,"Are the two horizontal lines parallel? Answer in curly brackets, e.g., {Yes} or {No}.",Yes,No,False,Q1,768,main
Zollner_006_Q2_notitle_px768,vlms-are-biased-notitle/zollner/images/Zollner_006_strneg60_diff0_notitle_px768.png,Optical Illusion,Zöllner illusion,"Do the two horizontal lines run parallel? Answer in curly brackets, e.g., {Yes} or {No}.",Yes,No,False,Q2,768,main
Zollner_006_Q1_notitle_px1152,vlms-are-biased-notitle/zollner/images/Zollner_006_strneg60_diff0_notitle_px1152.png,Optical Illusion,Zöllner illusion,"Are the two horizontal lines parallel? Answer in curly brackets, e.g., {Yes} or {No}.",Yes,No,False,Q1,1152,main
Zollner_006_Q2_notitle_px1152,vlms-are-biased-notitle/zollner/images/Zollner_006_strneg60_diff0_notitle_px1152.png,Optical Illusion,Zöllner illusion,"Do the two horizontal lines run parallel? Answer in curly brackets, e.g., {Yes} or {No}.",Yes,No,False,Q2,1152,main
Zollner_007_Q1_notitle_px384,vlms-are-biased-notitle/zollner/images/Zollner_007_str65_diff0_notitle_px384.png,Optical Illusion,Zöllner illusion,"Are the two horizontal lines parallel? Answer in curly brackets, e.g., {Yes} or {No}.",Yes,No,False,Q1,384,main
Zollner_007_Q2_notitle_px384,vlms-are-biased-notitle/zollner/images/Zollner_007_str65_diff0_notitle_px384.png,Optical Illusion,Zöllner illusion,"Do the two horizontal lines run parallel? Answer in curly brackets, e.g., {Yes} or {No}.",Yes,No,False,Q2,384,main
Zollner_007_Q1_notitle_px768,vlms-are-biased-notitle/zollner/images/Zollner_007_str65_diff0_notitle_px768.png,Optical Illusion,Zöllner illusion,"Are the two horizontal lines parallel? Answer in curly brackets, e.g., {Yes} or {No}.",Yes,No,False,Q1,768,main
Zollner_007_Q2_notitle_px768,vlms-are-biased-notitle/zollner/images/Zollner_007_str65_diff0_notitle_px768.png,Optical Illusion,Zöllner illusion,"Do the two horizontal lines run parallel? Answer in curly brackets, e.g., {Yes} or {No}.",Yes,No,False,Q2,768,main
Zollner_007_Q1_notitle_px1152,vlms-are-biased-notitle/zollner/images/Zollner_007_str65_diff0_notitle_px1152.png,Optical Illusion,Zöllner illusion,"Are the two horizontal lines parallel? Answer in curly brackets, e.g., {Yes} or {No}.",Yes,No,False,Q1,1152,main
Zollner_007_Q2_notitle_px1152,vlms-are-biased-notitle/zollner/images/Zollner_007_str65_diff0_notitle_px1152.png,Optical Illusion,Zöllner illusion,"Do the two horizontal lines run parallel? Answer in curly brackets, e.g., {Yes} or {No}.",Yes,No,False,Q2,1152,main
Zollner_008_Q1_notitle_px384,vlms-are-biased-notitle/zollner/images/Zollner_008_strneg65_diff0_notitle_px384.png,Optical Illusion,Zöllner illusion,"Are the two horizontal lines parallel? Answer in curly brackets, e.g., {Yes} or {No}.",Yes,No,False,Q1,384,main
Zollner_008_Q2_notitle_px384,vlms-are-biased-notitle/zollner/images/Zollner_008_strneg65_diff0_notitle_px384.png,Optical Illusion,Zöllner illusion,"Do the two horizontal lines run parallel? Answer in curly brackets, e.g., {Yes} or {No}.",Yes,No,False,Q2,384,main
Zollner_008_Q1_notitle_px768,vlms-are-biased-notitle/zollner/images/Zollner_008_strneg65_diff0_notitle_px768.png,Optical Illusion,Zöllner illusion,"Are the two horizontal lines parallel? Answer in curly brackets, e.g., {Yes} or {No}.",Yes,No,False,Q1,768,main
Zollner_008_Q2_notitle_px768,vlms-are-biased-notitle/zollner/images/Zollner_008_strneg65_diff0_notitle_px768.png,Optical Illusion,Zöllner illusion,"Do the two horizontal lines run parallel? Answer in curly brackets, e.g., {Yes} or {No}.",Yes,No,False,Q2,768,main
Zollner_008_Q1_notitle_px1152,vlms-are-biased-notitle/zollner/images/Zollner_008_strneg65_diff0_notitle_px1152.png,Optical Illusion,Zöllner illusion,"Are the two horizontal lines parallel? Answer in curly brackets, e.g., {Yes} or {No}.",Yes,No,False,Q1,1152,main
Zollner_008_Q2_notitle_px1152,vlms-are-biased-notitle/zollner/images/Zollner_008_strneg65_diff0_notitle_px1152.png,Optical Illusion,Zöllner illusion,"Do the two horizontal lines run parallel? Answer in curly brackets, e.g., {Yes} or {No}.",Yes,No,False,Q2,1152,main
Zollner_009_Q1_notitle_px384,vlms-are-biased-notitle/zollner/images/Zollner_009_str70_diff0_notitle_px384.png,Optical Illusion,Zöllner illusion,"Are the two horizontal lines parallel? Answer in curly brackets, e.g., {Yes} or {No}.",Yes,No,False,Q1,384,main
Zollner_009_Q2_notitle_px384,vlms-are-biased-notitle/zollner/images/Zollner_009_str70_diff0_notitle_px384.png,Optical Illusion,Zöllner illusion,"Do the two horizontal lines run parallel? Answer in curly brackets, e.g., {Yes} or {No}.",Yes,No,False,Q2,384,main
Zollner_009_Q1_notitle_px768,vlms-are-biased-notitle/zollner/images/Zollner_009_str70_diff0_notitle_px768.png,Optical Illusion,Zöllner illusion,"Are the two horizontal lines parallel? Answer in curly brackets, e.g., {Yes} or {No}.",Yes,No,False,Q1,768,main
Zollner_009_Q2_notitle_px768,vlms-are-biased-notitle/zollner/images/Zollner_009_str70_diff0_notitle_px768.png,Optical Illusion,Zöllner illusion,"Do the two horizontal lines run parallel? Answer in curly brackets, e.g., {Yes} or {No}.",Yes,No,False,Q2,768,main
Zollner_009_Q1_notitle_px1152,vlms-are-biased-notitle/zollner/images/Zollner_009_str70_diff0_notitle_px1152.png,Optical Illusion,Zöllner illusion,"Are the two horizontal lines parallel? Answer in curly brackets, e.g., {Yes} or {No}.",Yes,No,False,Q1,1152,main
Zollner_009_Q2_notitle_px1152,vlms-are-biased-notitle/zollner/images/Zollner_009_str70_diff0_notitle_px1152.png,Optical Illusion,Zöllner illusion,"Do the two horizontal lines run parallel? Answer in curly brackets, e.g., {Yes} or {No}.",Yes,No,False,Q2,1152,main
Zollner_010_Q1_notitle_px384,vlms-are-biased-notitle/zollner/images/Zollner_010_strneg70_diff0_notitle_px384.png,Optical Illusion,Zöllner illusion,"Are the two horizontal lines parallel? Answer in curly brackets, e.g., {Yes} or {No}.",Yes,No,False,Q1,384,main
Zollner_010_Q2_notitle_px384,vlms-are-biased-notitle/zollner/images/Zollner_010_strneg70_diff0_notitle_px384.png,Optical Illusion,Zöllner illusion,"Do the two horizontal lines run parallel? Answer in curly brackets, e.g., {Yes} or {No}.",Yes,No,False,Q2,384,main
Zollner_010_Q1_notitle_px768,vlms-are-biased-notitle/zollner/images/Zollner_010_strneg70_diff0_notitle_px768.png,Optical Illusion,Zöllner illusion,"Are the two horizontal lines parallel? Answer in curly brackets, e.g., {Yes} or {No}.",Yes,No,False,Q1,768,main
Zollner_010_Q2_notitle_px768,vlms-are-biased-notitle/zollner/images/Zollner_010_strneg70_diff0_notitle_px768.png,Optical Illusion,Zöllner illusion,"Do the two horizontal lines run parallel? Answer in curly brackets, e.g., {Yes} or {No}.",Yes,No,False,Q2,768,main
Zollner_010_Q1_notitle_px1152,vlms-are-biased-notitle/zollner/images/Zollner_010_strneg70_diff0_notitle_px1152.png,Optical Illusion,Zöllner illusion,"Are the two horizontal lines parallel? Answer in curly brackets, e.g., {Yes} or {No}.",Yes,No,False,Q1,1152,main
Zollner_010_Q2_notitle_px1152,vlms-are-biased-notitle/zollner/images/Zollner_010_strneg70_diff0_notitle_px1152.png,Optical Illusion,Zöllner illusion,"Do the two horizontal lines run parallel? Answer in curly brackets, e.g., {Yes} or {No}.",Yes,No,False,Q2,1152,main
Zollner_011_Q1_notitle_px384,vlms-are-biased-notitle/zollner/images/Zollner_011_str75_diff0_notitle_px384.png,Optical Illusion,Zöllner illusion,"Are the two horizontal lines parallel? Answer in curly brackets, e.g., {Yes} or {No}.",Yes,No,False,Q1,384,main
Zollner_011_Q2_notitle_px384,vlms-are-biased-notitle/zollner/images/Zollner_011_str75_diff0_notitle_px384.png,Optical Illusion,Zöllner illusion,"Do the two horizontal lines run parallel? Answer in curly brackets, e.g., {Yes} or {No}.",Yes,No,False,Q2,384,main
Zollner_011_Q1_notitle_px768,vlms-are-biased-notitle/zollner/images/Zollner_011_str75_diff0_notitle_px768.png,Optical Illusion,Zöllner illusion,"Are the two horizontal lines parallel? Answer in curly brackets, e.g., {Yes} or {No}.",Yes,No,False,Q1,768,main
Zollner_011_Q2_notitle_px768,vlms-are-biased-notitle/zollner/images/Zollner_011_str75_diff0_notitle_px768.png,Optical Illusion,Zöllner illusion,"Do the two horizontal lines run parallel? Answer in curly brackets, e.g., {Yes} or {No}.",Yes,No,False,Q2,768,main
Zollner_011_Q1_notitle_px1152,vlms-are-biased-notitle/zollner/images/Zollner_011_str75_diff0_notitle_px1152.png,Optical Illusion,Zöllner illusion,"Are the two horizontal lines parallel? Answer in curly brackets, e.g., {Yes} or {No}.",Yes,No,False,Q1,1152,main
Zollner_011_Q2_notitle_px1152,vlms-are-biased-notitle/zollner/images/Zollner_011_str75_diff0_notitle_px1152.png,Optical Illusion,Zöllner illusion,"Do the two horizontal lines run parallel? Answer in curly brackets, e.g., {Yes} or {No}.",Yes,No,False,Q2,1152,main
Zollner_012_Q1_notitle_px384,vlms-are-biased-notitle/zollner/images/Zollner_012_strneg75_diff0_notitle_px384.png,Optical Illusion,Zöllner illusion,"Are the two horizontal lines parallel? Answer in curly brackets, e.g., {Yes} or {No}.",Yes,No,False,Q1,384,main
Zollner_012_Q2_notitle_px384,vlms-are-biased-notitle/zollner/images/Zollner_012_strneg75_diff0_notitle_px384.png,Optical Illusion,Zöllner illusion,"Do the two horizontal lines run parallel? Answer in curly brackets, e.g., {Yes} or {No}.",Yes,No,False,Q2,384,main
Zollner_012_Q1_notitle_px768,vlms-are-biased-notitle/zollner/images/Zollner_012_strneg75_diff0_notitle_px768.png,Optical Illusion,Zöllner illusion,"Are the two horizontal lines parallel? Answer in curly brackets, e.g., {Yes} or {No}.",Yes,No,False,Q1,768,main
Zollner_012_Q2_notitle_px768,vlms-are-biased-notitle/zollner/images/Zollner_012_strneg75_diff0_notitle_px768.png,Optical Illusion,Zöllner illusion,"Do the two horizontal lines run parallel? Answer in curly brackets, e.g., {Yes} or {No}.",Yes,No,False,Q2,768,main
Zollner_012_Q1_notitle_px1152,vlms-are-biased-notitle/zollner/images/Zollner_012_strneg75_diff0_notitle_px1152.png,Optical Illusion,Zöllner illusion,"Are the two horizontal lines parallel? Answer in curly brackets, e.g., {Yes} or {No}.",Yes,No,False,Q1,1152,main
Zollner_012_Q2_notitle_px1152,vlms-are-biased-notitle/zollner/images/Zollner_012_strneg75_diff0_notitle_px1152.png,Optical Illusion,Zöllner illusion,"Do the two horizontal lines run parallel? Answer in curly brackets, e.g., {Yes} or {No}.",Yes,No,False,Q2,1152,main
Zollner_013_Q1_notitle_px384,vlms-are-biased-notitle/zollner/images/Zollner_013_str60_diff2_notitle_px384.png,Optical Illusion,Zöllner illusion,"Are the two horizontal lines parallel? Answer in curly brackets, e.g., {Yes} or {No}.",No,Yes,False,Q1,384,main
Zollner_013_Q2_notitle_px384,vlms-are-biased-notitle/zollner/images/Zollner_013_str60_diff2_notitle_px384.png,Optical Illusion,Zöllner illusion,"Do the two horizontal lines run parallel? Answer in curly brackets, e.g., {Yes} or {No}.",No,Yes,False,Q2,384,main
Zollner_013_Q1_notitle_px768,vlms-are-biased-notitle/zollner/images/Zollner_013_str60_diff2_notitle_px768.png,Optical Illusion,Zöllner illusion,"Are the two horizontal lines parallel? Answer in curly brackets, e.g., {Yes} or {No}.",No,Yes,False,Q1,768,main
Zollner_013_Q2_notitle_px768,vlms-are-biased-notitle/zollner/images/Zollner_013_str60_diff2_notitle_px768.png,Optical Illusion,Zöllner illusion,"Do the two horizontal lines run parallel? Answer in curly brackets, e.g., {Yes} or {No}.",No,Yes,False,Q2,768,main
Zollner_013_Q1_notitle_px1152,vlms-are-biased-notitle/zollner/images/Zollner_013_str60_diff2_notitle_px1152.png,Optical Illusion,Zöllner illusion,"Are the two horizontal lines parallel? Answer in curly brackets, e.g., {Yes} or {No}.",No,Yes,False,Q1,1152,main
Zollner_013_Q2_notitle_px1152,vlms-are-biased-notitle/zollner/images/Zollner_013_str60_diff2_notitle_px1152.png,Optical Illusion,Zöllner illusion,"Do the two horizontal lines run parallel? Answer in curly brackets, e.g., {Yes} or {No}.",No,Yes,False,Q2,1152,main
Zollner_014_Q1_notitle_px384,vlms-are-biased-notitle/zollner/images/Zollner_014_strneg60_diffneg2_notitle_px384.png,Optical Illusion,Zöllner illusion,"Are the two horizontal lines parallel? Answer in curly brackets, e.g., {Yes} or {No}.",No,Yes,False,Q1,384,main
Zollner_014_Q2_notitle_px384,vlms-are-biased-notitle/zollner/images/Zollner_014_strneg60_diffneg2_notitle_px384.png,Optical Illusion,Zöllner illusion,"Do the two horizontal lines run parallel? Answer in curly brackets, e.g., {Yes} or {No}.",No,Yes,False,Q2,384,main
Zollner_014_Q1_notitle_px768,vlms-are-biased-notitle/zollner/images/Zollner_014_strneg60_diffneg2_notitle_px768.png,Optical Illusion,Zöllner illusion,"Are the two horizontal lines parallel? Answer in curly brackets, e.g., {Yes} or {No}.",No,Yes,False,Q1,768,main
Zollner_014_Q2_notitle_px768,vlms-are-biased-notitle/zollner/images/Zollner_014_strneg60_diffneg2_notitle_px768.png,Optical Illusion,Zöllner illusion,"Do the two horizontal lines run parallel? Answer in curly brackets, e.g., {Yes} or {No}.",No,Yes,False,Q2,768,main
Zollner_014_Q1_notitle_px1152,vlms-are-biased-notitle/zollner/images/Zollner_014_strneg60_diffneg2_notitle_px1152.png,Optical Illusion,Zöllner illusion,"Are the two horizontal lines parallel? Answer in curly brackets, e.g., {Yes} or {No}.",No,Yes,False,Q1,1152,main
Zollner_014_Q2_notitle_px1152,vlms-are-biased-notitle/zollner/images/Zollner_014_strneg60_diffneg2_notitle_px1152.png,Optical Illusion,Zöllner illusion,"Do the two horizontal lines run parallel? Answer in curly brackets, e.g., {Yes} or {No}.",No,Yes,False,Q2,1152,main
Zollner_015_Q1_notitle_px384,vlms-are-biased-notitle/zollner/images/Zollner_015_str60_diff2p5_notitle_px384.png,Optical Illusion,Zöllner illusion,"Are the two horizontal lines parallel? Answer in curly brackets, e.g., {Yes} or {No}.",No,Yes,False,Q1,384,main
Zollner_015_Q2_notitle_px384,vlms-are-biased-notitle/zollner/images/Zollner_015_str60_diff2p5_notitle_px384.png,Optical Illusion,Zöllner illusion,"Do the two horizontal lines run parallel? Answer in curly brackets, e.g., {Yes} or {No}.",No,Yes,False,Q2,384,main
Zollner_015_Q1_notitle_px768,vlms-are-biased-notitle/zollner/images/Zollner_015_str60_diff2p5_notitle_px768.png,Optical Illusion,Zöllner illusion,"Are the two horizontal lines parallel? Answer in curly brackets, e.g., {Yes} or {No}.",No,Yes,False,Q1,768,main
Zollner_015_Q2_notitle_px768,vlms-are-biased-notitle/zollner/images/Zollner_015_str60_diff2p5_notitle_px768.png,Optical Illusion,Zöllner illusion,"Do the two horizontal lines run parallel? Answer in curly brackets, e.g., {Yes} or {No}.",No,Yes,False,Q2,768,main
Zollner_015_Q1_notitle_px1152,vlms-are-biased-notitle/zollner/images/Zollner_015_str60_diff2p5_notitle_px1152.png,Optical Illusion,Zöllner illusion,"Are the two horizontal lines parallel? Answer in curly brackets, e.g., {Yes} or {No}.",No,Yes,False,Q1,1152,main
Zollner_015_Q2_notitle_px1152,vlms-are-biased-notitle/zollner/images/Zollner_015_str60_diff2p5_notitle_px1152.png,Optical Illusion,Zöllner illusion,"Do the two horizontal lines run parallel? Answer in curly brackets, e.g., {Yes} or {No}.",No,Yes,False,Q2,1152,main
Zollner_016_Q1_notitle_px384,vlms-are-biased-notitle/zollner/images/Zollner_016_strneg60_diffneg2p5_notitle_px384.png,Optical Illusion,Zöllner illusion,"Are the two horizontal lines parallel? Answer in curly brackets, e.g., {Yes} or {No}.",No,Yes,False,Q1,384,main
Zollner_016_Q2_notitle_px384,vlms-are-biased-notitle/zollner/images/Zollner_016_strneg60_diffneg2p5_notitle_px384.png,Optical Illusion,Zöllner illusion,"Do the two horizontal lines run parallel? Answer in curly brackets, e.g., {Yes} or {No}.",No,Yes,False,Q2,384,main
Zollner_016_Q1_notitle_px768,vlms-are-biased-notitle/zollner/images/Zollner_016_strneg60_diffneg2p5_notitle_px768.png,Optical Illusion,Zöllner illusion,"Are the two horizontal lines parallel? Answer in curly brackets, e.g., {Yes} or {No}.",No,Yes,False,Q1,768,main
Zollner_016_Q2_notitle_px768,vlms-are-biased-notitle/zollner/images/Zollner_016_strneg60_diffneg2p5_notitle_px768.png,Optical Illusion,Zöllner illusion,"Do the two horizontal lines run parallel? Answer in curly brackets, e.g., {Yes} or {No}.",No,Yes,False,Q2,768,main
Zollner_016_Q1_notitle_px1152,vlms-are-biased-notitle/zollner/images/Zollner_016_strneg60_diffneg2p5_notitle_px1152.png,Optical Illusion,Zöllner illusion,"Are the two horizontal lines parallel? Answer in curly brackets, e.g., {Yes} or {No}.",No,Yes,False,Q1,1152,main
Zollner_016_Q2_notitle_px1152,vlms-are-biased-notitle/zollner/images/Zollner_016_strneg60_diffneg2p5_notitle_px1152.png,Optical Illusion,Zöllner illusion,"Do the two horizontal lines run parallel? Answer in curly brackets, e.g., {Yes} or {No}.",No,Yes,False,Q2,1152,main
Zollner_017_Q1_notitle_px384,vlms-are-biased-notitle/zollner/images/Zollner_017_str60_diff3_notitle_px384.png,Optical Illusion,Zöllner illusion,"Are the two horizontal lines parallel? Answer in curly brackets, e.g., {Yes} or {No}.",No,Yes,False,Q1,384,main
Zollner_017_Q2_notitle_px384,vlms-are-biased-notitle/zollner/images/Zollner_017_str60_diff3_notitle_px384.png,Optical Illusion,Zöllner illusion,"Do the two horizontal lines run parallel? Answer in curly brackets, e.g., {Yes} or {No}.",No,Yes,False,Q2,384,main
Zollner_017_Q1_notitle_px768,vlms-are-biased-notitle/zollner/images/Zollner_017_str60_diff3_notitle_px768.png,Optical Illusion,Zöllner illusion,"Are the two horizontal lines parallel? Answer in curly brackets, e.g., {Yes} or {No}.",No,Yes,False,Q1,768,main
Zollner_017_Q2_notitle_px768,vlms-are-biased-notitle/zollner/images/Zollner_017_str60_diff3_notitle_px768.png,Optical Illusion,Zöllner illusion,"Do the two horizontal lines run parallel? Answer in curly brackets, e.g., {Yes} or {No}.",No,Yes,False,Q2,768,main
Zollner_017_Q1_notitle_px1152,vlms-are-biased-notitle/zollner/images/Zollner_017_str60_diff3_notitle_px1152.png,Optical Illusion,Zöllner illusion,"Are the two horizontal lines parallel? Answer in curly brackets, e.g., {Yes} or {No}.",No,Yes,False,Q1,1152,main
Zollner_017_Q2_notitle_px1152,vlms-are-biased-notitle/zollner/images/Zollner_017_str60_diff3_notitle_px1152.png,Optical Illusion,Zöllner illusion,"Do the two horizontal lines run parallel? Answer in curly brackets, e.g., {Yes} or {No}.",No,Yes,False,Q2,1152,main
Zollner_018_Q1_notitle_px384,vlms-are-biased-notitle/zollner/images/Zollner_018_strneg60_diffneg3_notitle_px384.png,Optical Illusion,Zöllner illusion,"Are the two horizontal lines parallel? Answer in curly brackets, e.g., {Yes} or {No}.",No,Yes,False,Q1,384,main
Zollner_018_Q2_notitle_px384,vlms-are-biased-notitle/zollner/images/Zollner_018_strneg60_diffneg3_notitle_px384.png,Optical Illusion,Zöllner illusion,"Do the two horizontal lines run parallel? Answer in curly brackets, e.g., {Yes} or {No}.",No,Yes,False,Q2,384,main
Zollner_018_Q1_notitle_px768,vlms-are-biased-notitle/zollner/images/Zollner_018_strneg60_diffneg3_notitle_px768.png,Optical Illusion,Zöllner illusion,"Are the two horizontal lines parallel? Answer in curly brackets, e.g., {Yes} or {No}.",No,Yes,False,Q1,768,main
Zollner_018_Q2_notitle_px768,vlms-are-biased-notitle/zollner/images/Zollner_018_strneg60_diffneg3_notitle_px768.png,Optical Illusion,Zöllner illusion,"Do the two horizontal lines run parallel? Answer in curly brackets, e.g., {Yes} or {No}.",No,Yes,False,Q2,768,main
Zollner_018_Q1_notitle_px1152,vlms-are-biased-notitle/zollner/images/Zollner_018_strneg60_diffneg3_notitle_px1152.png,Optical Illusion,Zöllner illusion,"Are the two horizontal lines parallel? Answer in curly brackets, e.g., {Yes} or {No}.",No,Yes,False,Q1,1152,main
Zollner_018_Q2_notitle_px1152,vlms-are-biased-notitle/zollner/images/Zollner_018_strneg60_diffneg3_notitle_px1152.png,Optical Illusion,Zöllner illusion,"Do the two horizontal lines run parallel? Answer in curly brackets, e.g., {Yes} or {No}.",No,Yes,False,Q2,1152,main
Zollner_019_Q1_notitle_px384,vlms-are-biased-notitle/zollner/images/Zollner_019_str75_diff2_notitle_px384.png,Optical Illusion,Zöllner illusion,"Are the two horizontal lines parallel? Answer in curly brackets, e.g., {Yes} or {No}.",No,Yes,False,Q1,384,main
Zollner_019_Q2_notitle_px384,vlms-are-biased-notitle/zollner/images/Zollner_019_str75_diff2_notitle_px384.png,Optical Illusion,Zöllner illusion,"Do the two horizontal lines run parallel? Answer in curly brackets, e.g., {Yes} or {No}.",No,Yes,False,Q2,384,main
Zollner_019_Q1_notitle_px768,vlms-are-biased-notitle/zollner/images/Zollner_019_str75_diff2_notitle_px768.png,Optical Illusion,Zöllner illusion,"Are the two horizontal lines parallel? Answer in curly brackets, e.g., {Yes} or {No}.",No,Yes,False,Q1,768,main
Zollner_019_Q2_notitle_px768,vlms-are-biased-notitle/zollner/images/Zollner_019_str75_diff2_notitle_px768.png,Optical Illusion,Zöllner illusion,"Do the two horizontal lines run parallel? Answer in curly brackets, e.g., {Yes} or {No}.",No,Yes,False,Q2,768,main
Zollner_019_Q1_notitle_px1152,vlms-are-biased-notitle/zollner/images/Zollner_019_str75_diff2_notitle_px1152.png,Optical Illusion,Zöllner illusion,"Are the two horizontal lines parallel? Answer in curly brackets, e.g., {Yes} or {No}.",No,Yes,False,Q1,1152,main
Zollner_019_Q2_notitle_px1152,vlms-are-biased-notitle/zollner/images/Zollner_019_str75_diff2_notitle_px1152.png,Optical Illusion,Zöllner illusion,"Do the two horizontal lines run parallel? Answer in curly brackets, e.g., {Yes} or {No}.",No,Yes,False,Q2,1152,main
Zollner_020_Q1_notitle_px384,vlms-are-biased-notitle/zollner/images/Zollner_020_strneg75_diffneg2_notitle_px384.png,Optical Illusion,Zöllner illusion,"Are the two horizontal lines parallel? Answer in curly brackets, e.g., {Yes} or {No}.",No,Yes,False,Q1,384,main
Zollner_020_Q2_notitle_px384,vlms-are-biased-notitle/zollner/images/Zollner_020_strneg75_diffneg2_notitle_px384.png,Optical Illusion,Zöllner illusion,"Do the two horizontal lines run parallel? Answer in curly brackets, e.g., {Yes} or {No}.",No,Yes,False,Q2,384,main
Zollner_020_Q1_notitle_px768,vlms-are-biased-notitle/zollner/images/Zollner_020_strneg75_diffneg2_notitle_px768.png,Optical Illusion,Zöllner illusion,"Are the two horizontal lines parallel? Answer in curly brackets, e.g., {Yes} or {No}.",No,Yes,False,Q1,768,main
Zollner_020_Q2_notitle_px768,vlms-are-biased-notitle/zollner/images/Zollner_020_strneg75_diffneg2_notitle_px768.png,Optical Illusion,Zöllner illusion,"Do the two horizontal lines run parallel? Answer in curly brackets, e.g., {Yes} or {No}.",No,Yes,False,Q2,768,main
Zollner_020_Q1_notitle_px1152,vlms-are-biased-notitle/zollner/images/Zollner_020_strneg75_diffneg2_notitle_px1152.png,Optical Illusion,Zöllner illusion,"Are the two horizontal lines parallel? Answer in curly brackets, e.g., {Yes} or {No}.",No,Yes,False,Q1,1152,main
Zollner_020_Q2_notitle_px1152,vlms-are-biased-notitle/zollner/images/Zollner_020_strneg75_diffneg2_notitle_px1152.png,Optical Illusion,Zöllner illusion,"Do the two horizontal lines run parallel? Answer in curly brackets, e.g., {Yes} or {No}.",No,Yes,False,Q2,1152,main
Zollner_021_Q1_notitle_px384,vlms-are-biased-notitle/zollner/images/Zollner_021_str75_diff2p5_notitle_px384.png,Optical Illusion,Zöllner illusion,"Are the two horizontal lines parallel? Answer in curly brackets, e.g., {Yes} or {No}.",No,Yes,False,Q1,384,main
Zollner_021_Q2_notitle_px384,vlms-are-biased-notitle/zollner/images/Zollner_021_str75_diff2p5_notitle_px384.png,Optical Illusion,Zöllner illusion,"Do the two horizontal lines run parallel? Answer in curly brackets, e.g., {Yes} or {No}.",No,Yes,False,Q2,384,main
Zollner_021_Q1_notitle_px768,vlms-are-biased-notitle/zollner/images/Zollner_021_str75_diff2p5_notitle_px768.png,Optical Illusion,Zöllner illusion,"Are the two horizontal lines parallel? Answer in curly brackets, e.g., {Yes} or {No}.",No,Yes,False,Q1,768,main
Zollner_021_Q2_notitle_px768,vlms-are-biased-notitle/zollner/images/Zollner_021_str75_diff2p5_notitle_px768.png,Optical Illusion,Zöllner illusion,"Do the two horizontal lines run parallel? Answer in curly brackets, e.g., {Yes} or {No}.",No,Yes,False,Q2,768,main
Zollner_021_Q1_notitle_px1152,vlms-are-biased-notitle/zollner/images/Zollner_021_str75_diff2p5_notitle_px1152.png,Optical Illusion,Zöllner illusion,"Are the two horizontal lines parallel? Answer in curly brackets, e.g., {Yes} or {No}.",No,Yes,False,Q1,1152,main
Zollner_021_Q2_notitle_px1152,vlms-are-biased-notitle/zollner/images/Zollner_021_str75_diff2p5_notitle_px1152.png,Optical Illusion,Zöllner illusion,"Do the two horizontal lines run parallel? Answer in curly brackets, e.g., {Yes} or {No}.",No,Yes,False,Q2,1152,main
Zollner_022_Q1_notitle_px384,vlms-are-biased-notitle/zollner/images/Zollner_022_strneg75_diffneg2p5_notitle_px384.png,Optical Illusion,Zöllner illusion,"Are the two horizontal lines parallel? Answer in curly brackets, e.g., {Yes} or {No}.",No,Yes,False,Q1,384,main
Zollner_022_Q2_notitle_px384,vlms-are-biased-notitle/zollner/images/Zollner_022_strneg75_diffneg2p5_notitle_px384.png,Optical Illusion,Zöllner illusion,"Do the two horizontal lines run parallel? Answer in curly brackets, e.g., {Yes} or {No}.",No,Yes,False,Q2,384,main
Zollner_022_Q1_notitle_px768,vlms-are-biased-notitle/zollner/images/Zollner_022_strneg75_diffneg2p5_notitle_px768.png,Optical Illusion,Zöllner illusion,"Are the two horizontal lines parallel? Answer in curly brackets, e.g., {Yes} or {No}.",No,Yes,False,Q1,768,main
Zollner_022_Q2_notitle_px768,vlms-are-biased-notitle/zollner/images/Zollner_022_strneg75_diffneg2p5_notitle_px768.png,Optical Illusion,Zöllner illusion,"Do the two horizontal lines run parallel? Answer in curly brackets, e.g., {Yes} or {No}.",No,Yes,False,Q2,768,main
Zollner_022_Q1_notitle_px1152,vlms-are-biased-notitle/zollner/images/Zollner_022_strneg75_diffneg2p5_notitle_px1152.png,Optical Illusion,Zöllner illusion,"Are the two horizontal lines parallel? Answer in curly brackets, e.g., {Yes} or {No}.",No,Yes,False,Q1,1152,main
Zollner_022_Q2_notitle_px1152,vlms-are-biased-notitle/zollner/images/Zollner_022_strneg75_diffneg2p5_notitle_px1152.png,Optical Illusion,Zöllner illusion,"Do the two horizontal lines run parallel? Answer in curly brackets, e.g., {Yes} or {No}.",No,Yes,False,Q2,1152,main
Zollner_023_Q1_notitle_px384,vlms-are-biased-notitle/zollner/images/Zollner_023_str75_diff3_notitle_px384.png,Optical Illusion,Zöllner illusion,"Are the two horizontal lines parallel? Answer in curly brackets, e.g., {Yes} or {No}.",No,Yes,False,Q1,384,main
Zollner_023_Q2_notitle_px384,vlms-are-biased-notitle/zollner/images/Zollner_023_str75_diff3_notitle_px384.png,Optical Illusion,Zöllner illusion,"Do the two horizontal lines run parallel? Answer in curly brackets, e.g., {Yes} or {No}.",No,Yes,False,Q2,384,main
Zollner_023_Q1_notitle_px768,vlms-are-biased-notitle/zollner/images/Zollner_023_str75_diff3_notitle_px768.png,Optical Illusion,Zöllner illusion,"Are the two horizontal lines parallel? Answer in curly brackets, e.g., {Yes} or {No}.",No,Yes,False,Q1,768,main
Zollner_023_Q2_notitle_px768,vlms-are-biased-notitle/zollner/images/Zollner_023_str75_diff3_notitle_px768.png,Optical Illusion,Zöllner illusion,"Do the two horizontal lines run parallel? Answer in curly brackets, e.g., {Yes} or {No}.",No,Yes,False,Q2,768,main
Zollner_023_Q1_notitle_px1152,vlms-are-biased-notitle/zollner/images/Zollner_023_str75_diff3_notitle_px1152.png,Optical Illusion,Zöllner illusion,"Are the two horizontal lines parallel? Answer in curly brackets, e.g., {Yes} or {No}.",No,Yes,False,Q1,1152,main
Zollner_023_Q2_notitle_px1152,vlms-are-biased-notitle/zollner/images/Zollner_023_str75_diff3_notitle_px1152.png,Optical Illusion,Zöllner illusion,"Do the two horizontal lines run parallel? Answer in curly brackets, e.g., {Yes} or {No}.",No,Yes,False,Q2,1152,main
Zollner_024_Q1_notitle_px384,vlms-are-biased-notitle/zollner/images/Zollner_024_strneg75_diffneg3_notitle_px384.png,Optical Illusion,Zöllner illusion,"Are the two horizontal lines parallel? Answer in curly brackets, e.g., {Yes} or {No}.",No,Yes,False,Q1,384,main
Zollner_024_Q2_notitle_px384,vlms-are-biased-notitle/zollner/images/Zollner_024_strneg75_diffneg3_notitle_px384.png,Optical Illusion,Zöllner illusion,"Do the two horizontal lines run parallel? Answer in curly brackets, e.g., {Yes} or {No}.",No,Yes,False,Q2,384,main
Zollner_024_Q1_notitle_px768,vlms-are-biased-notitle/zollner/images/Zollner_024_strneg75_diffneg3_notitle_px768.png,Optical Illusion,Zöllner illusion,"Are the two horizontal lines parallel? Answer in curly brackets, e.g., {Yes} or {No}.",No,Yes,False,Q1,768,main
Zollner_024_Q2_notitle_px768,vlms-are-biased-notitle/zollner/images/Zollner_024_strneg75_diffneg3_notitle_px768.png,Optical Illusion,Zöllner illusion,"Do the two horizontal lines run parallel? Answer in curly brackets, e.g., {Yes} or {No}.",No,Yes,False,Q2,768,main
Zollner_024_Q1_notitle_px1152,vlms-are-biased-notitle/zollner/images/Zollner_024_strneg75_diffneg3_notitle_px1152.png,Optical Illusion,Zöllner illusion,"Are the two horizontal lines parallel? Answer in curly brackets, e.g., {Yes} or {No}.",No,Yes,False,Q1,1152,main
Zollner_024_Q2_notitle_px1152,vlms-are-biased-notitle/zollner/images/Zollner_024_strneg75_diffneg3_notitle_px1152.png,Optical Illusion,Zöllner illusion,"Do the two horizontal lines run parallel? Answer in curly brackets, e.g., {Yes} or {No}.",No,Yes,False,Q2,1152,main
shoe_001_notitle_Q1_px384,vlms-are-biased-notitle/sportswear_logos/images/nike-black-soccer-1_384.png,Logos,Shoe Logos,"How many visible white stylized curves are there in the logo on the left shoe? Answer with a number in curly brackets, e.g., {9}.",2,1,False,Q1,384,main
shoe_001_notitle_Q1_px768,vlms-are-biased-notitle/sportswear_logos/images/nike-black-soccer-1_768.png,Logos,Shoe Logos,"How many visible white stylized curves are there in the logo on the left shoe? Answer with a number in curly brackets, e.g., {9}.",2,1,False,Q1,768,main
shoe_001_notitle_Q1_px1152,vlms-are-biased-notitle/sportswear_logos/images/nike-black-soccer-1_1152.png,Logos,Shoe Logos,"How many visible white stylized curves are there in the logo on the left shoe? Answer with a number in curly brackets, e.g., {9}.",2,1,False,Q1,1152,main
shoe_001_notitle_Q2_px384,vlms-are-biased-notitle/sportswear_logos/images/nike-black-soccer-1_384.png,Logos,Shoe Logos,"Count the visible white stylized curves in the logo on the left shoe. Answer with a number in curly brackets, e.g., {9}.",2,1,False,Q2,384,main
shoe_001_notitle_Q2_px768,vlms-are-biased-notitle/sportswear_logos/images/nike-black-soccer-1_768.png,Logos,Shoe Logos,"Count the visible white stylized curves in the logo on the left shoe. Answer with a number in curly brackets, e.g., {9}.",2,1,False,Q2,768,main
shoe_001_notitle_Q2_px1152,vlms-are-biased-notitle/sportswear_logos/images/nike-black-soccer-1_1152.png,Logos,Shoe Logos,"Count the visible white stylized curves in the logo on the left shoe. Answer with a number in curly brackets, e.g., {9}.",2,1,False,Q2,1152,main
shoe_002_notitle_Q1_px384,vlms-are-biased-notitle/sportswear_logos/images/nike-black-running-4_384.png,Logos,Shoe Logos,"How many visible white stylized curves are there in the logo on the left shoe? Answer with a number in curly brackets, e.g., {9}.",2,1,False,Q1,384,main
shoe_002_notitle_Q1_px768,vlms-are-biased-notitle/sportswear_logos/images/nike-black-running-4_768.png,Logos,Shoe Logos,"How many visible white stylized curves are there in the logo on the left shoe? Answer with a number in curly brackets, e.g., {9}.",2,1,False,Q1,768,main
shoe_002_notitle_Q1_px1152,vlms-are-biased-notitle/sportswear_logos/images/nike-black-running-4_1152.png,Logos,Shoe Logos,"How many visible white stylized curves are there in the logo on the left shoe? Answer with a number in curly brackets, e.g., {9}.",2,1,False,Q1,1152,main
shoe_002_notitle_Q2_px384,vlms-are-biased-notitle/sportswear_logos/images/nike-black-running-4_384.png,Logos,Shoe Logos,"Count the visible white stylized curves in the logo on the left shoe. Answer with a number in curly brackets, e.g., {9}.",2,1,False,Q2,384,main
shoe_002_notitle_Q2_px768,vlms-are-biased-notitle/sportswear_logos/images/nike-black-running-4_768.png,Logos,Shoe Logos,"Count the visible white stylized curves in the logo on the left shoe. Answer with a number in curly brackets, e.g., {9}.",2,1,False,Q2,768,main
shoe_002_notitle_Q2_px1152,vlms-are-biased-notitle/sportswear_logos/images/nike-black-running-4_1152.png,Logos,Shoe Logos,"Count the visible white stylized curves in the logo on the left shoe. Answer with a number in curly brackets, e.g., {9}.",2,1,False,Q2,1152,main
shoe_003_notitle_Q1_px384,vlms-are-biased-notitle/sportswear_logos/images/nike-red-running-0_384.png,Logos,Shoe Logos,"How many visible white stylized curves are there in the logo on the left shoe? Answer with a number in curly brackets, e.g., {9}.",2,1,False,Q1,384,main
shoe_003_notitle_Q1_px768,vlms-are-biased-notitle/sportswear_logos/images/nike-red-running-0_768.png,Logos,Shoe Logos,"How many visible white stylized curves are there in the logo on the left shoe? Answer with a number in curly brackets, e.g., {9}.",2,1,False,Q1,768,main
shoe_003_notitle_Q1_px1152,vlms-are-biased-notitle/sportswear_logos/images/nike-red-running-0_1152.png,Logos,Shoe Logos,"How many visible white stylized curves are there in the logo on the left shoe? Answer with a number in curly brackets, e.g., {9}.",2,1,False,Q1,1152,main
shoe_003_notitle_Q2_px384,vlms-are-biased-notitle/sportswear_logos/images/nike-red-running-0_384.png,Logos,Shoe Logos,"Count the visible white stylized curves in the logo on the left shoe. Answer with a number in curly brackets, e.g., {9}.",2,1,False,Q2,384,main
shoe_003_notitle_Q2_px768,vlms-are-biased-notitle/sportswear_logos/images/nike-red-running-0_768.png,Logos,Shoe Logos,"Count the visible white stylized curves in the logo on the left shoe. Answer with a number in curly brackets, e.g., {9}.",2,1,False,Q2,768,main
shoe_003_notitle_Q2_px1152,vlms-are-biased-notitle/sportswear_logos/images/nike-red-running-0_1152.png,Logos,Shoe Logos,"Count the visible white stylized curves in the logo on the left shoe. Answer with a number in curly brackets, e.g., {9}.",2,1,False,Q2,1152,main
shoe_004_notitle_Q1_px384,vlms-are-biased-notitle/sportswear_logos/images/nike-white-running-5_384.png,Logos,Shoe Logos,"How many visible black stylized curves are there in the logo on the left shoe? Answer with a number in curly brackets, e.g., {9}.",2,1,False,Q1,384,main
shoe_004_notitle_Q1_px768,vlms-are-biased-notitle/sportswear_logos/images/nike-white-running-5_768.png,Logos,Shoe Logos,"How many visible black stylized curves are there in the logo on the left shoe? Answer with a number in curly brackets, e.g., {9}.",2,1,False,Q1,768,main
shoe_004_notitle_Q1_px1152,vlms-are-biased-notitle/sportswear_logos/images/nike-white-running-5_1152.png,Logos,Shoe Logos,"How many visible black stylized curves are there in the logo on the left shoe? Answer with a number in curly brackets, e.g., {9}.",2,1,False,Q1,1152,main
shoe_004_notitle_Q2_px384,vlms-are-biased-notitle/sportswear_logos/images/nike-white-running-5_384.png,Logos,Shoe Logos,"Count the visible black stylized curves in the logo on the left shoe. Answer with a number in curly brackets, e.g., {9}.",2,1,False,Q2,384,main
shoe_004_notitle_Q2_px768,vlms-are-biased-notitle/sportswear_logos/images/nike-white-running-5_768.png,Logos,Shoe Logos,"Count the visible black stylized curves in the logo on the left shoe. Answer with a number in curly brackets, e.g., {9}.",2,1,False,Q2,768,main
shoe_004_notitle_Q2_px1152,vlms-are-biased-notitle/sportswear_logos/images/nike-white-running-5_1152.png,Logos,Shoe Logos,"Count the visible black stylized curves in the logo on the left shoe. Answer with a number in curly brackets, e.g., {9}.",2,1,False,Q2,1152,main
shoe_005_notitle_Q1_px384,vlms-are-biased-notitle/sportswear_logos/images/nike-red-soccer-5_384.png,Logos,Shoe Logos,"How many visible white stylized curves are there in the logo on the left shoe? Answer with a number in curly brackets, e.g., {9}.",2,1,False,Q1,384,main
shoe_005_notitle_Q1_px768,vlms-are-biased-notitle/sportswear_logos/images/nike-red-soccer-5_768.png,Logos,Shoe Logos,"How many visible white stylized curves are there in the logo on the left shoe? Answer with a number in curly brackets, e.g., {9}.",2,1,False,Q1,768,main
shoe_005_notitle_Q1_px1152,vlms-are-biased-notitle/sportswear_logos/images/nike-red-soccer-5_1152.png,Logos,Shoe Logos,"How many visible white stylized curves are there in the logo on the left shoe? Answer with a number in curly brackets, e.g., {9}.",2,1,False,Q1,1152,main
shoe_005_notitle_Q2_px384,vlms-are-biased-notitle/sportswear_logos/images/nike-red-soccer-5_384.png,Logos,Shoe Logos,"Count the visible white stylized curves in the logo on the left shoe. Answer with a number in curly brackets, e.g., {9}.",2,1,False,Q2,384,main
shoe_005_notitle_Q2_px768,vlms-are-biased-notitle/sportswear_logos/images/nike-red-soccer-5_768.png,Logos,Shoe Logos,"Count the visible white stylized curves in the logo on the left shoe. Answer with a number in curly brackets, e.g., {9}.",2,1,False,Q2,768,main
shoe_005_notitle_Q2_px1152,vlms-are-biased-notitle/sportswear_logos/images/nike-red-soccer-5_1152.png,Logos,Shoe Logos,"Count the visible white stylized curves in the logo on the left shoe. Answer with a number in curly brackets, e.g., {9}.",2,1,False,Q2,1152,main
shoe_006_notitle_Q1_px384,vlms-are-biased-notitle/sportswear_logos/images/nike-white-soccer-4_384.png,Logos,Shoe Logos,"How many visible black stylized curves are there in the logo on the left shoe? Answer with a number in curly brackets, e.g., {9}.",2,1,False,Q1,384,main
shoe_006_notitle_Q1_px768,vlms-are-biased-notitle/sportswear_logos/images/nike-white-soccer-4_768.png,Logos,Shoe Logos,"How many visible black stylized curves are there in the logo on the left shoe? Answer with a number in curly brackets, e.g., {9}.",2,1,False,Q1,768,main
shoe_006_notitle_Q1_px1152,vlms-are-biased-notitle/sportswear_logos/images/nike-white-soccer-4_1152.png,Logos,Shoe Logos,"How many visible black stylized curves are there in the logo on the left shoe? Answer with a number in curly brackets, e.g., {9}.",2,1,False,Q1,1152,main
shoe_006_notitle_Q2_px384,vlms-are-biased-notitle/sportswear_logos/images/nike-white-soccer-4_384.png,Logos,Shoe Logos,"Count the visible black stylized curves in the logo on the left shoe. Answer with a number in curly brackets, e.g., {9}.",2,1,False,Q2,384,main
shoe_006_notitle_Q2_px768,vlms-are-biased-notitle/sportswear_logos/images/nike-white-soccer-4_768.png,Logos,Shoe Logos,"Count the visible black stylized curves in the logo on the left shoe. Answer with a number in curly brackets, e.g., {9}.",2,1,False,Q2,768,main
shoe_006_notitle_Q2_px1152,vlms-are-biased-notitle/sportswear_logos/images/nike-white-soccer-4_1152.png,Logos,Shoe Logos,"Count the visible black stylized curves in the logo on the left shoe. Answer with a number in curly brackets, e.g., {9}.",2,1,False,Q2,1152,main
shoe_007_notitle_Q1_px384,vlms-are-biased-notitle/sportswear_logos/images/nike-white-tennis-4_384.png,Logos,Shoe Logos,"How many visible black stylized curves are there in the logo on the left shoe? Answer with a number in curly brackets, e.g., {9}.",2,1,False,Q1,384,main
shoe_007_notitle_Q1_px768,vlms-are-biased-notitle/sportswear_logos/images/nike-white-tennis-4_768.png,Logos,Shoe Logos,"How many visible black stylized curves are there in the logo on the left shoe? Answer with a number in curly brackets, e.g., {9}.",2,1,False,Q1,768,main
shoe_007_notitle_Q1_px1152,vlms-are-biased-notitle/sportswear_logos/images/nike-white-tennis-4_1152.png,Logos,Shoe Logos,"How many visible black stylized curves are there in the logo on the left shoe? Answer with a number in curly brackets, e.g., {9}.",2,1,False,Q1,1152,main
shoe_007_notitle_Q2_px384,vlms-are-biased-notitle/sportswear_logos/images/nike-white-tennis-4_384.png,Logos,Shoe Logos,"Count the visible black stylized curves in the logo on the left shoe. Answer with a number in curly brackets, e.g., {9}.",2,1,False,Q2,384,main
shoe_007_notitle_Q2_px768,vlms-are-biased-notitle/sportswear_logos/images/nike-white-tennis-4_768.png,Logos,Shoe Logos,"Count the visible black stylized curves in the logo on the left shoe. Answer with a number in curly brackets, e.g., {9}.",2,1,False,Q2,768,main
shoe_007_notitle_Q2_px1152,vlms-are-biased-notitle/sportswear_logos/images/nike-white-tennis-4_1152.png,Logos,Shoe Logos,"Count the visible black stylized curves in the logo on the left shoe. Answer with a number in curly brackets, e.g., {9}.",2,1,False,Q2,1152,main
shoe_008_notitle_Q1_px384,vlms-are-biased-notitle/sportswear_logos/images/adidas-white-running-2_384.png,Logos,Shoe Logos,"How many visible black stripes are there in the logo on the left shoe? Answer with a number in curly brackets, e.g., {9}.",4,3,False,Q1,384,main
shoe_008_notitle_Q1_px768,vlms-are-biased-notitle/sportswear_logos/images/adidas-white-running-2_768.png,Logos,Shoe Logos,"How many visible black stripes are there in the logo on the left shoe? Answer with a number in curly brackets, e.g., {9}.",4,3,False,Q1,768,main
shoe_008_notitle_Q1_px1152,vlms-are-biased-notitle/sportswear_logos/images/adidas-white-running-2_1152.png,Logos,Shoe Logos,"How many visible black stripes are there in the logo on the left shoe? Answer with a number in curly brackets, e.g., {9}.",4,3,False,Q1,1152,main
shoe_008_notitle_Q2_px384,vlms-are-biased-notitle/sportswear_logos/images/adidas-white-running-2_384.png,Logos,Shoe Logos,"Count the visible black stripes in the logo on the left shoe. Answer with a number in curly brackets, e.g., {9}.",4,3,False,Q2,384,main
shoe_008_notitle_Q2_px768,vlms-are-biased-notitle/sportswear_logos/images/adidas-white-running-2_768.png,Logos,Shoe Logos,"Count the visible black stripes in the logo on the left shoe. Answer with a number in curly brackets, e.g., {9}.",4,3,False,Q2,768,main
shoe_008_notitle_Q2_px1152,vlms-are-biased-notitle/sportswear_logos/images/adidas-white-running-2_1152.png,Logos,Shoe Logos,"Count the visible black stripes in the logo on the left shoe. Answer with a number in curly brackets, e.g., {9}.",4,3,False,Q2,1152,main
shoe_009_notitle_Q1_px384,vlms-are-biased-notitle/sportswear_logos/images/adidas-black-running-5_384.png,Logos,Shoe Logos,"How many visible white stripes are there in the logo on the left shoe? Answer with a number in curly brackets, e.g., {9}.",4,3,False,Q1,384,main
shoe_009_notitle_Q1_px768,vlms-are-biased-notitle/sportswear_logos/images/adidas-black-running-5_768.png,Logos,Shoe Logos,"How many visible white stripes are there in the logo on the left shoe? Answer with a number in curly brackets, e.g., {9}.",4,3,False,Q1,768,main
shoe_009_notitle_Q1_px1152,vlms-are-biased-notitle/sportswear_logos/images/adidas-black-running-5_1152.png,Logos,Shoe Logos,"How many visible white stripes are there in the logo on the left shoe? Answer with a number in curly brackets, e.g., {9}.",4,3,False,Q1,1152,main
shoe_009_notitle_Q2_px384,vlms-are-biased-notitle/sportswear_logos/images/adidas-black-running-5_384.png,Logos,Shoe Logos,"Count the visible white stripes in the logo on the left shoe. Answer with a number in curly brackets, e.g., {9}.",4,3,False,Q2,384,main
shoe_009_notitle_Q2_px768,vlms-are-biased-notitle/sportswear_logos/images/adidas-black-running-5_768.png,Logos,Shoe Logos,"Count the visible white stripes in the logo on the left shoe. Answer with a number in curly brackets, e.g., {9}.",4,3,False,Q2,768,main
shoe_009_notitle_Q2_px1152,vlms-are-biased-notitle/sportswear_logos/images/adidas-black-running-5_1152.png,Logos,Shoe Logos,"Count the visible white stripes in the logo on the left shoe. Answer with a number in curly brackets, e.g., {9}.",4,3,False,Q2,1152,main
shoe_0010_notitle_Q1_px384,vlms-are-biased-notitle/sportswear_logos/images/adidas-black-basketball-5_384.png,Logos,Shoe Logos,"How many visible white stripes are there in the logo on the left shoe? Answer with a number in curly brackets, e.g., {9}.",4,3,False,Q1,384,main
shoe_0010_notitle_Q1_px768,vlms-are-biased-notitle/sportswear_logos/images/adidas-black-basketball-5_768.png,Logos,Shoe Logos,"How many visible white stripes are there in the logo on the left shoe? Answer with a number in curly brackets, e.g., {9}.",4,3,False,Q1,768,main
shoe_0010_notitle_Q1_px1152,vlms-are-biased-notitle/sportswear_logos/images/adidas-black-basketball-5_1152.png,Logos,Shoe Logos,"How many visible white stripes are there in the logo on the left shoe? Answer with a number in curly brackets, e.g., {9}.",4,3,False,Q1,1152,main
shoe_0010_notitle_Q2_px384,vlms-are-biased-notitle/sportswear_logos/images/adidas-black-basketball-5_384.png,Logos,Shoe Logos,"Count the visible white stripes in the logo on the left shoe. Answer with a number in curly brackets, e.g., {9}.",4,3,False,Q2,384,main
shoe_0010_notitle_Q2_px768,vlms-are-biased-notitle/sportswear_logos/images/adidas-black-basketball-5_768.png,Logos,Shoe Logos,"Count the visible white stripes in the logo on the left shoe. Answer with a number in curly brackets, e.g., {9}.",4,3,False,Q2,768,main
shoe_0010_notitle_Q2_px1152,vlms-are-biased-notitle/sportswear_logos/images/adidas-black-basketball-5_1152.png,Logos,Shoe Logos,"Count the visible white stripes in the logo on the left shoe. Answer with a number in curly brackets, e.g., {9}.",4,3,False,Q2,1152,main
shoe_011_notitle_Q1_px384,vlms-are-biased-notitle/sportswear_logos/images/adidas-red-basketball-3_384.png,Logos,Shoe Logos,"How many visible white stripes are there in the logo on the left shoe? Answer with a number in curly brackets, e.g., {9}.",4,3,False,Q1,384,main
shoe_011_notitle_Q1_px768,vlms-are-biased-notitle/sportswear_logos/images/adidas-red-basketball-3_768.png,Logos,Shoe Logos,"How many visible white stripes are there in the logo on the left shoe? Answer with a number in curly brackets, e.g., {9}.",4,3,False,Q1,768,main
shoe_011_notitle_Q1_px1152,vlms-are-biased-notitle/sportswear_logos/images/adidas-red-basketball-3_1152.png,Logos,Shoe Logos,"How many visible white stripes are there in the logo on the left shoe? Answer with a number in curly brackets, e.g., {9}.",4,3,False,Q1,1152,main
shoe_011_notitle_Q2_px384,vlms-are-biased-notitle/sportswear_logos/images/adidas-red-basketball-3_384.png,Logos,Shoe Logos,"Count the visible white stripes in the logo on the left shoe. Answer with a number in curly brackets, e.g., {9}.",4,3,False,Q2,384,main
shoe_011_notitle_Q2_px768,vlms-are-biased-notitle/sportswear_logos/images/adidas-red-basketball-3_768.png,Logos,Shoe Logos,"Count the visible white stripes in the logo on the left shoe. Answer with a number in curly brackets, e.g., {9}.",4,3,False,Q2,768,main
shoe_011_notitle_Q2_px1152,vlms-are-biased-notitle/sportswear_logos/images/adidas-red-basketball-3_1152.png,Logos,Shoe Logos,"Count the visible white stripes in the logo on the left shoe. Answer with a number in curly brackets, e.g., {9}.",4,3,False,Q2,1152,main
shoe_012_notitle_Q1_px384,vlms-are-biased-notitle/sportswear_logos/images/nike-red-basketball-4_384.png,Logos,Shoe Logos,"How many visible white stylized curves are there in the logo on the left shoe? Answer with a number in curly brackets, e.g., {9}.",2,1,False,Q1,384,main
shoe_012_notitle_Q1_px768,vlms-are-biased-notitle/sportswear_logos/images/nike-red-basketball-4_768.png,Logos,Shoe Logos,"How many visible white stylized curves are there in the logo on the left shoe? Answer with a number in curly brackets, e.g., {9}.",2,1,False,Q1,768,main
shoe_012_notitle_Q1_px1152,vlms-are-biased-notitle/sportswear_logos/images/nike-red-basketball-4_1152.png,Logos,Shoe Logos,"How many visible white stylized curves are there in the logo on the left shoe? Answer with a number in curly brackets, e.g., {9}.",2,1,False,Q1,1152,main
shoe_012_notitle_Q2_px384,vlms-are-biased-notitle/sportswear_logos/images/nike-red-basketball-4_384.png,Logos,Shoe Logos,"Count the visible white stylized curves in the logo on the left shoe. Answer with a number in curly brackets, e.g., {9}.",2,1,False,Q2,384,main
shoe_012_notitle_Q2_px768,vlms-are-biased-notitle/sportswear_logos/images/nike-red-basketball-4_768.png,Logos,Shoe Logos,"Count the visible white stylized curves in the logo on the left shoe. Answer with a number in curly brackets, e.g., {9}.",2,1,False,Q2,768,main
shoe_012_notitle_Q2_px1152,vlms-are-biased-notitle/sportswear_logos/images/nike-red-basketball-4_1152.png,Logos,Shoe Logos,"Count the visible white stylized curves in the logo on the left shoe. Answer with a number in curly brackets, e.g., {9}.",2,1,False,Q2,1152,main
shoe_013_notitle_Q1_px384,vlms-are-biased-notitle/sportswear_logos/images/adidas-white-soccer-4_384.png,Logos,Shoe Logos,"How many visible black stripes are there in the logo on the left shoe? Answer with a number in curly brackets, e.g., {9}.",4,3,False,Q1,384,main
shoe_013_notitle_Q1_px768,vlms-are-biased-notitle/sportswear_logos/images/adidas-white-soccer-4_768.png,Logos,Shoe Logos,"How many visible black stripes are there in the logo on the left shoe? Answer with a number in curly brackets, e.g., {9}.",4,3,False,Q1,768,main
shoe_013_notitle_Q1_px1152,vlms-are-biased-notitle/sportswear_logos/images/adidas-white-soccer-4_1152.png,Logos,Shoe Logos,"How many visible black stripes are there in the logo on the left shoe? Answer with a number in curly brackets, e.g., {9}.",4,3,False,Q1,1152,main
shoe_013_notitle_Q2_px384,vlms-are-biased-notitle/sportswear_logos/images/adidas-white-soccer-4_384.png,Logos,Shoe Logos,"Count the visible black stripes in the logo on the left shoe. Answer with a number in curly brackets, e.g., {9}.",4,3,False,Q2,384,main
shoe_013_notitle_Q2_px768,vlms-are-biased-notitle/sportswear_logos/images/adidas-white-soccer-4_768.png,Logos,Shoe Logos,"Count the visible black stripes in the logo on the left shoe. Answer with a number in curly brackets, e.g., {9}.",4,3,False,Q2,768,main
shoe_013_notitle_Q2_px1152,vlms-are-biased-notitle/sportswear_logos/images/adidas-white-soccer-4_1152.png,Logos,Shoe Logos,"Count the visible black stripes in the logo on the left shoe. Answer with a number in curly brackets, e.g., {9}.",4,3,False,Q2,1152,main
shoe_014_notitle_Q1_px384,vlms-are-biased-notitle/sportswear_logos/images/adidas-red-soccer-0_384.png,Logos,Shoe Logos,"How many visible white stripes are there in the logo on the left shoe? Answer with a number in curly brackets, e.g., {9}.",4,3,False,Q1,384,main
shoe_014_notitle_Q1_px768,vlms-are-biased-notitle/sportswear_logos/images/adidas-red-soccer-0_768.png,Logos,Shoe Logos,"How many visible white stripes are there in the logo on the left shoe? Answer with a number in curly brackets, e.g., {9}.",4,3,False,Q1,768,main
shoe_014_notitle_Q1_px1152,vlms-are-biased-notitle/sportswear_logos/images/adidas-red-soccer-0_1152.png,Logos,Shoe Logos,"How many visible white stripes are there in the logo on the left shoe? Answer with a number in curly brackets, e.g., {9}.",4,3,False,Q1,1152,main
shoe_014_notitle_Q2_px384,vlms-are-biased-notitle/sportswear_logos/images/adidas-red-soccer-0_384.png,Logos,Shoe Logos,"Count the visible white stripes in the logo on the left shoe. Answer with a number in curly brackets, e.g., {9}.",4,3,False,Q2,384,main
shoe_014_notitle_Q2_px768,vlms-are-biased-notitle/sportswear_logos/images/adidas-red-soccer-0_768.png,Logos,Shoe Logos,"Count the visible white stripes in the logo on the left shoe. Answer with a number in curly brackets, e.g., {9}.",4,3,False,Q2,768,main
shoe_014_notitle_Q2_px1152,vlms-are-biased-notitle/sportswear_logos/images/adidas-red-soccer-0_1152.png,Logos,Shoe Logos,"Count the visible white stripes in the logo on the left shoe. Answer with a number in curly brackets, e.g., {9}.",4,3,False,Q2,1152,main
shoe_015_notitle_Q1_px384,vlms-are-biased-notitle/sportswear_logos/images/adidas-white-tennis-1_384.png,Logos,Shoe Logos,"How many visible black stripes are there in the logo on the left shoe? Answer with a number in curly brackets, e.g., {9}.",4,3,False,Q1,384,main
shoe_015_notitle_Q1_px768,vlms-are-biased-notitle/sportswear_logos/images/adidas-white-tennis-1_768.png,Logos,Shoe Logos,"How many visible black stripes are there in the logo on the left shoe? Answer with a number in curly brackets, e.g., {9}.",4,3,False,Q1,768,main
shoe_015_notitle_Q1_px1152,vlms-are-biased-notitle/sportswear_logos/images/adidas-white-tennis-1_1152.png,Logos,Shoe Logos,"How many visible black stripes are there in the logo on the left shoe? Answer with a number in curly brackets, e.g., {9}.",4,3,False,Q1,1152,main
shoe_015_notitle_Q2_px384,vlms-are-biased-notitle/sportswear_logos/images/adidas-white-tennis-1_384.png,Logos,Shoe Logos,"Count the visible black stripes in the logo on the left shoe. Answer with a number in curly brackets, e.g., {9}.",4,3,False,Q2,384,main
shoe_015_notitle_Q2_px768,vlms-are-biased-notitle/sportswear_logos/images/adidas-white-tennis-1_768.png,Logos,Shoe Logos,"Count the visible black stripes in the logo on the left shoe. Answer with a number in curly brackets, e.g., {9}.",4,3,False,Q2,768,main
shoe_015_notitle_Q2_px1152,vlms-are-biased-notitle/sportswear_logos/images/adidas-white-tennis-1_1152.png,Logos,Shoe Logos,"Count the visible black stripes in the logo on the left shoe. Answer with a number in curly brackets, e.g., {9}.",4,3,False,Q2,1152,main
shoe_016_notitle_Q1_px384,vlms-are-biased-notitle/sportswear_logos/images/adidas-red-running-5_384.png,Logos,Shoe Logos,"How many visible white stripes are there in the logo on the left shoe? Answer with a number in curly brackets, e.g., {9}.",4,3,False,Q1,384,main
shoe_016_notitle_Q1_px768,vlms-are-biased-notitle/sportswear_logos/images/adidas-red-running-5_768.png,Logos,Shoe Logos,"How many visible white stripes are there in the logo on the left shoe? Answer with a number in curly brackets, e.g., {9}.",4,3,False,Q1,768,main
shoe_016_notitle_Q1_px1152,vlms-are-biased-notitle/sportswear_logos/images/adidas-red-running-5_1152.png,Logos,Shoe Logos,"How many visible white stripes are there in the logo on the left shoe? Answer with a number in curly brackets, e.g., {9}.",4,3,False,Q1,1152,main
shoe_016_notitle_Q2_px384,vlms-are-biased-notitle/sportswear_logos/images/adidas-red-running-5_384.png,Logos,Shoe Logos,"Count the visible white stripes in the logo on the left shoe. Answer with a number in curly brackets, e.g., {9}.",4,3,False,Q2,384,main
shoe_016_notitle_Q2_px768,vlms-are-biased-notitle/sportswear_logos/images/adidas-red-running-5_768.png,Logos,Shoe Logos,"Count the visible white stripes in the logo on the left shoe. Answer with a number in curly brackets, e.g., {9}.",4,3,False,Q2,768,main
shoe_016_notitle_Q2_px1152,vlms-are-biased-notitle/sportswear_logos/images/adidas-red-running-5_1152.png,Logos,Shoe Logos,"Count the visible white stripes in the logo on the left shoe. Answer with a number in curly brackets, e.g., {9}.",4,3,False,Q2,1152,main
shoe_017_notitle_Q1_px384,vlms-are-biased-notitle/sportswear_logos/images/adidas-white-basketball-3_384.png,Logos,Shoe Logos,"How many visible black stripes are there in the logo on the left shoe? Answer with a number in curly brackets, e.g., {9}.",4,3,False,Q1,384,main
shoe_017_notitle_Q1_px768,vlms-are-biased-notitle/sportswear_logos/images/adidas-white-basketball-3_768.png,Logos,Shoe Logos,"How many visible black stripes are there in the logo on the left shoe? Answer with a number in curly brackets, e.g., {9}.",4,3,False,Q1,768,main
shoe_017_notitle_Q1_px1152,vlms-are-biased-notitle/sportswear_logos/images/adidas-white-basketball-3_1152.png,Logos,Shoe Logos,"How many visible black stripes are there in the logo on the left shoe? Answer with a number in curly brackets, e.g., {9}.",4,3,False,Q1,1152,main
shoe_017_notitle_Q2_px384,vlms-are-biased-notitle/sportswear_logos/images/adidas-white-basketball-3_384.png,Logos,Shoe Logos,"Count the visible black stripes in the logo on the left shoe. Answer with a number in curly brackets, e.g., {9}.",4,3,False,Q2,384,main
shoe_017_notitle_Q2_px768,vlms-are-biased-notitle/sportswear_logos/images/adidas-white-basketball-3_768.png,Logos,Shoe Logos,"Count the visible black stripes in the logo on the left shoe. Answer with a number in curly brackets, e.g., {9}.",4,3,False,Q2,768,main
shoe_017_notitle_Q2_px1152,vlms-are-biased-notitle/sportswear_logos/images/adidas-white-basketball-3_1152.png,Logos,Shoe Logos,"Count the visible black stripes in the logo on the left shoe. Answer with a number in curly brackets, e.g., {9}.",4,3,False,Q2,1152,main
shoe_018_notitle_Q1_px384,vlms-are-biased-notitle/sportswear_logos/images/adidas-black-soccer-3_384.png,Logos,Shoe Logos,"How many visible white stripes are there in the logo on the left shoe? Answer with a number in curly brackets, e.g., {9}.",4,3,False,Q1,384,main
shoe_018_notitle_Q1_px768,vlms-are-biased-notitle/sportswear_logos/images/adidas-black-soccer-3_768.png,Logos,Shoe Logos,"How many visible white stripes are there in the logo on the left shoe? Answer with a number in curly brackets, e.g., {9}.",4,3,False,Q1,768,main
shoe_018_notitle_Q1_px1152,vlms-are-biased-notitle/sportswear_logos/images/adidas-black-soccer-3_1152.png,Logos,Shoe Logos,"How many visible white stripes are there in the logo on the left shoe? Answer with a number in curly brackets, e.g., {9}.",4,3,False,Q1,1152,main
shoe_018_notitle_Q2_px384,vlms-are-biased-notitle/sportswear_logos/images/adidas-black-soccer-3_384.png,Logos,Shoe Logos,"Count the visible white stripes in the logo on the left shoe. Answer with a number in curly brackets, e.g., {9}.",4,3,False,Q2,384,main
shoe_018_notitle_Q2_px768,vlms-are-biased-notitle/sportswear_logos/images/adidas-black-soccer-3_768.png,Logos,Shoe Logos,"Count the visible white stripes in the logo on the left shoe. Answer with a number in curly brackets, e.g., {9}.",4,3,False,Q2,768,main
shoe_018_notitle_Q2_px1152,vlms-are-biased-notitle/sportswear_logos/images/adidas-black-soccer-3_1152.png,Logos,Shoe Logos,"Count the visible white stripes in the logo on the left shoe. Answer with a number in curly brackets, e.g., {9}.",4,3,False,Q2,1152,main
shoe_019_notitle_Q1_px384,vlms-are-biased-notitle/sportswear_logos/images/adidas-red-tennis-3_384.png,Logos,Shoe Logos,"How many visible white stripes are there in the logo on the left shoe? Answer with a number in curly brackets, e.g., {9}.",4,3,False,Q1,384,main
shoe_019_notitle_Q1_px768,vlms-are-biased-notitle/sportswear_logos/images/adidas-red-tennis-3_768.png,Logos,Shoe Logos,"How many visible white stripes are there in the logo on the left shoe? Answer with a number in curly brackets, e.g., {9}.",4,3,False,Q1,768,main
shoe_019_notitle_Q1_px1152,vlms-are-biased-notitle/sportswear_logos/images/adidas-red-tennis-3_1152.png,Logos,Shoe Logos,"How many visible white stripes are there in the logo on the left shoe? Answer with a number in curly brackets, e.g., {9}.",4,3,False,Q1,1152,main
shoe_019_notitle_Q2_px384,vlms-are-biased-notitle/sportswear_logos/images/adidas-red-tennis-3_384.png,Logos,Shoe Logos,"Count the visible white stripes in the logo on the left shoe. Answer with a number in curly brackets, e.g., {9}.",4,3,False,Q2,384,main
shoe_019_notitle_Q2_px768,vlms-are-biased-notitle/sportswear_logos/images/adidas-red-tennis-3_768.png,Logos,Shoe Logos,"Count the visible white stripes in the logo on the left shoe. Answer with a number in curly brackets, e.g., {9}.",4,3,False,Q2,768,main
shoe_019_notitle_Q2_px1152,vlms-are-biased-notitle/sportswear_logos/images/adidas-red-tennis-3_1152.png,Logos,Shoe Logos,"Count the visible white stripes in the logo on the left shoe. Answer with a number in curly brackets, e.g., {9}.",4,3,False,Q2,1152,main
shoe_020_notitle_Q1_px384,vlms-are-biased-notitle/sportswear_logos/images/nike-black-tennis-1_384.png,Logos,Shoe Logos,"How many visible white stylized curves are there in the logo on the left shoe? Answer with a number in curly brackets, e.g., {9}.",2,1,False,Q1,384,main
shoe_020_notitle_Q1_px768,vlms-are-biased-notitle/sportswear_logos/images/nike-black-tennis-1_768.png,Logos,Shoe Logos,"How many visible white stylized curves are there in the logo on the left shoe? Answer with a number in curly brackets, e.g., {9}.",2,1,False,Q1,768,main
shoe_020_notitle_Q1_px1152,vlms-are-biased-notitle/sportswear_logos/images/nike-black-tennis-1_1152.png,Logos,Shoe Logos,"How many visible white stylized curves are there in the logo on the left shoe? Answer with a number in curly brackets, e.g., {9}.",2,1,False,Q1,1152,main
shoe_020_notitle_Q2_px384,vlms-are-biased-notitle/sportswear_logos/images/nike-black-tennis-1_384.png,Logos,Shoe Logos,"Count the visible white stylized curves in the logo on the left shoe. Answer with a number in curly brackets, e.g., {9}.",2,1,False,Q2,384,main
shoe_020_notitle_Q2_px768,vlms-are-biased-notitle/sportswear_logos/images/nike-black-tennis-1_768.png,Logos,Shoe Logos,"Count the visible white stylized curves in the logo on the left shoe. Answer with a number in curly brackets, e.g., {9}.",2,1,False,Q2,768,main
shoe_020_notitle_Q2_px1152,vlms-are-biased-notitle/sportswear_logos/images/nike-black-tennis-1_1152.png,Logos,Shoe Logos,"Count the visible white stylized curves in the logo on the left shoe. Answer with a number in curly brackets, e.g., {9}.",2,1,False,Q2,1152,main
shoe_021_notitle_Q1_px384,vlms-are-biased-notitle/sportswear_logos/images/nike-black-basketball-0_384.png,Logos,Shoe Logos,"How many visible white stylized curves are there in the logo on the left shoe? Answer with a number in curly brackets, e.g., {9}.",2,1,False,Q1,384,main
shoe_021_notitle_Q1_px768,vlms-are-biased-notitle/sportswear_logos/images/nike-black-basketball-0_768.png,Logos,Shoe Logos,"How many visible white stylized curves are there in the logo on the left shoe? Answer with a number in curly brackets, e.g., {9}.",2,1,False,Q1,768,main
shoe_021_notitle_Q1_px1152,vlms-are-biased-notitle/sportswear_logos/images/nike-black-basketball-0_1152.png,Logos,Shoe Logos,"How many visible white stylized curves are there in the logo on the left shoe? Answer with a number in curly brackets, e.g., {9}.",2,1,False,Q1,1152,main
shoe_021_notitle_Q2_px384,vlms-are-biased-notitle/sportswear_logos/images/nike-black-basketball-0_384.png,Logos,Shoe Logos,"Count the visible white stylized curves in the logo on the left shoe. Answer with a number in curly brackets, e.g., {9}.",2,1,False,Q2,384,main
shoe_021_notitle_Q2_px768,vlms-are-biased-notitle/sportswear_logos/images/nike-black-basketball-0_768.png,Logos,Shoe Logos,"Count the visible white stylized curves in the logo on the left shoe. Answer with a number in curly brackets, e.g., {9}.",2,1,False,Q2,768,main
shoe_021_notitle_Q2_px1152,vlms-are-biased-notitle/sportswear_logos/images/nike-black-basketball-0_1152.png,Logos,Shoe Logos,"Count the visible white stylized curves in the logo on the left shoe. Answer with a number in curly brackets, e.g., {9}.",2,1,False,Q2,1152,main
shoe_022_notitle_Q1_px384,vlms-are-biased-notitle/sportswear_logos/images/nike-white-basketball-1_384.png,Logos,Shoe Logos,"How many visible black stylized curves are there in the logo on the left shoe? Answer with a number in curly brackets, e.g., {9}.",2,1,False,Q1,384,main
shoe_022_notitle_Q1_px768,vlms-are-biased-notitle/sportswear_logos/images/nike-white-basketball-1_768.png,Logos,Shoe Logos,"How many visible black stylized curves are there in the logo on the left shoe? Answer with a number in curly brackets, e.g., {9}.",2,1,False,Q1,768,main
shoe_022_notitle_Q1_px1152,vlms-are-biased-notitle/sportswear_logos/images/nike-white-basketball-1_1152.png,Logos,Shoe Logos,"How many visible black stylized curves are there in the logo on the left shoe? Answer with a number in curly brackets, e.g., {9}.",2,1,False,Q1,1152,main
shoe_022_notitle_Q2_px384,vlms-are-biased-notitle/sportswear_logos/images/nike-white-basketball-1_384.png,Logos,Shoe Logos,"Count the visible black stylized curves in the logo on the left shoe. Answer with a number in curly brackets, e.g., {9}.",2,1,False,Q2,384,main
shoe_022_notitle_Q2_px768,vlms-are-biased-notitle/sportswear_logos/images/nike-white-basketball-1_768.png,Logos,Shoe Logos,"Count the visible black stylized curves in the logo on the left shoe. Answer with a number in curly brackets, e.g., {9}.",2,1,False,Q2,768,main
shoe_022_notitle_Q2_px1152,vlms-are-biased-notitle/sportswear_logos/images/nike-white-basketball-1_1152.png,Logos,Shoe Logos,"Count the visible black stylized curves in the logo on the left shoe. Answer with a number in curly brackets, e.g., {9}.",2,1,False,Q2,1152,main
shoe_023_notitle_Q1_px384,vlms-are-biased-notitle/sportswear_logos/images/nike-red-tennis-5_384.png,Logos,Shoe Logos,"How many visible white stylized curves are there in the logo on the left shoe? Answer with a number in curly brackets, e.g., {9}.",2,1,False,Q1,384,main
shoe_023_notitle_Q1_px768,vlms-are-biased-notitle/sportswear_logos/images/nike-red-tennis-5_768.png,Logos,Shoe Logos,"How many visible white stylized curves are there in the logo on the left shoe? Answer with a number in curly brackets, e.g., {9}.",2,1,False,Q1,768,main
shoe_023_notitle_Q1_px1152,vlms-are-biased-notitle/sportswear_logos/images/nike-red-tennis-5_1152.png,Logos,Shoe Logos,"How many visible white stylized curves are there in the logo on the left shoe? Answer with a number in curly brackets, e.g., {9}.",2,1,False,Q1,1152,main
shoe_023_notitle_Q2_px384,vlms-are-biased-notitle/sportswear_logos/images/nike-red-tennis-5_384.png,Logos,Shoe Logos,"Count the visible white stylized curves in the logo on the left shoe. Answer with a number in curly brackets, e.g., {9}.",2,1,False,Q2,384,main
shoe_023_notitle_Q2_px768,vlms-are-biased-notitle/sportswear_logos/images/nike-red-tennis-5_768.png,Logos,Shoe Logos,"Count the visible white stylized curves in the logo on the left shoe. Answer with a number in curly brackets, e.g., {9}.",2,1,False,Q2,768,main
shoe_023_notitle_Q2_px1152,vlms-are-biased-notitle/sportswear_logos/images/nike-red-tennis-5_1152.png,Logos,Shoe Logos,"Count the visible white stylized curves in the logo on the left shoe. Answer with a number in curly brackets, e.g., {9}.",2,1,False,Q2,1152,main
shoe_024_notitle_Q1_px384,vlms-are-biased-notitle/sportswear_logos/images/adidas-black-tennis-1_384.png,Logos,Shoe Logos,"How many visible white stripes are there in the logo on the left shoe? Answer with a number in curly brackets, e.g., {9}.",4,3,False,Q1,384,main
shoe_024_notitle_Q1_px768,vlms-are-biased-notitle/sportswear_logos/images/adidas-black-tennis-1_768.png,Logos,Shoe Logos,"How many visible white stripes are there in the logo on the left shoe? Answer with a number in curly brackets, e.g., {9}.",4,3,False,Q1,768,main
shoe_024_notitle_Q1_px1152,vlms-are-biased-notitle/sportswear_logos/images/adidas-black-tennis-1_1152.png,Logos,Shoe Logos,"How many visible white stripes are there in the logo on the left shoe? Answer with a number in curly brackets, e.g., {9}.",4,3,False,Q1,1152,main
shoe_024_notitle_Q2_px384,vlms-are-biased-notitle/sportswear_logos/images/adidas-black-tennis-1_384.png,Logos,Shoe Logos,"Count the visible white stripes in the logo on the left shoe. Answer with a number in curly brackets, e.g., {9}.",4,3,False,Q2,384,main
shoe_024_notitle_Q2_px768,vlms-are-biased-notitle/sportswear_logos/images/adidas-black-tennis-1_768.png,Logos,Shoe Logos,"Count the visible white stripes in the logo on the left shoe. Answer with a number in curly brackets, e.g., {9}.",4,3,False,Q2,768,main
shoe_024_notitle_Q2_px1152,vlms-are-biased-notitle/sportswear_logos/images/adidas-black-tennis-1_1152.png,Logos,Shoe Logos,"Count the visible white stripes in the logo on the left shoe. Answer with a number in curly brackets, e.g., {9}.",4,3,False,Q2,1152,main
car_001_notitle_Q1_px384,vlms-are-biased-notitle/car_logos/images/mercedes_benz-gray-sedan_384.png,Logos,Car Logos,"How many points are there on the star in the logo of this car? Answer with a number in curly brackets, e.g., {9}.",4,3,False,Q1,384,main
car_001_notitle_Q1_px768,vlms-are-biased-notitle/car_logos/images/mercedes_benz-gray-sedan_768.png,Logos,Car Logos,"How many points are there on the star in the logo of this car? Answer with a number in curly brackets, e.g., {9}.",4,3,False,Q1,768,main
car_001_notitle_Q1_px1152,vlms-are-biased-notitle/car_logos/images/mercedes_benz-gray-sedan_1152.png,Logos,Car Logos,"How many points are there on the star in the logo of this car? Answer with a number in curly brackets, e.g., {9}.",4,3,False,Q1,1152,main
car_001_notitle_Q2_px384,vlms-are-biased-notitle/car_logos/images/mercedes_benz-gray-sedan_384.png,Logos,Car Logos,"Count the points on the star in the logo of this car. Answer with a number in curly brackets, e.g., {9}.",4,3,False,Q2,384,main
car_001_notitle_Q2_px768,vlms-are-biased-notitle/car_logos/images/mercedes_benz-gray-sedan_768.png,Logos,Car Logos,"Count the points on the star in the logo of this car. Answer with a number in curly brackets, e.g., {9}.",4,3,False,Q2,768,main
car_001_notitle_Q2_px1152,vlms-are-biased-notitle/car_logos/images/mercedes_benz-gray-sedan_1152.png,Logos,Car Logos,"Count the points on the star in the logo of this car. Answer with a number in curly brackets, e.g., {9}.",4,3,False,Q2,1152,main
car_002_notitle_Q1_px384,vlms-are-biased-notitle/car_logos/images/mercedes_benz-gray-coupe_384.png,Logos,Car Logos,"How many points are there on the star in the logo of this car? Answer with a number in curly brackets, e.g., {9}.",4,3,False,Q1,384,main
car_002_notitle_Q1_px768,vlms-are-biased-notitle/car_logos/images/mercedes_benz-gray-coupe_768.png,Logos,Car Logos,"How many points are there on the star in the logo of this car? Answer with a number in curly brackets, e.g., {9}.",4,3,False,Q1,768,main
car_002_notitle_Q1_px1152,vlms-are-biased-notitle/car_logos/images/mercedes_benz-gray-coupe_1152.png,Logos,Car Logos,"How many points are there on the star in the logo of this car? Answer with a number in curly brackets, e.g., {9}.",4,3,False,Q1,1152,main
car_002_notitle_Q2_px384,vlms-are-biased-notitle/car_logos/images/mercedes_benz-gray-coupe_384.png,Logos,Car Logos,"Count the points on the star in the logo of this car. Answer with a number in curly brackets, e.g., {9}.",4,3,False,Q2,384,main
car_002_notitle_Q2_px768,vlms-are-biased-notitle/car_logos/images/mercedes_benz-gray-coupe_768.png,Logos,Car Logos,"Count the points on the star in the logo of this car. Answer with a number in curly brackets, e.g., {9}.",4,3,False,Q2,768,main
car_002_notitle_Q2_px1152,vlms-are-biased-notitle/car_logos/images/mercedes_benz-gray-coupe_1152.png,Logos,Car Logos,"Count the points on the star in the logo of this car. Answer with a number in curly brackets, e.g., {9}.",4,3,False,Q2,1152,main
car_003_notitle_Q1_px384,vlms-are-biased-notitle/car_logos/images/mercedes_benz-gray-suv_384.png,Logos,Car Logos,"How many points are there on the star in the logo of this car? Answer with a number in curly brackets, e.g., {9}.",4,3,False,Q1,384,main
car_003_notitle_Q1_px768,vlms-are-biased-notitle/car_logos/images/mercedes_benz-gray-suv_768.png,Logos,Car Logos,"How many points are there on the star in the logo of this car? Answer with a number in curly brackets, e.g., {9}.",4,3,False,Q1,768,main
car_003_notitle_Q1_px1152,vlms-are-biased-notitle/car_logos/images/mercedes_benz-gray-suv_1152.png,Logos,Car Logos,"How many points are there on the star in the logo of this car? Answer with a number in curly brackets, e.g., {9}.",4,3,False,Q1,1152,main
car_003_notitle_Q2_px384,vlms-are-biased-notitle/car_logos/images/mercedes_benz-gray-suv_384.png,Logos,Car Logos,"Count the points on the star in the logo of this car. Answer with a number in curly brackets, e.g., {9}.",4,3,False,Q2,384,main
car_003_notitle_Q2_px768,vlms-are-biased-notitle/car_logos/images/mercedes_benz-gray-suv_768.png,Logos,Car Logos,"Count the points on the star in the logo of this car. Answer with a number in curly brackets, e.g., {9}.",4,3,False,Q2,768,main
car_003_notitle_Q2_px1152,vlms-are-biased-notitle/car_logos/images/mercedes_benz-gray-suv_1152.png,Logos,Car Logos,"Count the points on the star in the logo of this car. Answer with a number in curly brackets, e.g., {9}.",4,3,False,Q2,1152,main
car_004_notitle_Q1_px384,vlms-are-biased-notitle/car_logos/images/mercedes_benz-black-coupe_384.png,Logos,Car Logos,"How many points are there on the star in the logo of this car? Answer with a number in curly brackets, e.g., {9}.",4,3,False,Q1,384,main
car_004_notitle_Q1_px768,vlms-are-biased-notitle/car_logos/images/mercedes_benz-black-coupe_768.png,Logos,Car Logos,"How many points are there on the star in the logo of this car? Answer with a number in curly brackets, e.g., {9}.",4,3,False,Q1,768,main
car_004_notitle_Q1_px1152,vlms-are-biased-notitle/car_logos/images/mercedes_benz-black-coupe_1152.png,Logos,Car Logos,"How many points are there on the star in the logo of this car? Answer with a number in curly brackets, e.g., {9}.",4,3,False,Q1,1152,main
car_004_notitle_Q2_px384,vlms-are-biased-notitle/car_logos/images/mercedes_benz-black-coupe_384.png,Logos,Car Logos,"Count the points on the star in the logo of this car. Answer with a number in curly brackets, e.g., {9}.",4,3,False,Q2,384,main
car_004_notitle_Q2_px768,vlms-are-biased-notitle/car_logos/images/mercedes_benz-black-coupe_768.png,Logos,Car Logos,"Count the points on the star in the logo of this car. Answer with a number in curly brackets, e.g., {9}.",4,3,False,Q2,768,main
car_004_notitle_Q2_px1152,vlms-are-biased-notitle/car_logos/images/mercedes_benz-black-coupe_1152.png,Logos,Car Logos,"Count the points on the star in the logo of this car. Answer with a number in curly brackets, e.g., {9}.",4,3,False,Q2,1152,main
car_005_notitle_Q1_px384,vlms-are-biased-notitle/car_logos/images/mercedes_benz-white-hatchback_384.png,Logos,Car Logos,"How many points are there on the star in the logo of this car? Answer with a number in curly brackets, e.g., {9}.",4,3,False,Q1,384,main
car_005_notitle_Q1_px768,vlms-are-biased-notitle/car_logos/images/mercedes_benz-white-hatchback_768.png,Logos,Car Logos,"How many points are there on the star in the logo of this car? Answer with a number in curly brackets, e.g., {9}.",4,3,False,Q1,768,main
car_005_notitle_Q1_px1152,vlms-are-biased-notitle/car_logos/images/mercedes_benz-white-hatchback_1152.png,Logos,Car Logos,"How many points are there on the star in the logo of this car? Answer with a number in curly brackets, e.g., {9}.",4,3,False,Q1,1152,main
car_005_notitle_Q2_px384,vlms-are-biased-notitle/car_logos/images/mercedes_benz-white-hatchback_384.png,Logos,Car Logos,"Count the points on the star in the logo of this car. Answer with a number in curly brackets, e.g., {9}.",4,3,False,Q2,384,main
car_005_notitle_Q2_px768,vlms-are-biased-notitle/car_logos/images/mercedes_benz-white-hatchback_768.png,Logos,Car Logos,"Count the points on the star in the logo of this car. Answer with a number in curly brackets, e.g., {9}.",4,3,False,Q2,768,main
car_005_notitle_Q2_px1152,vlms-are-biased-notitle/car_logos/images/mercedes_benz-white-hatchback_1152.png,Logos,Car Logos,"Count the points on the star in the logo of this car. Answer with a number in curly brackets, e.g., {9}.",4,3,False,Q2,1152,main
car_006_notitle_Q1_px384,vlms-are-biased-notitle/car_logos/images/mercedes_benz-white-sedan_384.png,Logos,Car Logos,"How many points are there on the star in the logo of this car? Answer with a number in curly brackets, e.g., {9}.",4,3,False,Q1,384,main
car_006_notitle_Q1_px768,vlms-are-biased-notitle/car_logos/images/mercedes_benz-white-sedan_768.png,Logos,Car Logos,"How many points are there on the star in the logo of this car? Answer with a number in curly brackets, e.g., {9}.",4,3,False,Q1,768,main
car_006_notitle_Q1_px1152,vlms-are-biased-notitle/car_logos/images/mercedes_benz-white-sedan_1152.png,Logos,Car Logos,"How many points are there on the star in the logo of this car? Answer with a number in curly brackets, e.g., {9}.",4,3,False,Q1,1152,main
car_006_notitle_Q2_px384,vlms-are-biased-notitle/car_logos/images/mercedes_benz-white-sedan_384.png,Logos,Car Logos,"Count the points on the star in the logo of this car. Answer with a number in curly brackets, e.g., {9}.",4,3,False,Q2,384,main
car_006_notitle_Q2_px768,vlms-are-biased-notitle/car_logos/images/mercedes_benz-white-sedan_768.png,Logos,Car Logos,"Count the points on the star in the logo of this car. Answer with a number in curly brackets, e.g., {9}.",4,3,False,Q2,768,main
car_006_notitle_Q2_px1152,vlms-are-biased-notitle/car_logos/images/mercedes_benz-white-sedan_1152.png,Logos,Car Logos,"Count the points on the star in the logo of this car. Answer with a number in curly brackets, e.g., {9}.",4,3,False,Q2,1152,main
car_007_notitle_Q1_px384,vlms-are-biased-notitle/car_logos/images/mercedes_benz-black-convertible_384.png,Logos,Car Logos,"How many points are there on the star in the logo of this car? Answer with a number in curly brackets, e.g., {9}.",4,3,False,Q1,384,main
car_007_notitle_Q1_px768,vlms-are-biased-notitle/car_logos/images/mercedes_benz-black-convertible_768.png,Logos,Car Logos,"How many points are there on the star in the logo of this car? Answer with a number in curly brackets, e.g., {9}.",4,3,False,Q1,768,main
car_007_notitle_Q1_px1152,vlms-are-biased-notitle/car_logos/images/mercedes_benz-black-convertible_1152.png,Logos,Car Logos,"How many points are there on the star in the logo of this car? Answer with a number in curly brackets, e.g., {9}.",4,3,False,Q1,1152,main
car_007_notitle_Q2_px384,vlms-are-biased-notitle/car_logos/images/mercedes_benz-black-convertible_384.png,Logos,Car Logos,"Count the points on the star in the logo of this car. Answer with a number in curly brackets, e.g., {9}.",4,3,False,Q2,384,main
car_007_notitle_Q2_px768,vlms-are-biased-notitle/car_logos/images/mercedes_benz-black-convertible_768.png,Logos,Car Logos,"Count the points on the star in the logo of this car. Answer with a number in curly brackets, e.g., {9}.",4,3,False,Q2,768,main
car_007_notitle_Q2_px1152,vlms-are-biased-notitle/car_logos/images/mercedes_benz-black-convertible_1152.png,Logos,Car Logos,"Count the points on the star in the logo of this car. Answer with a number in curly brackets, e.g., {9}.",4,3,False,Q2,1152,main
car_008_notitle_Q1_px384,vlms-are-biased-notitle/car_logos/images/mercedes_benz-white-convertible_384.png,Logos,Car Logos,"How many points are there on the star in the logo of this car? Answer with a number in curly brackets, e.g., {9}.",4,3,False,Q1,384,main
car_008_notitle_Q1_px768,vlms-are-biased-notitle/car_logos/images/mercedes_benz-white-convertible_768.png,Logos,Car Logos,"How many points are there on the star in the logo of this car? Answer with a number in curly brackets, e.g., {9}.",4,3,False,Q1,768,main
car_008_notitle_Q1_px1152,vlms-are-biased-notitle/car_logos/images/mercedes_benz-white-convertible_1152.png,Logos,Car Logos,"How many points are there on the star in the logo of this car? Answer with a number in curly brackets, e.g., {9}.",4,3,False,Q1,1152,main
car_008_notitle_Q2_px384,vlms-are-biased-notitle/car_logos/images/mercedes_benz-white-convertible_384.png,Logos,Car Logos,"Count the points on the star in the logo of this car. Answer with a number in curly brackets, e.g., {9}.",4,3,False,Q2,384,main
car_008_notitle_Q2_px768,vlms-are-biased-notitle/car_logos/images/mercedes_benz-white-convertible_768.png,Logos,Car Logos,"Count the points on the star in the logo of this car. Answer with a number in curly brackets, e.g., {9}.",4,3,False,Q2,768,main
car_008_notitle_Q2_px1152,vlms-are-biased-notitle/car_logos/images/mercedes_benz-white-convertible_1152.png,Logos,Car Logos,"Count the points on the star in the logo of this car. Answer with a number in curly brackets, e.g., {9}.",4,3,False,Q2,1152,main
car_009_notitle_Q1_px384,vlms-are-biased-notitle/car_logos/images/mercedes_benz-gray-convertible_384.png,Logos,Car Logos,"How many points are there on the star in the logo of this car? Answer with a number in curly brackets, e.g., {9}.",4,3,False,Q1,384,main
car_009_notitle_Q1_px768,vlms-are-biased-notitle/car_logos/images/mercedes_benz-gray-convertible_768.png,Logos,Car Logos,"How many points are there on the star in the logo of this car? Answer with a number in curly brackets, e.g., {9}.",4,3,False,Q1,768,main
car_009_notitle_Q1_px1152,vlms-are-biased-notitle/car_logos/images/mercedes_benz-gray-convertible_1152.png,Logos,Car Logos,"How many points are there on the star in the logo of this car? Answer with a number in curly brackets, e.g., {9}.",4,3,False,Q1,1152,main
car_009_notitle_Q2_px384,vlms-are-biased-notitle/car_logos/images/mercedes_benz-gray-convertible_384.png,Logos,Car Logos,"Count the points on the star in the logo of this car. Answer with a number in curly brackets, e.g., {9}.",4,3,False,Q2,384,main
car_009_notitle_Q2_px768,vlms-are-biased-notitle/car_logos/images/mercedes_benz-gray-convertible_768.png,Logos,Car Logos,"Count the points on the star in the logo of this car. Answer with a number in curly brackets, e.g., {9}.",4,3,False,Q2,768,main
car_009_notitle_Q2_px1152,vlms-are-biased-notitle/car_logos/images/mercedes_benz-gray-convertible_1152.png,Logos,Car Logos,"Count the points on the star in the logo of this car. Answer with a number in curly brackets, e.g., {9}.",4,3,False,Q2,1152,main
car_0010_notitle_Q1_px384,vlms-are-biased-notitle/car_logos/images/mercedes_benz-white-suv_384.png,Logos,Car Logos,"How many points are there on the star in the logo of this car? Answer with a number in curly brackets, e.g., {9}.",4,3,False,Q1,384,main
car_0010_notitle_Q1_px768,vlms-are-biased-notitle/car_logos/images/mercedes_benz-white-suv_768.png,Logos,Car Logos,"How many points are there on the star in the logo of this car? Answer with a number in curly brackets, e.g., {9}.",4,3,False,Q1,768,main
car_0010_notitle_Q1_px1152,vlms-are-biased-notitle/car_logos/images/mercedes_benz-white-suv_1152.png,Logos,Car Logos,"How many points are there on the star in the logo of this car? Answer with a number in curly brackets, e.g., {9}.",4,3,False,Q1,1152,main
car_0010_notitle_Q2_px384,vlms-are-biased-notitle/car_logos/images/mercedes_benz-white-suv_384.png,Logos,Car Logos,"Count the points on the star in the logo of this car. Answer with a number in curly brackets, e.g., {9}.",4,3,False,Q2,384,main
car_0010_notitle_Q2_px768,vlms-are-biased-notitle/car_logos/images/mercedes_benz-white-suv_768.png,Logos,Car Logos,"Count the points on the star in the logo of this car. Answer with a number in curly brackets, e.g., {9}.",4,3,False,Q2,768,main
car_0010_notitle_Q2_px1152,vlms-are-biased-notitle/car_logos/images/mercedes_benz-white-suv_1152.png,Logos,Car Logos,"Count the points on the star in the logo of this car. Answer with a number in curly brackets, e.g., {9}.",4,3,False,Q2,1152,main
car_011_notitle_Q1_px384,vlms-are-biased-notitle/car_logos/images/mercedes_benz-gray-hatchback_384.png,Logos,Car Logos,"How many points are there on the star in the logo of this car? Answer with a number in curly brackets, e.g., {9}.",4,3,False,Q1,384,main
car_011_notitle_Q1_px768,vlms-are-biased-notitle/car_logos/images/mercedes_benz-gray-hatchback_768.png,Logos,Car Logos,"How many points are there on the star in the logo of this car? Answer with a number in curly brackets, e.g., {9}.",4,3,False,Q1,768,main
car_011_notitle_Q1_px1152,vlms-are-biased-notitle/car_logos/images/mercedes_benz-gray-hatchback_1152.png,Logos,Car Logos,"How many points are there on the star in the logo of this car? Answer with a number in curly brackets, e.g., {9}.",4,3,False,Q1,1152,main
car_011_notitle_Q2_px384,vlms-are-biased-notitle/car_logos/images/mercedes_benz-gray-hatchback_384.png,Logos,Car Logos,"Count the points on the star in the logo of this car. Answer with a number in curly brackets, e.g., {9}.",4,3,False,Q2,384,main
car_011_notitle_Q2_px768,vlms-are-biased-notitle/car_logos/images/mercedes_benz-gray-hatchback_768.png,Logos,Car Logos,"Count the points on the star in the logo of this car. Answer with a number in curly brackets, e.g., {9}.",4,3,False,Q2,768,main
car_011_notitle_Q2_px1152,vlms-are-biased-notitle/car_logos/images/mercedes_benz-gray-hatchback_1152.png,Logos,Car Logos,"Count the points on the star in the logo of this car. Answer with a number in curly brackets, e.g., {9}.",4,3,False,Q2,1152,main
car_012_notitle_Q1_px384,vlms-are-biased-notitle/car_logos/images/mercedes_benz-black-suv_384.png,Logos,Car Logos,"How many points are there on the star in the logo of this car? Answer with a number in curly brackets, e.g., {9}.",4,3,False,Q1,384,main
car_012_notitle_Q1_px768,vlms-are-biased-notitle/car_logos/images/mercedes_benz-black-suv_768.png,Logos,Car Logos,"How many points are there on the star in the logo of this car? Answer with a number in curly brackets, e.g., {9}.",4,3,False,Q1,768,main
car_012_notitle_Q1_px1152,vlms-are-biased-notitle/car_logos/images/mercedes_benz-black-suv_1152.png,Logos,Car Logos,"How many points are there on the star in the logo of this car? Answer with a number in curly brackets, e.g., {9}.",4,3,False,Q1,1152,main
car_012_notitle_Q2_px384,vlms-are-biased-notitle/car_logos/images/mercedes_benz-black-suv_384.png,Logos,Car Logos,"Count the points on the star in the logo of this car. Answer with a number in curly brackets, e.g., {9}.",4,3,False,Q2,384,main
car_012_notitle_Q2_px768,vlms-are-biased-notitle/car_logos/images/mercedes_benz-black-suv_768.png,Logos,Car Logos,"Count the points on the star in the logo of this car. Answer with a number in curly brackets, e.g., {9}.",4,3,False,Q2,768,main
car_012_notitle_Q2_px1152,vlms-are-biased-notitle/car_logos/images/mercedes_benz-black-suv_1152.png,Logos,Car Logos,"Count the points on the star in the logo of this car. Answer with a number in curly brackets, e.g., {9}.",4,3,False,Q2,1152,main
car_013_notitle_Q1_px384,vlms-are-biased-notitle/car_logos/images/mercedes_benz-white-coupe_384.png,Logos,Car Logos,"How many points are there on the star in the logo of this car? Answer with a number in curly brackets, e.g., {9}.",4,3,False,Q1,384,main
car_013_notitle_Q1_px768,vlms-are-biased-notitle/car_logos/images/mercedes_benz-white-coupe_768.png,Logos,Car Logos,"How many points are there on the star in the logo of this car? Answer with a number in curly brackets, e.g., {9}.",4,3,False,Q1,768,main
car_013_notitle_Q1_px1152,vlms-are-biased-notitle/car_logos/images/mercedes_benz-white-coupe_1152.png,Logos,Car Logos,"How many points are there on the star in the logo of this car? Answer with a number in curly brackets, e.g., {9}.",4,3,False,Q1,1152,main
car_013_notitle_Q2_px384,vlms-are-biased-notitle/car_logos/images/mercedes_benz-white-coupe_384.png,Logos,Car Logos,"Count the points on the star in the logo of this car. Answer with a number in curly brackets, e.g., {9}.",4,3,False,Q2,384,main
car_013_notitle_Q2_px768,vlms-are-biased-notitle/car_logos/images/mercedes_benz-white-coupe_768.png,Logos,Car Logos,"Count the points on the star in the logo of this car. Answer with a number in curly brackets, e.g., {9}.",4,3,False,Q2,768,main
car_013_notitle_Q2_px1152,vlms-are-biased-notitle/car_logos/images/mercedes_benz-white-coupe_1152.png,Logos,Car Logos,"Count the points on the star in the logo of this car. Answer with a number in curly brackets, e.g., {9}.",4,3,False,Q2,1152,main
car_044_notitle_Q1_px384,vlms-are-biased-notitle/car_logos/images/maserati-black-convertible_384.png,Logos,Car Logos,"How many prongs are there in the logo of this car? Answer with a number in curly brackets, e.g., {9}.",5,3,False,Q1,384,main
car_044_notitle_Q1_px768,vlms-are-biased-notitle/car_logos/images/maserati-black-convertible_768.png,Logos,Car Logos,"How many prongs are there in the logo of this car? Answer with a number in curly brackets, e.g., {9}.",5,3,False,Q1,768,main
car_044_notitle_Q1_px1152,vlms-are-biased-notitle/car_logos/images/maserati-black-convertible_1152.png,Logos,Car Logos,"How many prongs are there in the logo of this car? Answer with a number in curly brackets, e.g., {9}.",5,3,False,Q1,1152,main
car_044_notitle_Q2_px384,vlms-are-biased-notitle/car_logos/images/maserati-black-convertible_384.png,Logos,Car Logos,"Count the prongs in the logo of this car. Answer with a number in curly brackets, e.g., {9}.",5,3,False,Q2,384,main
car_044_notitle_Q2_px768,vlms-are-biased-notitle/car_logos/images/maserati-black-convertible_768.png,Logos,Car Logos,"Count the prongs in the logo of this car. Answer with a number in curly brackets, e.g., {9}.",5,3,False,Q2,768,main
car_044_notitle_Q2_px1152,vlms-are-biased-notitle/car_logos/images/maserati-black-convertible_1152.png,Logos,Car Logos,"Count the prongs in the logo of this car. Answer with a number in curly brackets, e.g., {9}.",5,3,False,Q2,1152,main
car_045_notitle_Q1_px384,vlms-are-biased-notitle/car_logos/images/maserati-black-sedan_384.png,Logos,Car Logos,"How many prongs are there in the logo of this car? Answer with a number in curly brackets, e.g., {9}.",5,3,False,Q1,384,main
car_045_notitle_Q1_px768,vlms-are-biased-notitle/car_logos/images/maserati-black-sedan_768.png,Logos,Car Logos,"How many prongs are there in the logo of this car? Answer with a number in curly brackets, e.g., {9}.",5,3,False,Q1,768,main
car_045_notitle_Q1_px1152,vlms-are-biased-notitle/car_logos/images/maserati-black-sedan_1152.png,Logos,Car Logos,"How many prongs are there in the logo of this car? Answer with a number in curly brackets, e.g., {9}.",5,3,False,Q1,1152,main
car_045_notitle_Q2_px384,vlms-are-biased-notitle/car_logos/images/maserati-black-sedan_384.png,Logos,Car Logos,"Count the prongs in the logo of this car. Answer with a number in curly brackets, e.g., {9}.",5,3,False,Q2,384,main
car_045_notitle_Q2_px768,vlms-are-biased-notitle/car_logos/images/maserati-black-sedan_768.png,Logos,Car Logos,"Count the prongs in the logo of this car. Answer with a number in curly brackets, e.g., {9}.",5,3,False,Q2,768,main
car_045_notitle_Q2_px1152,vlms-are-biased-notitle/car_logos/images/maserati-black-sedan_1152.png,Logos,Car Logos,"Count the prongs in the logo of this car. Answer with a number in curly brackets, e.g., {9}.",5,3,False,Q2,1152,main
car_046_notitle_Q1_px384,vlms-are-biased-notitle/car_logos/images/maserati-black-coupe_384.png,Logos,Car Logos,"How many prongs are there in the logo of this car? Answer with a number in curly brackets, e.g., {9}.",5,3,False,Q1,384,main
car_046_notitle_Q1_px768,vlms-are-biased-notitle/car_logos/images/maserati-black-coupe_768.png,Logos,Car Logos,"How many prongs are there in the logo of this car? Answer with a number in curly brackets, e.g., {9}.",5,3,False,Q1,768,main
car_046_notitle_Q1_px1152,vlms-are-biased-notitle/car_logos/images/maserati-black-coupe_1152.png,Logos,Car Logos,"How many prongs are there in the logo of this car? Answer with a number in curly brackets, e.g., {9}.",5,3,False,Q1,1152,main
car_046_notitle_Q2_px384,vlms-are-biased-notitle/car_logos/images/maserati-black-coupe_384.png,Logos,Car Logos,"Count the prongs in the logo of this car. Answer with a number in curly brackets, e.g., {9}.",5,3,False,Q2,384,main
car_046_notitle_Q2_px768,vlms-are-biased-notitle/car_logos/images/maserati-black-coupe_768.png,Logos,Car Logos,"Count the prongs in the logo of this car. Answer with a number in curly brackets, e.g., {9}.",5,3,False,Q2,768,main
car_046_notitle_Q2_px1152,vlms-are-biased-notitle/car_logos/images/maserati-black-coupe_1152.png,Logos,Car Logos,"Count the prongs in the logo of this car. Answer with a number in curly brackets, e.g., {9}.",5,3,False,Q2,1152,main
car_047_notitle_Q1_px384,vlms-are-biased-notitle/car_logos/images/maserati-grey-convertible_384.png,Logos,Car Logos,"How many prongs are there in the logo of this car? Answer with a number in curly brackets, e.g., {9}.",5,3,False,Q1,384,main
car_047_notitle_Q1_px768,vlms-are-biased-notitle/car_logos/images/maserati-grey-convertible_768.png,Logos,Car Logos,"How many prongs are there in the logo of this car? Answer with a number in curly brackets, e.g., {9}.",5,3,False,Q1,768,main
car_047_notitle_Q1_px1152,vlms-are-biased-notitle/car_logos/images/maserati-grey-convertible_1152.png,Logos,Car Logos,"How many prongs are there in the logo of this car? Answer with a number in curly brackets, e.g., {9}.",5,3,False,Q1,1152,main
car_047_notitle_Q2_px384,vlms-are-biased-notitle/car_logos/images/maserati-grey-convertible_384.png,Logos,Car Logos,"Count the prongs in the logo of this car. Answer with a number in curly brackets, e.g., {9}.",5,3,False,Q2,384,main
car_047_notitle_Q2_px768,vlms-are-biased-notitle/car_logos/images/maserati-grey-convertible_768.png,Logos,Car Logos,"Count the prongs in the logo of this car. Answer with a number in curly brackets, e.g., {9}.",5,3,False,Q2,768,main
car_047_notitle_Q2_px1152,vlms-are-biased-notitle/car_logos/images/maserati-grey-convertible_1152.png,Logos,Car Logos,"Count the prongs in the logo of this car. Answer with a number in curly brackets, e.g., {9}.",5,3,False,Q2,1152,main
car_048_notitle_Q1_px384,vlms-are-biased-notitle/car_logos/images/maserati-black-suv_384.png,Logos,Car Logos,"How many prongs are there in the logo of this car? Answer with a number in curly brackets, e.g., {9}.",5,3,False,Q1,384,main
car_048_notitle_Q1_px768,vlms-are-biased-notitle/car_logos/images/maserati-black-suv_768.png,Logos,Car Logos,"How many prongs are there in the logo of this car? Answer with a number in curly brackets, e.g., {9}.",5,3,False,Q1,768,main
car_048_notitle_Q1_px1152,vlms-are-biased-notitle/car_logos/images/maserati-black-suv_1152.png,Logos,Car Logos,"How many prongs are there in the logo of this car? Answer with a number in curly brackets, e.g., {9}.",5,3,False,Q1,1152,main
car_048_notitle_Q2_px384,vlms-are-biased-notitle/car_logos/images/maserati-black-suv_384.png,Logos,Car Logos,"Count the prongs in the logo of this car. Answer with a number in curly brackets, e.g., {9}.",5,3,False,Q2,384,main
car_048_notitle_Q2_px768,vlms-are-biased-notitle/car_logos/images/maserati-black-suv_768.png,Logos,Car Logos,"Count the prongs in the logo of this car. Answer with a number in curly brackets, e.g., {9}.",5,3,False,Q2,768,main
car_048_notitle_Q2_px1152,vlms-are-biased-notitle/car_logos/images/maserati-black-suv_1152.png,Logos,Car Logos,"Count the prongs in the logo of this car. Answer with a number in curly brackets, e.g., {9}.",5,3,False,Q2,1152,main
car_049_notitle_Q1_px384,vlms-are-biased-notitle/car_logos/images/maserati-black-sports car_384.png,Logos,Car Logos,"How many prongs are there in the logo of this car? Answer with a number in curly brackets, e.g., {9}.",5,3,False,Q1,384,main
car_049_notitle_Q1_px768,vlms-are-biased-notitle/car_logos/images/maserati-black-sports car_768.png,Logos,Car Logos,"How many prongs are there in the logo of this car? Answer with a number in curly brackets, e.g., {9}.",5,3,False,Q1,768,main
car_049_notitle_Q1_px1152,vlms-are-biased-notitle/car_logos/images/maserati-black-sports car_1152.png,Logos,Car Logos,"How many prongs are there in the logo of this car? Answer with a number in curly brackets, e.g., {9}.",5,3,False,Q1,1152,main
car_049_notitle_Q2_px384,vlms-are-biased-notitle/car_logos/images/maserati-black-sports car_384.png,Logos,Car Logos,"Count the prongs in the logo of this car. Answer with a number in curly brackets, e.g., {9}.",5,3,False,Q2,384,main
car_049_notitle_Q2_px768,vlms-are-biased-notitle/car_logos/images/maserati-black-sports car_768.png,Logos,Car Logos,"Count the prongs in the logo of this car. Answer with a number in curly brackets, e.g., {9}.",5,3,False,Q2,768,main
car_049_notitle_Q2_px1152,vlms-are-biased-notitle/car_logos/images/maserati-black-sports car_1152.png,Logos,Car Logos,"Count the prongs in the logo of this car. Answer with a number in curly brackets, e.g., {9}.",5,3,False,Q2,1152,main
car_050_notitle_Q1_px384,vlms-are-biased-notitle/car_logos/images/maserati-gray-sedan_384.png,Logos,Car Logos,"How many prongs are there in the logo of this car? Answer with a number in curly brackets, e.g., {9}.",5,3,False,Q1,384,main
car_050_notitle_Q1_px768,vlms-are-biased-notitle/car_logos/images/maserati-gray-sedan_768.png,Logos,Car Logos,"How many prongs are there in the logo of this car? Answer with a number in curly brackets, e.g., {9}.",5,3,False,Q1,768,main
car_050_notitle_Q1_px1152,vlms-are-biased-notitle/car_logos/images/maserati-gray-sedan_1152.png,Logos,Car Logos,"How many prongs are there in the logo of this car? Answer with a number in curly brackets, e.g., {9}.",5,3,False,Q1,1152,main
car_050_notitle_Q2_px384,vlms-are-biased-notitle/car_logos/images/maserati-gray-sedan_384.png,Logos,Car Logos,"Count the prongs in the logo of this car. Answer with a number in curly brackets, e.g., {9}.",5,3,False,Q2,384,main
car_050_notitle_Q2_px768,vlms-are-biased-notitle/car_logos/images/maserati-gray-sedan_768.png,Logos,Car Logos,"Count the prongs in the logo of this car. Answer with a number in curly brackets, e.g., {9}.",5,3,False,Q2,768,main
car_050_notitle_Q2_px1152,vlms-are-biased-notitle/car_logos/images/maserati-gray-sedan_1152.png,Logos,Car Logos,"Count the prongs in the logo of this car. Answer with a number in curly brackets, e.g., {9}.",5,3,False,Q2,1152,main
car_051_notitle_Q1_px384,vlms-are-biased-notitle/car_logos/images/maserati-white-suv_384.png,Logos,Car Logos,"How many prongs are there in the logo of this car? Answer with a number in curly brackets, e.g., {9}.",5,3,False,Q1,384,main
car_051_notitle_Q1_px768,vlms-are-biased-notitle/car_logos/images/maserati-white-suv_768.png,Logos,Car Logos,"How many prongs are there in the logo of this car? Answer with a number in curly brackets, e.g., {9}.",5,3,False,Q1,768,main
car_051_notitle_Q1_px1152,vlms-are-biased-notitle/car_logos/images/maserati-white-suv_1152.png,Logos,Car Logos,"How many prongs are there in the logo of this car? Answer with a number in curly brackets, e.g., {9}.",5,3,False,Q1,1152,main
car_051_notitle_Q2_px384,vlms-are-biased-notitle/car_logos/images/maserati-white-suv_384.png,Logos,Car Logos,"Count the prongs in the logo of this car. Answer with a number in curly brackets, e.g., {9}.",5,3,False,Q2,384,main
car_051_notitle_Q2_px768,vlms-are-biased-notitle/car_logos/images/maserati-white-suv_768.png,Logos,Car Logos,"Count the prongs in the logo of this car. Answer with a number in curly brackets, e.g., {9}.",5,3,False,Q2,768,main
car_051_notitle_Q2_px1152,vlms-are-biased-notitle/car_logos/images/maserati-white-suv_1152.png,Logos,Car Logos,"Count the prongs in the logo of this car. Answer with a number in curly brackets, e.g., {9}.",5,3,False,Q2,1152,main
car_052_notitle_Q1_px384,vlms-are-biased-notitle/car_logos/images/maserati-white-sedan_384.png,Logos,Car Logos,"How many prongs are there in the logo of this car? Answer with a number in curly brackets, e.g., {9}.",5,3,False,Q1,384,main
car_052_notitle_Q1_px768,vlms-are-biased-notitle/car_logos/images/maserati-white-sedan_768.png,Logos,Car Logos,"How many prongs are there in the logo of this car? Answer with a number in curly brackets, e.g., {9}.",5,3,False,Q1,768,main
car_052_notitle_Q1_px1152,vlms-are-biased-notitle/car_logos/images/maserati-white-sedan_1152.png,Logos,Car Logos,"How many prongs are there in the logo of this car? Answer with a number in curly brackets, e.g., {9}.",5,3,False,Q1,1152,main
car_052_notitle_Q2_px384,vlms-are-biased-notitle/car_logos/images/maserati-white-sedan_384.png,Logos,Car Logos,"Count the prongs in the logo of this car. Answer with a number in curly brackets, e.g., {9}.",5,3,False,Q2,384,main
car_052_notitle_Q2_px768,vlms-are-biased-notitle/car_logos/images/maserati-white-sedan_768.png,Logos,Car Logos,"Count the prongs in the logo of this car. Answer with a number in curly brackets, e.g., {9}.",5,3,False,Q2,768,main
car_052_notitle_Q2_px1152,vlms-are-biased-notitle/car_logos/images/maserati-white-sedan_1152.png,Logos,Car Logos,"Count the prongs in the logo of this car. Answer with a number in curly brackets, e.g., {9}.",5,3,False,Q2,1152,main
car_053_notitle_Q1_px384,vlms-are-biased-notitle/car_logos/images/maserati-white-coupe_384.png,Logos,Car Logos,"How many prongs are there in the logo of this car? Answer with a number in curly brackets, e.g., {9}.",5,3,False,Q1,384,main
car_053_notitle_Q1_px768,vlms-are-biased-notitle/car_logos/images/maserati-white-coupe_768.png,Logos,Car Logos,"How many prongs are there in the logo of this car? Answer with a number in curly brackets, e.g., {9}.",5,3,False,Q1,768,main
car_053_notitle_Q1_px1152,vlms-are-biased-notitle/car_logos/images/maserati-white-coupe_1152.png,Logos,Car Logos,"How many prongs are there in the logo of this car? Answer with a number in curly brackets, e.g., {9}.",5,3,False,Q1,1152,main
car_053_notitle_Q2_px384,vlms-are-biased-notitle/car_logos/images/maserati-white-coupe_384.png,Logos,Car Logos,"Count the prongs in the logo of this car. Answer with a number in curly brackets, e.g., {9}.",5,3,False,Q2,384,main
car_053_notitle_Q2_px768,vlms-are-biased-notitle/car_logos/images/maserati-white-coupe_768.png,Logos,Car Logos,"Count the prongs in the logo of this car. Answer with a number in curly brackets, e.g., {9}.",5,3,False,Q2,768,main
car_053_notitle_Q2_px1152,vlms-are-biased-notitle/car_logos/images/maserati-white-coupe_1152.png,Logos,Car Logos,"Count the prongs in the logo of this car. Answer with a number in curly brackets, e.g., {9}.",5,3,False,Q2,1152,main
car_054_notitle_Q1_px384,vlms-are-biased-notitle/car_logos/images/maserati-gray-sports car_384.png,Logos,Car Logos,"How many prongs are there in the logo of this car? Answer with a number in curly brackets, e.g., {9}.",5,3,False,Q1,384,main
car_054_notitle_Q1_px768,vlms-are-biased-notitle/car_logos/images/maserati-gray-sports car_768.png,Logos,Car Logos,"How many prongs are there in the logo of this car? Answer with a number in curly brackets, e.g., {9}.",5,3,False,Q1,768,main
car_054_notitle_Q1_px1152,vlms-are-biased-notitle/car_logos/images/maserati-gray-sports car_1152.png,Logos,Car Logos,"How many prongs are there in the logo of this car? Answer with a number in curly brackets, e.g., {9}.",5,3,False,Q1,1152,main
car_054_notitle_Q2_px384,vlms-are-biased-notitle/car_logos/images/maserati-gray-sports car_384.png,Logos,Car Logos,"Count the prongs in the logo of this car. Answer with a number in curly brackets, e.g., {9}.",5,3,False,Q2,384,main
car_054_notitle_Q2_px768,vlms-are-biased-notitle/car_logos/images/maserati-gray-sports car_768.png,Logos,Car Logos,"Count the prongs in the logo of this car. Answer with a number in curly brackets, e.g., {9}.",5,3,False,Q2,768,main
car_054_notitle_Q2_px1152,vlms-are-biased-notitle/car_logos/images/maserati-gray-sports car_1152.png,Logos,Car Logos,"Count the prongs in the logo of this car. Answer with a number in curly brackets, e.g., {9}.",5,3,False,Q2,1152,main
car_055_notitle_Q1_px384,vlms-are-biased-notitle/car_logos/images/maserati-white-sports car_384.png,Logos,Car Logos,"How many prongs are there in the logo of this car? Answer with a number in curly brackets, e.g., {9}.",5,3,False,Q1,384,main
car_055_notitle_Q1_px768,vlms-are-biased-notitle/car_logos/images/maserati-white-sports car_768.png,Logos,Car Logos,"How many prongs are there in the logo of this car? Answer with a number in curly brackets, e.g., {9}.",5,3,False,Q1,768,main
car_055_notitle_Q1_px1152,vlms-are-biased-notitle/car_logos/images/maserati-white-sports car_1152.png,Logos,Car Logos,"How many prongs are there in the logo of this car? Answer with a number in curly brackets, e.g., {9}.",5,3,False,Q1,1152,main
car_055_notitle_Q2_px384,vlms-are-biased-notitle/car_logos/images/maserati-white-sports car_384.png,Logos,Car Logos,"Count the prongs in the logo of this car. Answer with a number in curly brackets, e.g., {9}.",5,3,False,Q2,384,main
car_055_notitle_Q2_px768,vlms-are-biased-notitle/car_logos/images/maserati-white-sports car_768.png,Logos,Car Logos,"Count the prongs in the logo of this car. Answer with a number in curly brackets, e.g., {9}.",5,3,False,Q2,768,main
car_055_notitle_Q2_px1152,vlms-are-biased-notitle/car_logos/images/maserati-white-sports car_1152.png,Logos,Car Logos,"Count the prongs in the logo of this car. Answer with a number in curly brackets, e.g., {9}.",5,3,False,Q2,1152,main
car_056_notitle_Q1_px384,vlms-are-biased-notitle/car_logos/images/maserati-grey-coupe_384.png,Logos,Car Logos,"How many prongs are there in the logo of this car? Answer with a number in curly brackets, e.g., {9}.",5,3,False,Q1,384,main
car_056_notitle_Q1_px768,vlms-are-biased-notitle/car_logos/images/maserati-grey-coupe_768.png,Logos,Car Logos,"How many prongs are there in the logo of this car? Answer with a number in curly brackets, e.g., {9}.",5,3,False,Q1,768,main
car_056_notitle_Q1_px1152,vlms-are-biased-notitle/car_logos/images/maserati-grey-coupe_1152.png,Logos,Car Logos,"How many prongs are there in the logo of this car? Answer with a number in curly brackets, e.g., {9}.",5,3,False,Q1,1152,main
car_056_notitle_Q2_px384,vlms-are-biased-notitle/car_logos/images/maserati-grey-coupe_384.png,Logos,Car Logos,"Count the prongs in the logo of this car. Answer with a number in curly brackets, e.g., {9}.",5,3,False,Q2,384,main
car_056_notitle_Q2_px768,vlms-are-biased-notitle/car_logos/images/maserati-grey-coupe_768.png,Logos,Car Logos,"Count the prongs in the logo of this car. Answer with a number in curly brackets, e.g., {9}.",5,3,False,Q2,768,main
car_056_notitle_Q2_px1152,vlms-are-biased-notitle/car_logos/images/maserati-grey-coupe_1152.png,Logos,Car Logos,"Count the prongs in the logo of this car. Answer with a number in curly brackets, e.g., {9}.",5,3,False,Q2,1152,main
car_057_notitle_Q1_px384,vlms-are-biased-notitle/car_logos/images/maserati-gray-suv_384.png,Logos,Car Logos,"How many prongs are there in the logo of this car? Answer with a number in curly brackets, e.g., {9}.",5,3,False,Q1,384,main
car_057_notitle_Q1_px768,vlms-are-biased-notitle/car_logos/images/maserati-gray-suv_768.png,Logos,Car Logos,"How many prongs are there in the logo of this car? Answer with a number in curly brackets, e.g., {9}.",5,3,False,Q1,768,main
car_057_notitle_Q1_px1152,vlms-are-biased-notitle/car_logos/images/maserati-gray-suv_1152.png,Logos,Car Logos,"How many prongs are there in the logo of this car? Answer with a number in curly brackets, e.g., {9}.",5,3,False,Q1,1152,main
car_057_notitle_Q2_px384,vlms-are-biased-notitle/car_logos/images/maserati-gray-suv_384.png,Logos,Car Logos,"Count the prongs in the logo of this car. Answer with a number in curly brackets, e.g., {9}.",5,3,False,Q2,384,main
car_057_notitle_Q2_px768,vlms-are-biased-notitle/car_logos/images/maserati-gray-suv_768.png,Logos,Car Logos,"Count the prongs in the logo of this car. Answer with a number in curly brackets, e.g., {9}.",5,3,False,Q2,768,main
car_057_notitle_Q2_px1152,vlms-are-biased-notitle/car_logos/images/maserati-gray-suv_1152.png,Logos,Car Logos,"Count the prongs in the logo of this car. Answer with a number in curly brackets, e.g., {9}.",5,3,False,Q2,1152,main
car_058_notitle_Q1_px384,vlms-are-biased-notitle/car_logos/images/maserati-white-convertible_384.png,Logos,Car Logos,"How many prongs are there in the logo of this car? Answer with a number in curly brackets, e.g., {9}.",5,3,False,Q1,384,main
car_058_notitle_Q1_px768,vlms-are-biased-notitle/car_logos/images/maserati-white-convertible_768.png,Logos,Car Logos,"How many prongs are there in the logo of this car? Answer with a number in curly brackets, e.g., {9}.",5,3,False,Q1,768,main
car_058_notitle_Q1_px1152,vlms-are-biased-notitle/car_logos/images/maserati-white-convertible_1152.png,Logos,Car Logos,"How many prongs are there in the logo of this car? Answer with a number in curly brackets, e.g., {9}.",5,3,False,Q1,1152,main
car_058_notitle_Q2_px384,vlms-are-biased-notitle/car_logos/images/maserati-white-convertible_384.png,Logos,Car Logos,"Count the prongs in the logo of this car. Answer with a number in curly brackets, e.g., {9}.",5,3,False,Q2,384,main
car_058_notitle_Q2_px768,vlms-are-biased-notitle/car_logos/images/maserati-white-convertible_768.png,Logos,Car Logos,"Count the prongs in the logo of this car. Answer with a number in curly brackets, e.g., {9}.",5,3,False,Q2,768,main
car_058_notitle_Q2_px1152,vlms-are-biased-notitle/car_logos/images/maserati-white-convertible_1152.png,Logos,Car Logos,"Count the prongs in the logo of this car. Answer with a number in curly brackets, e.g., {9}.",5,3,False,Q2,1152,main
car_059_notitle_Q1_px384,vlms-are-biased-notitle/car_logos/images/audi-black-convertible_384.png,Logos,Car Logos,"How many overlapping circles are there in the logo of this car? Answer with a number in curly brackets, e.g., {9}.",5,4,False,Q1,384,main
car_059_notitle_Q1_px768,vlms-are-biased-notitle/car_logos/images/audi-black-convertible_768.png,Logos,Car Logos,"How many overlapping circles are there in the logo of this car? Answer with a number in curly brackets, e.g., {9}.",5,4,False,Q1,768,main
car_059_notitle_Q1_px1152,vlms-are-biased-notitle/car_logos/images/audi-black-convertible_1152.png,Logos,Car Logos,"How many overlapping circles are there in the logo of this car? Answer with a number in curly brackets, e.g., {9}.",5,4,False,Q1,1152,main
car_059_notitle_Q2_px384,vlms-are-biased-notitle/car_logos/images/audi-black-convertible_384.png,Logos,Car Logos,"Count the overlapping circles in the logo of this car. Answer with a number in curly brackets, e.g., {9}.",5,4,False,Q2,384,main
car_059_notitle_Q2_px768,vlms-are-biased-notitle/car_logos/images/audi-black-convertible_768.png,Logos,Car Logos,"Count the overlapping circles in the logo of this car. Answer with a number in curly brackets, e.g., {9}.",5,4,False,Q2,768,main
car_059_notitle_Q2_px1152,vlms-are-biased-notitle/car_logos/images/audi-black-convertible_1152.png,Logos,Car Logos,"Count the overlapping circles in the logo of this car. Answer with a number in curly brackets, e.g., {9}.",5,4,False,Q2,1152,main
car_060_notitle_Q1_px384,vlms-are-biased-notitle/car_logos/images/audi-white-coupe_384.png,Logos,Car Logos,"How many overlapping circles are there in the logo of this car? Answer with a number in curly brackets, e.g., {9}.",5,4,False,Q1,384,main
car_060_notitle_Q1_px768,vlms-are-biased-notitle/car_logos/images/audi-white-coupe_768.png,Logos,Car Logos,"How many overlapping circles are there in the logo of this car? Answer with a number in curly brackets, e.g., {9}.",5,4,False,Q1,768,main
car_060_notitle_Q1_px1152,vlms-are-biased-notitle/car_logos/images/audi-white-coupe_1152.png,Logos,Car Logos,"How many overlapping circles are there in the logo of this car? Answer with a number in curly brackets, e.g., {9}.",5,4,False,Q1,1152,main
car_060_notitle_Q2_px384,vlms-are-biased-notitle/car_logos/images/audi-white-coupe_384.png,Logos,Car Logos,"Count the overlapping circles in the logo of this car. Answer with a number in curly brackets, e.g., {9}.",5,4,False,Q2,384,main
car_060_notitle_Q2_px768,vlms-are-biased-notitle/car_logos/images/audi-white-coupe_768.png,Logos,Car Logos,"Count the overlapping circles in the logo of this car. Answer with a number in curly brackets, e.g., {9}.",5,4,False,Q2,768,main
car_060_notitle_Q2_px1152,vlms-are-biased-notitle/car_logos/images/audi-white-coupe_1152.png,Logos,Car Logos,"Count the overlapping circles in the logo of this car. Answer with a number in curly brackets, e.g., {9}.",5,4,False,Q2,1152,main
car_061_notitle_Q1_px384,vlms-are-biased-notitle/car_logos/images/audi-black-hatchback_384.png,Logos,Car Logos,"How many overlapping circles are there in the logo of this car? Answer with a number in curly brackets, e.g., {9}.",5,4,False,Q1,384,main
car_061_notitle_Q1_px768,vlms-are-biased-notitle/car_logos/images/audi-black-hatchback_768.png,Logos,Car Logos,"How many overlapping circles are there in the logo of this car? Answer with a number in curly brackets, e.g., {9}.",5,4,False,Q1,768,main
car_061_notitle_Q1_px1152,vlms-are-biased-notitle/car_logos/images/audi-black-hatchback_1152.png,Logos,Car Logos,"How many overlapping circles are there in the logo of this car? Answer with a number in curly brackets, e.g., {9}.",5,4,False,Q1,1152,main
car_061_notitle_Q2_px384,vlms-are-biased-notitle/car_logos/images/audi-black-hatchback_384.png,Logos,Car Logos,"Count the overlapping circles in the logo of this car. Answer with a number in curly brackets, e.g., {9}.",5,4,False,Q2,384,main
car_061_notitle_Q2_px768,vlms-are-biased-notitle/car_logos/images/audi-black-hatchback_768.png,Logos,Car Logos,"Count the overlapping circles in the logo of this car. Answer with a number in curly brackets, e.g., {9}.",5,4,False,Q2,768,main
car_061_notitle_Q2_px1152,vlms-are-biased-notitle/car_logos/images/audi-black-hatchback_1152.png,Logos,Car Logos,"Count the overlapping circles in the logo of this car. Answer with a number in curly brackets, e.g., {9}.",5,4,False,Q2,1152,main
car_062_notitle_Q1_px384,vlms-are-biased-notitle/car_logos/images/audi-white-suv_384.png,Logos,Car Logos,"How many overlapping circles are there in the logo of this car? Answer with a number in curly brackets, e.g., {9}.",5,4,False,Q1,384,main
car_062_notitle_Q1_px768,vlms-are-biased-notitle/car_logos/images/audi-white-suv_768.png,Logos,Car Logos,"How many overlapping circles are there in the logo of this car? Answer with a number in curly brackets, e.g., {9}.",5,4,False,Q1,768,main
car_062_notitle_Q1_px1152,vlms-are-biased-notitle/car_logos/images/audi-white-suv_1152.png,Logos,Car Logos,"How many overlapping circles are there in the logo of this car? Answer with a number in curly brackets, e.g., {9}.",5,4,False,Q1,1152,main
car_062_notitle_Q2_px384,vlms-are-biased-notitle/car_logos/images/audi-white-suv_384.png,Logos,Car Logos,"Count the overlapping circles in the logo of this car. Answer with a number in curly brackets, e.g., {9}.",5,4,False,Q2,384,main
car_062_notitle_Q2_px768,vlms-are-biased-notitle/car_logos/images/audi-white-suv_768.png,Logos,Car Logos,"Count the overlapping circles in the logo of this car. Answer with a number in curly brackets, e.g., {9}.",5,4,False,Q2,768,main
car_062_notitle_Q2_px1152,vlms-are-biased-notitle/car_logos/images/audi-white-suv_1152.png,Logos,Car Logos,"Count the overlapping circles in the logo of this car. Answer with a number in curly brackets, e.g., {9}.",5,4,False,Q2,1152,main
car_063_notitle_Q1_px384,vlms-are-biased-notitle/car_logos/images/audi-white-sedan_384.png,Logos,Car Logos,"How many overlapping circles are there in the logo of this car? Answer with a number in curly brackets, e.g., {9}.",5,4,False,Q1,384,main
car_063_notitle_Q1_px768,vlms-are-biased-notitle/car_logos/images/audi-white-sedan_768.png,Logos,Car Logos,"How many overlapping circles are there in the logo of this car? Answer with a number in curly brackets, e.g., {9}.",5,4,False,Q1,768,main
car_063_notitle_Q1_px1152,vlms-are-biased-notitle/car_logos/images/audi-white-sedan_1152.png,Logos,Car Logos,"How many overlapping circles are there in the logo of this car? Answer with a number in curly brackets, e.g., {9}.",5,4,False,Q1,1152,main
car_063_notitle_Q2_px384,vlms-are-biased-notitle/car_logos/images/audi-white-sedan_384.png,Logos,Car Logos,"Count the overlapping circles in the logo of this car. Answer with a number in curly brackets, e.g., {9}.",5,4,False,Q2,384,main
car_063_notitle_Q2_px768,vlms-are-biased-notitle/car_logos/images/audi-white-sedan_768.png,Logos,Car Logos,"Count the overlapping circles in the logo of this car. Answer with a number in curly brackets, e.g., {9}.",5,4,False,Q2,768,main
car_063_notitle_Q2_px1152,vlms-are-biased-notitle/car_logos/images/audi-white-sedan_1152.png,Logos,Car Logos,"Count the overlapping circles in the logo of this car. Answer with a number in curly brackets, e.g., {9}.",5,4,False,Q2,1152,main
car_064_notitle_Q1_px384,vlms-are-biased-notitle/car_logos/images/audi-black-coupe_384.png,Logos,Car Logos,"How many overlapping circles are there in the logo of this car? Answer with a number in curly brackets, e.g., {9}.",5,4,False,Q1,384,main
car_064_notitle_Q1_px768,vlms-are-biased-notitle/car_logos/images/audi-black-coupe_768.png,Logos,Car Logos,"How many overlapping circles are there in the logo of this car? Answer with a number in curly brackets, e.g., {9}.",5,4,False,Q1,768,main
car_064_notitle_Q1_px1152,vlms-are-biased-notitle/car_logos/images/audi-black-coupe_1152.png,Logos,Car Logos,"How many overlapping circles are there in the logo of this car? Answer with a number in curly brackets, e.g., {9}.",5,4,False,Q1,1152,main
car_064_notitle_Q2_px384,vlms-are-biased-notitle/car_logos/images/audi-black-coupe_384.png,Logos,Car Logos,"Count the overlapping circles in the logo of this car. Answer with a number in curly brackets, e.g., {9}.",5,4,False,Q2,384,main
car_064_notitle_Q2_px768,vlms-are-biased-notitle/car_logos/images/audi-black-coupe_768.png,Logos,Car Logos,"Count the overlapping circles in the logo of this car. Answer with a number in curly brackets, e.g., {9}.",5,4,False,Q2,768,main
car_064_notitle_Q2_px1152,vlms-are-biased-notitle/car_logos/images/audi-black-coupe_1152.png,Logos,Car Logos,"Count the overlapping circles in the logo of this car. Answer with a number in curly brackets, e.g., {9}.",5,4,False,Q2,1152,main
car_065_notitle_Q1_px384,vlms-are-biased-notitle/car_logos/images/audi-white-convertible_384.png,Logos,Car Logos,"How many overlapping circles are there in the logo of this car? Answer with a number in curly brackets, e.g., {9}.",5,4,False,Q1,384,main
car_065_notitle_Q1_px768,vlms-are-biased-notitle/car_logos/images/audi-white-convertible_768.png,Logos,Car Logos,"How many overlapping circles are there in the logo of this car? Answer with a number in curly brackets, e.g., {9}.",5,4,False,Q1,768,main
car_065_notitle_Q1_px1152,vlms-are-biased-notitle/car_logos/images/audi-white-convertible_1152.png,Logos,Car Logos,"How many overlapping circles are there in the logo of this car? Answer with a number in curly brackets, e.g., {9}.",5,4,False,Q1,1152,main
car_065_notitle_Q2_px384,vlms-are-biased-notitle/car_logos/images/audi-white-convertible_384.png,Logos,Car Logos,"Count the overlapping circles in the logo of this car. Answer with a number in curly brackets, e.g., {9}.",5,4,False,Q2,384,main
car_065_notitle_Q2_px768,vlms-are-biased-notitle/car_logos/images/audi-white-convertible_768.png,Logos,Car Logos,"Count the overlapping circles in the logo of this car. Answer with a number in curly brackets, e.g., {9}.",5,4,False,Q2,768,main
car_065_notitle_Q2_px1152,vlms-are-biased-notitle/car_logos/images/audi-white-convertible_1152.png,Logos,Car Logos,"Count the overlapping circles in the logo of this car. Answer with a number in curly brackets, e.g., {9}.",5,4,False,Q2,1152,main
car_066_notitle_Q1_px384,vlms-are-biased-notitle/car_logos/images/audi-gray-convertible_384.png,Logos,Car Logos,"How many overlapping circles are there in the logo of this car? Answer with a number in curly brackets, e.g., {9}.",5,4,False,Q1,384,main
car_066_notitle_Q1_px768,vlms-are-biased-notitle/car_logos/images/audi-gray-convertible_768.png,Logos,Car Logos,"How many overlapping circles are there in the logo of this car? Answer with a number in curly brackets, e.g., {9}.",5,4,False,Q1,768,main
car_066_notitle_Q1_px1152,vlms-are-biased-notitle/car_logos/images/audi-gray-convertible_1152.png,Logos,Car Logos,"How many overlapping circles are there in the logo of this car? Answer with a number in curly brackets, e.g., {9}.",5,4,False,Q1,1152,main
car_066_notitle_Q2_px384,vlms-are-biased-notitle/car_logos/images/audi-gray-convertible_384.png,Logos,Car Logos,"Count the overlapping circles in the logo of this car. Answer with a number in curly brackets, e.g., {9}.",5,4,False,Q2,384,main
car_066_notitle_Q2_px768,vlms-are-biased-notitle/car_logos/images/audi-gray-convertible_768.png,Logos,Car Logos,"Count the overlapping circles in the logo of this car. Answer with a number in curly brackets, e.g., {9}.",5,4,False,Q2,768,main
car_066_notitle_Q2_px1152,vlms-are-biased-notitle/car_logos/images/audi-gray-convertible_1152.png,Logos,Car Logos,"Count the overlapping circles in the logo of this car. Answer with a number in curly brackets, e.g., {9}.",5,4,False,Q2,1152,main
car_067_notitle_Q1_px384,vlms-are-biased-notitle/car_logos/images/audi-white-hatchback_384.png,Logos,Car Logos,"How many overlapping circles are there in the logo of this car? Answer with a number in curly brackets, e.g., {9}.",5,4,False,Q1,384,main
car_067_notitle_Q1_px768,vlms-are-biased-notitle/car_logos/images/audi-white-hatchback_768.png,Logos,Car Logos,"How many overlapping circles are there in the logo of this car? Answer with a number in curly brackets, e.g., {9}.",5,4,False,Q1,768,main
car_067_notitle_Q1_px1152,vlms-are-biased-notitle/car_logos/images/audi-white-hatchback_1152.png,Logos,Car Logos,"How many overlapping circles are there in the logo of this car? Answer with a number in curly brackets, e.g., {9}.",5,4,False,Q1,1152,main
car_067_notitle_Q2_px384,vlms-are-biased-notitle/car_logos/images/audi-white-hatchback_384.png,Logos,Car Logos,"Count the overlapping circles in the logo of this car. Answer with a number in curly brackets, e.g., {9}.",5,4,False,Q2,384,main
car_067_notitle_Q2_px768,vlms-are-biased-notitle/car_logos/images/audi-white-hatchback_768.png,Logos,Car Logos,"Count the overlapping circles in the logo of this car. Answer with a number in curly brackets, e.g., {9}.",5,4,False,Q2,768,main
car_067_notitle_Q2_px1152,vlms-are-biased-notitle/car_logos/images/audi-white-hatchback_1152.png,Logos,Car Logos,"Count the overlapping circles in the logo of this car. Answer with a number in curly brackets, e.g., {9}.",5,4,False,Q2,1152,main
car_068_notitle_Q1_px384,vlms-are-biased-notitle/car_logos/images/audi-black-suv_384.png,Logos,Car Logos,"How many overlapping circles are there in the logo of this car? Answer with a number in curly brackets, e.g., {9}.",5,4,False,Q1,384,main
car_068_notitle_Q1_px768,vlms-are-biased-notitle/car_logos/images/audi-black-suv_768.png,Logos,Car Logos,"How many overlapping circles are there in the logo of this car? Answer with a number in curly brackets, e.g., {9}.",5,4,False,Q1,768,main
car_068_notitle_Q1_px1152,vlms-are-biased-notitle/car_logos/images/audi-black-suv_1152.png,Logos,Car Logos,"How many overlapping circles are there in the logo of this car? Answer with a number in curly brackets, e.g., {9}.",5,4,False,Q1,1152,main
car_068_notitle_Q2_px384,vlms-are-biased-notitle/car_logos/images/audi-black-suv_384.png,Logos,Car Logos,"Count the overlapping circles in the logo of this car. Answer with a number in curly brackets, e.g., {9}.",5,4,False,Q2,384,main
car_068_notitle_Q2_px768,vlms-are-biased-notitle/car_logos/images/audi-black-suv_768.png,Logos,Car Logos,"Count the overlapping circles in the logo of this car. Answer with a number in curly brackets, e.g., {9}.",5,4,False,Q2,768,main
car_068_notitle_Q2_px1152,vlms-are-biased-notitle/car_logos/images/audi-black-suv_1152.png,Logos,Car Logos,"Count the overlapping circles in the logo of this car. Answer with a number in curly brackets, e.g., {9}.",5,4,False,Q2,1152,main
car_069_notitle_Q1_px384,vlms-are-biased-notitle/car_logos/images/audi-gray-sedan_384.png,Logos,Car Logos,"How many overlapping circles are there in the logo of this car? Answer with a number in curly brackets, e.g., {9}.",5,4,False,Q1,384,main
car_069_notitle_Q1_px768,vlms-are-biased-notitle/car_logos/images/audi-gray-sedan_768.png,Logos,Car Logos,"How many overlapping circles are there in the logo of this car? Answer with a number in curly brackets, e.g., {9}.",5,4,False,Q1,768,main
car_069_notitle_Q1_px1152,vlms-are-biased-notitle/car_logos/images/audi-gray-sedan_1152.png,Logos,Car Logos,"How many overlapping circles are there in the logo of this car? Answer with a number in curly brackets, e.g., {9}.",5,4,False,Q1,1152,main
car_069_notitle_Q2_px384,vlms-are-biased-notitle/car_logos/images/audi-gray-sedan_384.png,Logos,Car Logos,"Count the overlapping circles in the logo of this car. Answer with a number in curly brackets, e.g., {9}.",5,4,False,Q2,384,main
car_069_notitle_Q2_px768,vlms-are-biased-notitle/car_logos/images/audi-gray-sedan_768.png,Logos,Car Logos,"Count the overlapping circles in the logo of this car. Answer with a number in curly brackets, e.g., {9}.",5,4,False,Q2,768,main
car_069_notitle_Q2_px1152,vlms-are-biased-notitle/car_logos/images/audi-gray-sedan_1152.png,Logos,Car Logos,"Count the overlapping circles in the logo of this car. Answer with a number in curly brackets, e.g., {9}.",5,4,False,Q2,1152,main
car_070_notitle_Q1_px384,vlms-are-biased-notitle/car_logos/images/audi-gray-suv_384.png,Logos,Car Logos,"How many overlapping circles are there in the logo of this car? Answer with a number in curly brackets, e.g., {9}.",5,4,False,Q1,384,main
car_070_notitle_Q1_px768,vlms-are-biased-notitle/car_logos/images/audi-gray-suv_768.png,Logos,Car Logos,"How many overlapping circles are there in the logo of this car? Answer with a number in curly brackets, e.g., {9}.",5,4,False,Q1,768,main
car_070_notitle_Q1_px1152,vlms-are-biased-notitle/car_logos/images/audi-gray-suv_1152.png,Logos,Car Logos,"How many overlapping circles are there in the logo of this car? Answer with a number in curly brackets, e.g., {9}.",5,4,False,Q1,1152,main
car_070_notitle_Q2_px384,vlms-are-biased-notitle/car_logos/images/audi-gray-suv_384.png,Logos,Car Logos,"Count the overlapping circles in the logo of this car. Answer with a number in curly brackets, e.g., {9}.",5,4,False,Q2,384,main
car_070_notitle_Q2_px768,vlms-are-biased-notitle/car_logos/images/audi-gray-suv_768.png,Logos,Car Logos,"Count the overlapping circles in the logo of this car. Answer with a number in curly brackets, e.g., {9}.",5,4,False,Q2,768,main
car_070_notitle_Q2_px1152,vlms-are-biased-notitle/car_logos/images/audi-gray-suv_1152.png,Logos,Car Logos,"Count the overlapping circles in the logo of this car. Answer with a number in curly brackets, e.g., {9}.",5,4,False,Q2,1152,main
car_071_notitle_Q1_px384,vlms-are-biased-notitle/car_logos/images/audi-gray-coupe_384.png,Logos,Car Logos,"How many overlapping circles are there in the logo of this car? Answer with a number in curly brackets, e.g., {9}.",5,4,False,Q1,384,main
car_071_notitle_Q1_px768,vlms-are-biased-notitle/car_logos/images/audi-gray-coupe_768.png,Logos,Car Logos,"How many overlapping circles are there in the logo of this car? Answer with a number in curly brackets, e.g., {9}.",5,4,False,Q1,768,main
car_071_notitle_Q1_px1152,vlms-are-biased-notitle/car_logos/images/audi-gray-coupe_1152.png,Logos,Car Logos,"How many overlapping circles are there in the logo of this car? Answer with a number in curly brackets, e.g., {9}.",5,4,False,Q1,1152,main
car_071_notitle_Q2_px384,vlms-are-biased-notitle/car_logos/images/audi-gray-coupe_384.png,Logos,Car Logos,"Count the overlapping circles in the logo of this car. Answer with a number in curly brackets, e.g., {9}.",5,4,False,Q2,384,main
car_071_notitle_Q2_px768,vlms-are-biased-notitle/car_logos/images/audi-gray-coupe_768.png,Logos,Car Logos,"Count the overlapping circles in the logo of this car. Answer with a number in curly brackets, e.g., {9}.",5,4,False,Q2,768,main
car_071_notitle_Q2_px1152,vlms-are-biased-notitle/car_logos/images/audi-gray-coupe_1152.png,Logos,Car Logos,"Count the overlapping circles in the logo of this car. Answer with a number in curly brackets, e.g., {9}.",5,4,False,Q2,1152,main
car_072_notitle_Q1_px384,vlms-are-biased-notitle/car_logos/images/audi-gray-hatchback_384.png,Logos,Car Logos,"How many overlapping circles are there in the logo of this car? Answer with a number in curly brackets, e.g., {9}.",5,4,False,Q1,384,main
car_072_notitle_Q1_px768,vlms-are-biased-notitle/car_logos/images/audi-gray-hatchback_768.png,Logos,Car Logos,"How many overlapping circles are there in the logo of this car? Answer with a number in curly brackets, e.g., {9}.",5,4,False,Q1,768,main
car_072_notitle_Q1_px1152,vlms-are-biased-notitle/car_logos/images/audi-gray-hatchback_1152.png,Logos,Car Logos,"How many overlapping circles are there in the logo of this car? Answer with a number in curly brackets, e.g., {9}.",5,4,False,Q1,1152,main
car_072_notitle_Q2_px384,vlms-are-biased-notitle/car_logos/images/audi-gray-hatchback_384.png,Logos,Car Logos,"Count the overlapping circles in the logo of this car. Answer with a number in curly brackets, e.g., {9}.",5,4,False,Q2,384,main
car_072_notitle_Q2_px768,vlms-are-biased-notitle/car_logos/images/audi-gray-hatchback_768.png,Logos,Car Logos,"Count the overlapping circles in the logo of this car. Answer with a number in curly brackets, e.g., {9}.",5,4,False,Q2,768,main
car_072_notitle_Q2_px1152,vlms-are-biased-notitle/car_logos/images/audi-gray-hatchback_1152.png,Logos,Car Logos,"Count the overlapping circles in the logo of this car. Answer with a number in curly brackets, e.g., {9}.",5,4,False,Q2,1152,main
car_073_notitle_Q1_px384,vlms-are-biased-notitle/car_logos/images/audi-black-sedan_384.png,Logos,Car Logos,"How many overlapping circles are there in the logo of this car? Answer with a number in curly brackets, e.g., {9}.",5,4,False,Q1,384,main
car_073_notitle_Q1_px768,vlms-are-biased-notitle/car_logos/images/audi-black-sedan_768.png,Logos,Car Logos,"How many overlapping circles are there in the logo of this car? Answer with a number in curly brackets, e.g., {9}.",5,4,False,Q1,768,main
car_073_notitle_Q1_px1152,vlms-are-biased-notitle/car_logos/images/audi-black-sedan_1152.png,Logos,Car Logos,"How many overlapping circles are there in the logo of this car? Answer with a number in curly brackets, e.g., {9}.",5,4,False,Q1,1152,main
car_073_notitle_Q2_px384,vlms-are-biased-notitle/car_logos/images/audi-black-sedan_384.png,Logos,Car Logos,"Count the overlapping circles in the logo of this car. Answer with a number in curly brackets, e.g., {9}.",5,4,False,Q2,384,main
car_073_notitle_Q2_px768,vlms-are-biased-notitle/car_logos/images/audi-black-sedan_768.png,Logos,Car Logos,"Count the overlapping circles in the logo of this car. Answer with a number in curly brackets, e.g., {9}.",5,4,False,Q2,768,main
car_073_notitle_Q2_px1152,vlms-are-biased-notitle/car_logos/images/audi-black-sedan_1152.png,Logos,Car Logos,"Count the overlapping circles in the logo of this car. Answer with a number in curly brackets, e.g., {9}.",5,4,False,Q2,1152,main
car_074_notitle_Q1_px384,vlms-are-biased-notitle/car_logos/images/mercedes_benz-black-hatchback_384.png,Logos,Car Logos,"How many points are there on the star in the logo of this car? Answer with a number in curly brackets, e.g., {9}.",4,3,False,Q1,384,main
car_074_notitle_Q1_px768,vlms-are-biased-notitle/car_logos/images/mercedes_benz-black-hatchback_768.png,Logos,Car Logos,"How many points are there on the star in the logo of this car? Answer with a number in curly brackets, e.g., {9}.",4,3,False,Q1,768,main
car_074_notitle_Q1_px1152,vlms-are-biased-notitle/car_logos/images/mercedes_benz-black-hatchback_1152.png,Logos,Car Logos,"How many points are there on the star in the logo of this car? Answer with a number in curly brackets, e.g., {9}.",4,3,False,Q1,1152,main
car_074_notitle_Q2_px384,vlms-are-biased-notitle/car_logos/images/mercedes_benz-black-hatchback_384.png,Logos,Car Logos,"Count the points on the star in the logo of this car. Answer with a number in curly brackets, e.g., {9}.",4,3,False,Q2,384,main
car_074_notitle_Q2_px768,vlms-are-biased-notitle/car_logos/images/mercedes_benz-black-hatchback_768.png,Logos,Car Logos,"Count the points on the star in the logo of this car. Answer with a number in curly brackets, e.g., {9}.",4,3,False,Q2,768,main
car_074_notitle_Q2_px1152,vlms-are-biased-notitle/car_logos/images/mercedes_benz-black-hatchback_1152.png,Logos,Car Logos,"Count the points on the star in the logo of this car. Answer with a number in curly brackets, e.g., {9}.",4,3,False,Q2,1152,main
car_075_notitle_Q1_px384,vlms-are-biased-notitle/car_logos/images/mercedes_benz-black-sedan_384.png,Logos,Car Logos,"How many points are there on the star in the logo of this car? Answer with a number in curly brackets, e.g., {9}.",4,3,False,Q1,384,main
car_075_notitle_Q1_px768,vlms-are-biased-notitle/car_logos/images/mercedes_benz-black-sedan_768.png,Logos,Car Logos,"How many points are there on the star in the logo of this car? Answer with a number in curly brackets, e.g., {9}.",4,3,False,Q1,768,main
car_075_notitle_Q1_px1152,vlms-are-biased-notitle/car_logos/images/mercedes_benz-black-sedan_1152.png,Logos,Car Logos,"How many points are there on the star in the logo of this car? Answer with a number in curly brackets, e.g., {9}.",4,3,False,Q1,1152,main
car_075_notitle_Q2_px384,vlms-are-biased-notitle/car_logos/images/mercedes_benz-black-sedan_384.png,Logos,Car Logos,"Count the points on the star in the logo of this car. Answer with a number in curly brackets, e.g., {9}.",4,3,False,Q2,384,main
car_075_notitle_Q2_px768,vlms-are-biased-notitle/car_logos/images/mercedes_benz-black-sedan_768.png,Logos,Car Logos,"Count the points on the star in the logo of this car. Answer with a number in curly brackets, e.g., {9}.",4,3,False,Q2,768,main
car_075_notitle_Q2_px1152,vlms-are-biased-notitle/car_logos/images/mercedes_benz-black-sedan_1152.png,Logos,Car Logos,"Count the points on the star in the logo of this car. Answer with a number in curly brackets, e.g., {9}.",4,3,False,Q2,1152,main
flag_stars_001_notitle_Q1_px384,vlms-are-biased-notitle/flag_stars/images/Flag of Europe-stars=13_384.png,Flags,Flags 2D Stars,"How many stars are there in this flag? Answer with a number in curly brackets, e.g., {9}.",13,12,False,Q1,384,main
flag_stars_001_notitle_Q1_px768,vlms-are-biased-notitle/flag_stars/images/Flag of Europe-stars=13_768.png,Flags,Flags 2D Stars,"How many stars are there in this flag? Answer with a number in curly brackets, e.g., {9}.",13,12,False,Q1,768,main
flag_stars_001_notitle_Q1_px1152,vlms-are-biased-notitle/flag_stars/images/Flag of Europe-stars=13_1152.png,Flags,Flags 2D Stars,"How many stars are there in this flag? Answer with a number in curly brackets, e.g., {9}.",13,12,False,Q1,1152,main
flag_stars_001_notitle_Q2_px384,vlms-are-biased-notitle/flag_stars/images/Flag of Europe-stars=13_384.png,Flags,Flags 2D Stars,"Count the stars in this flag. Answer with a number in curly brackets, e.g., {9}.",13,12,False,Q2,384,main
flag_stars_001_notitle_Q2_px768,vlms-are-biased-notitle/flag_stars/images/Flag of Europe-stars=13_768.png,Flags,Flags 2D Stars,"Count the stars in this flag. Answer with a number in curly brackets, e.g., {9}.",13,12,False,Q2,768,main
flag_stars_001_notitle_Q2_px1152,vlms-are-biased-notitle/flag_stars/images/Flag of Europe-stars=13_1152.png,Flags,Flags 2D Stars,"Count the stars in this flag. Answer with a number in curly brackets, e.g., {9}.",13,12,False,Q2,1152,main
flag_stars_002_notitle_Q1_px384,vlms-are-biased-notitle/flag_stars/images/Flag of Grenada-stars=8_384.png,Flags,Flags 2D Stars,"How many stars are there in this flag? Answer with a number in curly brackets, e.g., {9}.",8,7,False,Q1,384,main
flag_stars_002_notitle_Q1_px768,vlms-are-biased-notitle/flag_stars/images/Flag of Grenada-stars=8_768.png,Flags,Flags 2D Stars,"How many stars are there in this flag? Answer with a number in curly brackets, e.g., {9}.",8,7,False,Q1,768,main
flag_stars_002_notitle_Q1_px1152,vlms-are-biased-notitle/flag_stars/images/Flag of Grenada-stars=8_1152.png,Flags,Flags 2D Stars,"How many stars are there in this flag? Answer with a number in curly brackets, e.g., {9}.",8,7,False,Q1,1152,main
flag_stars_002_notitle_Q2_px384,vlms-are-biased-notitle/flag_stars/images/Flag of Grenada-stars=8_384.png,Flags,Flags 2D Stars,"Count the stars in this flag. Answer with a number in curly brackets, e.g., {9}.",8,7,False,Q2,384,main
flag_stars_002_notitle_Q2_px768,vlms-are-biased-notitle/flag_stars/images/Flag of Grenada-stars=8_768.png,Flags,Flags 2D Stars,"Count the stars in this flag. Answer with a number in curly brackets, e.g., {9}.",8,7,False,Q2,768,main
flag_stars_002_notitle_Q2_px1152,vlms-are-biased-notitle/flag_stars/images/Flag of Grenada-stars=8_1152.png,Flags,Flags 2D Stars,"Count the stars in this flag. Answer with a number in curly brackets, e.g., {9}.",8,7,False,Q2,1152,main
flag_stars_003_notitle_Q1_px384,vlms-are-biased-notitle/flag_stars/images/Flag of Singapore-stars=4_384.png,Flags,Flags 2D Stars,"How many stars are there in this flag? Answer with a number in curly brackets, e.g., {9}.",4,5,False,Q1,384,main
flag_stars_003_notitle_Q1_px768,vlms-are-biased-notitle/flag_stars/images/Flag of Singapore-stars=4_768.png,Flags,Flags 2D Stars,"How many stars are there in this flag? Answer with a number in curly brackets, e.g., {9}.",4,5,False,Q1,768,main
flag_stars_003_notitle_Q1_px1152,vlms-are-biased-notitle/flag_stars/images/Flag of Singapore-stars=4_1152.png,Flags,Flags 2D Stars,"How many stars are there in this flag? Answer with a number in curly brackets, e.g., {9}.",4,5,False,Q1,1152,main
flag_stars_003_notitle_Q2_px384,vlms-are-biased-notitle/flag_stars/images/Flag of Singapore-stars=4_384.png,Flags,Flags 2D Stars,"Count the stars in this flag. Answer with a number in curly brackets, e.g., {9}.",4,5,False,Q2,384,main
flag_stars_003_notitle_Q2_px768,vlms-are-biased-notitle/flag_stars/images/Flag of Singapore-stars=4_768.png,Flags,Flags 2D Stars,"Count the stars in this flag. Answer with a number in curly brackets, e.g., {9}.",4,5,False,Q2,768,main
flag_stars_003_notitle_Q2_px1152,vlms-are-biased-notitle/flag_stars/images/Flag of Singapore-stars=4_1152.png,Flags,Flags 2D Stars,"Count the stars in this flag. Answer with a number in curly brackets, e.g., {9}.",4,5,False,Q2,1152,main
flag_stars_004_notitle_Q1_px384,vlms-are-biased-notitle/flag_stars/images/Flag of New Zealand-stars=5_384.png,Flags,Flags 2D Stars,"How many stars are there in this flag? Answer with a number in curly brackets, e.g., {9}.",5,4,False,Q1,384,main
flag_stars_004_notitle_Q1_px768,vlms-are-biased-notitle/flag_stars/images/Flag of New Zealand-stars=5_768.png,Flags,Flags 2D Stars,"How many stars are there in this flag? Answer with a number in curly brackets, e.g., {9}.",5,4,False,Q1,768,main
flag_stars_004_notitle_Q1_px1152,vlms-are-biased-notitle/flag_stars/images/Flag of New Zealand-stars=5_1152.png,Flags,Flags 2D Stars,"How many stars are there in this flag? Answer with a number in curly brackets, e.g., {9}.",5,4,False,Q1,1152,main
flag_stars_004_notitle_Q2_px384,vlms-are-biased-notitle/flag_stars/images/Flag of New Zealand-stars=5_384.png,Flags,Flags 2D Stars,"Count the stars in this flag. Answer with a number in curly brackets, e.g., {9}.",5,4,False,Q2,384,main
flag_stars_004_notitle_Q2_px768,vlms-are-biased-notitle/flag_stars/images/Flag of New Zealand-stars=5_768.png,Flags,Flags 2D Stars,"Count the stars in this flag. Answer with a number in curly brackets, e.g., {9}.",5,4,False,Q2,768,main
flag_stars_004_notitle_Q2_px1152,vlms-are-biased-notitle/flag_stars/images/Flag of New Zealand-stars=5_1152.png,Flags,Flags 2D Stars,"Count the stars in this flag. Answer with a number in curly brackets, e.g., {9}.",5,4,False,Q2,1152,main
flag_stars_005_notitle_Q1_px384,vlms-are-biased-notitle/flag_stars/images/Flag of New Zealand-stars=3_384.png,Flags,Flags 2D Stars,"How many stars are there in this flag? Answer with a number in curly brackets, e.g., {9}.",3,4,False,Q1,384,main
flag_stars_005_notitle_Q1_px768,vlms-are-biased-notitle/flag_stars/images/Flag of New Zealand-stars=3_768.png,Flags,Flags 2D Stars,"How many stars are there in this flag? Answer with a number in curly brackets, e.g., {9}.",3,4,False,Q1,768,main
flag_stars_005_notitle_Q1_px1152,vlms-are-biased-notitle/flag_stars/images/Flag of New Zealand-stars=3_1152.png,Flags,Flags 2D Stars,"How many stars are there in this flag? Answer with a number in curly brackets, e.g., {9}.",3,4,False,Q1,1152,main
flag_stars_005_notitle_Q2_px384,vlms-are-biased-notitle/flag_stars/images/Flag of New Zealand-stars=3_384.png,Flags,Flags 2D Stars,"Count the stars in this flag. Answer with a number in curly brackets, e.g., {9}.",3,4,False,Q2,384,main
flag_stars_005_notitle_Q2_px768,vlms-are-biased-notitle/flag_stars/images/Flag of New Zealand-stars=3_768.png,Flags,Flags 2D Stars,"Count the stars in this flag. Answer with a number in curly brackets, e.g., {9}.",3,4,False,Q2,768,main
flag_stars_005_notitle_Q2_px1152,vlms-are-biased-notitle/flag_stars/images/Flag of New Zealand-stars=3_1152.png,Flags,Flags 2D Stars,"Count the stars in this flag. Answer with a number in curly brackets, e.g., {9}.",3,4,False,Q2,1152,main
flag_stars_006_notitle_Q1_px384,vlms-are-biased-notitle/flag_stars/images/Flag of the Philippines-stars=4_384.png,Flags,Flags 2D Stars,"How many stars are there in this flag? Answer with a number in curly brackets, e.g., {9}.",4,3,False,Q1,384,main
flag_stars_006_notitle_Q1_px768,vlms-are-biased-notitle/flag_stars/images/Flag of the Philippines-stars=4_768.png,Flags,Flags 2D Stars,"How many stars are there in this flag? Answer with a number in curly brackets, e.g., {9}.",4,3,False,Q1,768,main
flag_stars_006_notitle_Q1_px1152,vlms-are-biased-notitle/flag_stars/images/Flag of the Philippines-stars=4_1152.png,Flags,Flags 2D Stars,"How many stars are there in this flag? Answer with a number in curly brackets, e.g., {9}.",4,3,False,Q1,1152,main
flag_stars_006_notitle_Q2_px384,vlms-are-biased-notitle/flag_stars/images/Flag of the Philippines-stars=4_384.png,Flags,Flags 2D Stars,"Count the stars in this flag. Answer with a number in curly brackets, e.g., {9}.",4,3,False,Q2,384,main
flag_stars_006_notitle_Q2_px768,vlms-are-biased-notitle/flag_stars/images/Flag of the Philippines-stars=4_768.png,Flags,Flags 2D Stars,"Count the stars in this flag. Answer with a number in curly brackets, e.g., {9}.",4,3,False,Q2,768,main
flag_stars_006_notitle_Q2_px1152,vlms-are-biased-notitle/flag_stars/images/Flag of the Philippines-stars=4_1152.png,Flags,Flags 2D Stars,"Count the stars in this flag. Answer with a number in curly brackets, e.g., {9}.",4,3,False,Q2,1152,main
flag_stars_007_notitle_Q1_px384,vlms-are-biased-notitle/flag_stars/images/Flag of the Philippines-stars=2_384.png,Flags,Flags 2D Stars,"How many stars are there in this flag? Answer with a number in curly brackets, e.g., {9}.",2,3,False,Q1,384,main
flag_stars_007_notitle_Q1_px768,vlms-are-biased-notitle/flag_stars/images/Flag of the Philippines-stars=2_768.png,Flags,Flags 2D Stars,"How many stars are there in this flag? Answer with a number in curly brackets, e.g., {9}.",2,3,False,Q1,768,main
flag_stars_007_notitle_Q1_px1152,vlms-are-biased-notitle/flag_stars/images/Flag of the Philippines-stars=2_1152.png,Flags,Flags 2D Stars,"How many stars are there in this flag? Answer with a number in curly brackets, e.g., {9}.",2,3,False,Q1,1152,main
flag_stars_007_notitle_Q2_px384,vlms-are-biased-notitle/flag_stars/images/Flag of the Philippines-stars=2_384.png,Flags,Flags 2D Stars,"Count the stars in this flag. Answer with a number in curly brackets, e.g., {9}.",2,3,False,Q2,384,main
flag_stars_007_notitle_Q2_px768,vlms-are-biased-notitle/flag_stars/images/Flag of the Philippines-stars=2_768.png,Flags,Flags 2D Stars,"Count the stars in this flag. Answer with a number in curly brackets, e.g., {9}.",2,3,False,Q2,768,main
flag_stars_007_notitle_Q2_px1152,vlms-are-biased-notitle/flag_stars/images/Flag of the Philippines-stars=2_1152.png,Flags,Flags 2D Stars,"Count the stars in this flag. Answer with a number in curly brackets, e.g., {9}.",2,3,False,Q2,1152,main
flag_stars_008_notitle_Q1_px384,vlms-are-biased-notitle/flag_stars/images/Flag of Comoros-stars=5_384.png,Flags,Flags 2D Stars,"How many stars are there in this flag? Answer with a number in curly brackets, e.g., {9}.",5,4,False,Q1,384,main
flag_stars_008_notitle_Q1_px768,vlms-are-biased-notitle/flag_stars/images/Flag of Comoros-stars=5_768.png,Flags,Flags 2D Stars,"How many stars are there in this flag? Answer with a number in curly brackets, e.g., {9}.",5,4,False,Q1,768,main
flag_stars_008_notitle_Q1_px1152,vlms-are-biased-notitle/flag_stars/images/Flag of Comoros-stars=5_1152.png,Flags,Flags 2D Stars,"How many stars are there in this flag? Answer with a number in curly brackets, e.g., {9}.",5,4,False,Q1,1152,main
flag_stars_008_notitle_Q2_px384,vlms-are-biased-notitle/flag_stars/images/Flag of Comoros-stars=5_384.png,Flags,Flags 2D Stars,"Count the stars in this flag. Answer with a number in curly brackets, e.g., {9}.",5,4,False,Q2,384,main
flag_stars_008_notitle_Q2_px768,vlms-are-biased-notitle/flag_stars/images/Flag of Comoros-stars=5_768.png,Flags,Flags 2D Stars,"Count the stars in this flag. Answer with a number in curly brackets, e.g., {9}.",5,4,False,Q2,768,main
flag_stars_008_notitle_Q2_px1152,vlms-are-biased-notitle/flag_stars/images/Flag of Comoros-stars=5_1152.png,Flags,Flags 2D Stars,"Count the stars in this flag. Answer with a number in curly brackets, e.g., {9}.",5,4,False,Q2,1152,main
flag_stars_009_notitle_Q1_px384,vlms-are-biased-notitle/flag_stars/images/Flag of Comoros-stars=3_384.png,Flags,Flags 2D Stars,"How many stars are there in this flag? Answer with a number in curly brackets, e.g., {9}.",3,4,False,Q1,384,main
flag_stars_009_notitle_Q1_px768,vlms-are-biased-notitle/flag_stars/images/Flag of Comoros-stars=3_768.png,Flags,Flags 2D Stars,"How many stars are there in this flag? Answer with a number in curly brackets, e.g., {9}.",3,4,False,Q1,768,main
flag_stars_009_notitle_Q1_px1152,vlms-are-biased-notitle/flag_stars/images/Flag of Comoros-stars=3_1152.png,Flags,Flags 2D Stars,"How many stars are there in this flag? Answer with a number in curly brackets, e.g., {9}.",3,4,False,Q1,1152,main
flag_stars_009_notitle_Q2_px384,vlms-are-biased-notitle/flag_stars/images/Flag of Comoros-stars=3_384.png,Flags,Flags 2D Stars,"Count the stars in this flag. Answer with a number in curly brackets, e.g., {9}.",3,4,False,Q2,384,main
flag_stars_009_notitle_Q2_px768,vlms-are-biased-notitle/flag_stars/images/Flag of Comoros-stars=3_768.png,Flags,Flags 2D Stars,"Count the stars in this flag. Answer with a number in curly brackets, e.g., {9}.",3,4,False,Q2,768,main
flag_stars_009_notitle_Q2_px1152,vlms-are-biased-notitle/flag_stars/images/Flag of Comoros-stars=3_1152.png,Flags,Flags 2D Stars,"Count the stars in this flag. Answer with a number in curly brackets, e.g., {9}.",3,4,False,Q2,1152,main
flag_stars_0010_notitle_Q1_px384,vlms-are-biased-notitle/flag_stars/images/Flag of Venezuela-stars=7_384.png,Flags,Flags 2D Stars,"How many stars are there in this flag? Answer with a number in curly brackets, e.g., {9}.",7,8,False,Q1,384,main
flag_stars_0010_notitle_Q1_px768,vlms-are-biased-notitle/flag_stars/images/Flag of Venezuela-stars=7_768.png,Flags,Flags 2D Stars,"How many stars are there in this flag? Answer with a number in curly brackets, e.g., {9}.",7,8,False,Q1,768,main
flag_stars_0010_notitle_Q1_px1152,vlms-are-biased-notitle/flag_stars/images/Flag of Venezuela-stars=7_1152.png,Flags,Flags 2D Stars,"How many stars are there in this flag? Answer with a number in curly brackets, e.g., {9}.",7,8,False,Q1,1152,main
flag_stars_0010_notitle_Q2_px384,vlms-are-biased-notitle/flag_stars/images/Flag of Venezuela-stars=7_384.png,Flags,Flags 2D Stars,"Count the stars in this flag. Answer with a number in curly brackets, e.g., {9}.",7,8,False,Q2,384,main
flag_stars_0010_notitle_Q2_px768,vlms-are-biased-notitle/flag_stars/images/Flag of Venezuela-stars=7_768.png,Flags,Flags 2D Stars,"Count the stars in this flag. Answer with a number in curly brackets, e.g., {9}.",7,8,False,Q2,768,main
flag_stars_0010_notitle_Q2_px1152,vlms-are-biased-notitle/flag_stars/images/Flag of Venezuela-stars=7_1152.png,Flags,Flags 2D Stars,"Count the stars in this flag. Answer with a number in curly brackets, e.g., {9}.",7,8,False,Q2,1152,main
flag_stars_011_notitle_Q1_px384,vlms-are-biased-notitle/flag_stars/images/Flag of Uzbekistan-stars=13_384.png,Flags,Flags 2D Stars,"How many stars are there in this flag? Answer with a number in curly brackets, e.g., {9}.",13,12,False,Q1,384,main
flag_stars_011_notitle_Q1_px768,vlms-are-biased-notitle/flag_stars/images/Flag of Uzbekistan-stars=13_768.png,Flags,Flags 2D Stars,"How many stars are there in this flag? Answer with a number in curly brackets, e.g., {9}.",13,12,False,Q1,768,main
flag_stars_011_notitle_Q1_px1152,vlms-are-biased-notitle/flag_stars/images/Flag of Uzbekistan-stars=13_1152.png,Flags,Flags 2D Stars,"How many stars are there in this flag? Answer with a number in curly brackets, e.g., {9}.",13,12,False,Q1,1152,main
flag_stars_011_notitle_Q2_px384,vlms-are-biased-notitle/flag_stars/images/Flag of Uzbekistan-stars=13_384.png,Flags,Flags 2D Stars,"Count the stars in this flag. Answer with a number in curly brackets, e.g., {9}.",13,12,False,Q2,384,main
flag_stars_011_notitle_Q2_px768,vlms-are-biased-notitle/flag_stars/images/Flag of Uzbekistan-stars=13_768.png,Flags,Flags 2D Stars,"Count the stars in this flag. Answer with a number in curly brackets, e.g., {9}.",13,12,False,Q2,768,main
flag_stars_011_notitle_Q2_px1152,vlms-are-biased-notitle/flag_stars/images/Flag of Uzbekistan-stars=13_1152.png,Flags,Flags 2D Stars,"Count the stars in this flag. Answer with a number in curly brackets, e.g., {9}.",13,12,False,Q2,1152,main
flag_stars_012_notitle_Q1_px384,vlms-are-biased-notitle/flag_stars/images/Flag of Uzbekistan-stars=11_384.png,Flags,Flags 2D Stars,"How many stars are there in this flag? Answer with a number in curly brackets, e.g., {9}.",11,12,False,Q1,384,main
flag_stars_012_notitle_Q1_px768,vlms-are-biased-notitle/flag_stars/images/Flag of Uzbekistan-stars=11_768.png,Flags,Flags 2D Stars,"How many stars are there in this flag? Answer with a number in curly brackets, e.g., {9}.",11,12,False,Q1,768,main
flag_stars_012_notitle_Q1_px1152,vlms-are-biased-notitle/flag_stars/images/Flag of Uzbekistan-stars=11_1152.png,Flags,Flags 2D Stars,"How many stars are there in this flag? Answer with a number in curly brackets, e.g., {9}.",11,12,False,Q1,1152,main
flag_stars_012_notitle_Q2_px384,vlms-are-biased-notitle/flag_stars/images/Flag of Uzbekistan-stars=11_384.png,Flags,Flags 2D Stars,"Count the stars in this flag. Answer with a number in curly brackets, e.g., {9}.",11,12,False,Q2,384,main
flag_stars_012_notitle_Q2_px768,vlms-are-biased-notitle/flag_stars/images/Flag of Uzbekistan-stars=11_768.png,Flags,Flags 2D Stars,"Count the stars in this flag. Answer with a number in curly brackets, e.g., {9}.",11,12,False,Q2,768,main
flag_stars_012_notitle_Q2_px1152,vlms-are-biased-notitle/flag_stars/images/Flag of Uzbekistan-stars=11_1152.png,Flags,Flags 2D Stars,"Count the stars in this flag. Answer with a number in curly brackets, e.g., {9}.",11,12,False,Q2,1152,main
flag_stars_013_notitle_Q1_px384,vlms-are-biased-notitle/flag_stars/images/Flag of China-stars=6_384.png,Flags,Flags 2D Stars,"How many stars are there in this flag? Answer with a number in curly brackets, e.g., {9}.",6,5,False,Q1,384,main
flag_stars_013_notitle_Q1_px768,vlms-are-biased-notitle/flag_stars/images/Flag of China-stars=6_768.png,Flags,Flags 2D Stars,"How many stars are there in this flag? Answer with a number in curly brackets, e.g., {9}.",6,5,False,Q1,768,main
flag_stars_013_notitle_Q1_px1152,vlms-are-biased-notitle/flag_stars/images/Flag of China-stars=6_1152.png,Flags,Flags 2D Stars,"How many stars are there in this flag? Answer with a number in curly brackets, e.g., {9}.",6,5,False,Q1,1152,main
flag_stars_013_notitle_Q2_px384,vlms-are-biased-notitle/flag_stars/images/Flag of China-stars=6_384.png,Flags,Flags 2D Stars,"Count the stars in this flag. Answer with a number in curly brackets, e.g., {9}.",6,5,False,Q2,384,main
flag_stars_013_notitle_Q2_px768,vlms-are-biased-notitle/flag_stars/images/Flag of China-stars=6_768.png,Flags,Flags 2D Stars,"Count the stars in this flag. Answer with a number in curly brackets, e.g., {9}.",6,5,False,Q2,768,main
flag_stars_013_notitle_Q2_px1152,vlms-are-biased-notitle/flag_stars/images/Flag of China-stars=6_1152.png,Flags,Flags 2D Stars,"Count the stars in this flag. Answer with a number in curly brackets, e.g., {9}.",6,5,False,Q2,1152,main
flag_stars_014_notitle_Q1_px384,vlms-are-biased-notitle/flag_stars/images/Flag of China-stars=4_384.png,Flags,Flags 2D Stars,"How many stars are there in this flag? Answer with a number in curly brackets, e.g., {9}.",4,5,False,Q1,384,main
flag_stars_014_notitle_Q1_px768,vlms-are-biased-notitle/flag_stars/images/Flag of China-stars=4_768.png,Flags,Flags 2D Stars,"How many stars are there in this flag? Answer with a number in curly brackets, e.g., {9}.",4,5,False,Q1,768,main
flag_stars_014_notitle_Q1_px1152,vlms-are-biased-notitle/flag_stars/images/Flag of China-stars=4_1152.png,Flags,Flags 2D Stars,"How many stars are there in this flag? Answer with a number in curly brackets, e.g., {9}.",4,5,False,Q1,1152,main
flag_stars_014_notitle_Q2_px384,vlms-are-biased-notitle/flag_stars/images/Flag of China-stars=4_384.png,Flags,Flags 2D Stars,"Count the stars in this flag. Answer with a number in curly brackets, e.g., {9}.",4,5,False,Q2,384,main
flag_stars_014_notitle_Q2_px768,vlms-are-biased-notitle/flag_stars/images/Flag of China-stars=4_768.png,Flags,Flags 2D Stars,"Count the stars in this flag. Answer with a number in curly brackets, e.g., {9}.",4,5,False,Q2,768,main
flag_stars_014_notitle_Q2_px1152,vlms-are-biased-notitle/flag_stars/images/Flag of China-stars=4_1152.png,Flags,Flags 2D Stars,"Count the stars in this flag. Answer with a number in curly brackets, e.g., {9}.",4,5,False,Q2,1152,main
flag_stars_015_notitle_Q1_px384,vlms-are-biased-notitle/flag_stars/images/Flag of Cape Verde-stars=11_384.png,Flags,Flags 2D Stars,"How many stars are there in this flag? Answer with a number in curly brackets, e.g., {9}.",11,10,False,Q1,384,main
flag_stars_015_notitle_Q1_px768,vlms-are-biased-notitle/flag_stars/images/Flag of Cape Verde-stars=11_768.png,Flags,Flags 2D Stars,"How many stars are there in this flag? Answer with a number in curly brackets, e.g., {9}.",11,10,False,Q1,768,main
flag_stars_015_notitle_Q1_px1152,vlms-are-biased-notitle/flag_stars/images/Flag of Cape Verde-stars=11_1152.png,Flags,Flags 2D Stars,"How many stars are there in this flag? Answer with a number in curly brackets, e.g., {9}.",11,10,False,Q1,1152,main
flag_stars_015_notitle_Q2_px384,vlms-are-biased-notitle/flag_stars/images/Flag of Cape Verde-stars=11_384.png,Flags,Flags 2D Stars,"Count the stars in this flag. Answer with a number in curly brackets, e.g., {9}.",11,10,False,Q2,384,main
flag_stars_015_notitle_Q2_px768,vlms-are-biased-notitle/flag_stars/images/Flag of Cape Verde-stars=11_768.png,Flags,Flags 2D Stars,"Count the stars in this flag. Answer with a number in curly brackets, e.g., {9}.",11,10,False,Q2,768,main
flag_stars_015_notitle_Q2_px1152,vlms-are-biased-notitle/flag_stars/images/Flag of Cape Verde-stars=11_1152.png,Flags,Flags 2D Stars,"Count the stars in this flag. Answer with a number in curly brackets, e.g., {9}.",11,10,False,Q2,1152,main
flag_stars_016_notitle_Q1_px384,vlms-are-biased-notitle/flag_stars/images/Flag of Cape Verde-stars=9_384.png,Flags,Flags 2D Stars,"How many stars are there in this flag? Answer with a number in curly brackets, e.g., {9}.",9,10,False,Q1,384,main
flag_stars_016_notitle_Q1_px768,vlms-are-biased-notitle/flag_stars/images/Flag of Cape Verde-stars=9_768.png,Flags,Flags 2D Stars,"How many stars are there in this flag? Answer with a number in curly brackets, e.g., {9}.",9,10,False,Q1,768,main
flag_stars_016_notitle_Q1_px1152,vlms-are-biased-notitle/flag_stars/images/Flag of Cape Verde-stars=9_1152.png,Flags,Flags 2D Stars,"How many stars are there in this flag? Answer with a number in curly brackets, e.g., {9}.",9,10,False,Q1,1152,main
flag_stars_016_notitle_Q2_px384,vlms-are-biased-notitle/flag_stars/images/Flag of Cape Verde-stars=9_384.png,Flags,Flags 2D Stars,"Count the stars in this flag. Answer with a number in curly brackets, e.g., {9}.",9,10,False,Q2,384,main
flag_stars_016_notitle_Q2_px768,vlms-are-biased-notitle/flag_stars/images/Flag of Cape Verde-stars=9_768.png,Flags,Flags 2D Stars,"Count the stars in this flag. Answer with a number in curly brackets, e.g., {9}.",9,10,False,Q2,768,main
flag_stars_016_notitle_Q2_px1152,vlms-are-biased-notitle/flag_stars/images/Flag of Cape Verde-stars=9_1152.png,Flags,Flags 2D Stars,"Count the stars in this flag. Answer with a number in curly brackets, e.g., {9}.",9,10,False,Q2,1152,main
flag_stars_017_notitle_Q1_px384,vlms-are-biased-notitle/flag_stars/images/Flag of Burundi-stars=4_384.png,Flags,Flags 2D Stars,"How many stars are there in this flag? Answer with a number in curly brackets, e.g., {9}.",4,3,False,Q1,384,main
flag_stars_017_notitle_Q1_px768,vlms-are-biased-notitle/flag_stars/images/Flag of Burundi-stars=4_768.png,Flags,Flags 2D Stars,"How many stars are there in this flag? Answer with a number in curly brackets, e.g., {9}.",4,3,False,Q1,768,main
flag_stars_017_notitle_Q1_px1152,vlms-are-biased-notitle/flag_stars/images/Flag of Burundi-stars=4_1152.png,Flags,Flags 2D Stars,"How many stars are there in this flag? Answer with a number in curly brackets, e.g., {9}.",4,3,False,Q1,1152,main
flag_stars_017_notitle_Q2_px384,vlms-are-biased-notitle/flag_stars/images/Flag of Burundi-stars=4_384.png,Flags,Flags 2D Stars,"Count the stars in this flag. Answer with a number in curly brackets, e.g., {9}.",4,3,False,Q2,384,main
flag_stars_017_notitle_Q2_px768,vlms-are-biased-notitle/flag_stars/images/Flag of Burundi-stars=4_768.png,Flags,Flags 2D Stars,"Count the stars in this flag. Answer with a number in curly brackets, e.g., {9}.",4,3,False,Q2,768,main
flag_stars_017_notitle_Q2_px1152,vlms-are-biased-notitle/flag_stars/images/Flag of Burundi-stars=4_1152.png,Flags,Flags 2D Stars,"Count the stars in this flag. Answer with a number in curly brackets, e.g., {9}.",4,3,False,Q2,1152,main
flag_stars_018_notitle_Q1_px384,vlms-are-biased-notitle/flag_stars/images/Flag of Burundi-stars=2_384.png,Flags,Flags 2D Stars,"How many stars are there in this flag? Answer with a number in curly brackets, e.g., {9}.",2,3,False,Q1,384,main
flag_stars_018_notitle_Q1_px768,vlms-are-biased-notitle/flag_stars/images/Flag of Burundi-stars=2_768.png,Flags,Flags 2D Stars,"How many stars are there in this flag? Answer with a number in curly brackets, e.g., {9}.",2,3,False,Q1,768,main
flag_stars_018_notitle_Q1_px1152,vlms-are-biased-notitle/flag_stars/images/Flag of Burundi-stars=2_1152.png,Flags,Flags 2D Stars,"How many stars are there in this flag? Answer with a number in curly brackets, e.g., {9}.",2,3,False,Q1,1152,main
flag_stars_018_notitle_Q2_px384,vlms-are-biased-notitle/flag_stars/images/Flag of Burundi-stars=2_384.png,Flags,Flags 2D Stars,"Count the stars in this flag. Answer with a number in curly brackets, e.g., {9}.",2,3,False,Q2,384,main
flag_stars_018_notitle_Q2_px768,vlms-are-biased-notitle/flag_stars/images/Flag of Burundi-stars=2_768.png,Flags,Flags 2D Stars,"Count the stars in this flag. Answer with a number in curly brackets, e.g., {9}.",2,3,False,Q2,768,main
flag_stars_018_notitle_Q2_px1152,vlms-are-biased-notitle/flag_stars/images/Flag of Burundi-stars=2_1152.png,Flags,Flags 2D Stars,"Count the stars in this flag. Answer with a number in curly brackets, e.g., {9}.",2,3,False,Q2,1152,main
flag_stars_019_notitle_Q1_px384,vlms-are-biased-notitle/flag_stars/images/Flag of Australia-stars=7_384.png,Flags,Flags 2D Stars,"How many stars are there in this flag? Answer with a number in curly brackets, e.g., {9}.",7,6,False,Q1,384,main
flag_stars_019_notitle_Q1_px768,vlms-are-biased-notitle/flag_stars/images/Flag of Australia-stars=7_768.png,Flags,Flags 2D Stars,"How many stars are there in this flag? Answer with a number in curly brackets, e.g., {9}.",7,6,False,Q1,768,main
flag_stars_019_notitle_Q1_px1152,vlms-are-biased-notitle/flag_stars/images/Flag of Australia-stars=7_1152.png,Flags,Flags 2D Stars,"How many stars are there in this flag? Answer with a number in curly brackets, e.g., {9}.",7,6,False,Q1,1152,main
flag_stars_019_notitle_Q2_px384,vlms-are-biased-notitle/flag_stars/images/Flag of Australia-stars=7_384.png,Flags,Flags 2D Stars,"Count the stars in this flag. Answer with a number in curly brackets, e.g., {9}.",7,6,False,Q2,384,main
flag_stars_019_notitle_Q2_px768,vlms-are-biased-notitle/flag_stars/images/Flag of Australia-stars=7_768.png,Flags,Flags 2D Stars,"Count the stars in this flag. Answer with a number in curly brackets, e.g., {9}.",7,6,False,Q2,768,main
flag_stars_019_notitle_Q2_px1152,vlms-are-biased-notitle/flag_stars/images/Flag of Australia-stars=7_1152.png,Flags,Flags 2D Stars,"Count the stars in this flag. Answer with a number in curly brackets, e.g., {9}.",7,6,False,Q2,1152,main
flag_stars_020_notitle_Q1_px384,vlms-are-biased-notitle/flag_stars/images/Flag of Australia-stars=5_384.png,Flags,Flags 2D Stars,"How many stars are there in this flag? Answer with a number in curly brackets, e.g., {9}.",5,6,False,Q1,384,main
flag_stars_020_notitle_Q1_px768,vlms-are-biased-notitle/flag_stars/images/Flag of Australia-stars=5_768.png,Flags,Flags 2D Stars,"How many stars are there in this flag? Answer with a number in curly brackets, e.g., {9}.",5,6,False,Q1,768,main
flag_stars_020_notitle_Q1_px1152,vlms-are-biased-notitle/flag_stars/images/Flag of Australia-stars=5_1152.png,Flags,Flags 2D Stars,"How many stars are there in this flag? Answer with a number in curly brackets, e.g., {9}.",5,6,False,Q1,1152,main
flag_stars_020_notitle_Q2_px384,vlms-are-biased-notitle/flag_stars/images/Flag of Australia-stars=5_384.png,Flags,Flags 2D Stars,"Count the stars in this flag. Answer with a number in curly brackets, e.g., {9}.",5,6,False,Q2,384,main
flag_stars_020_notitle_Q2_px768,vlms-are-biased-notitle/flag_stars/images/Flag of Australia-stars=5_768.png,Flags,Flags 2D Stars,"Count the stars in this flag. Answer with a number in curly brackets, e.g., {9}.",5,6,False,Q2,768,main
flag_stars_020_notitle_Q2_px1152,vlms-are-biased-notitle/flag_stars/images/Flag of Australia-stars=5_1152.png,Flags,Flags 2D Stars,"Count the stars in this flag. Answer with a number in curly brackets, e.g., {9}.",5,6,False,Q2,1152,main
flag_stars_021_notitle_Q1_px384,vlms-are-biased-notitle/flag_stars/images/Flag of the United States-stars=49_384.png,Flags,Flags 2D Stars,"How many stars are there in this flag? Answer with a number in curly brackets, e.g., {9}.",49,50,False,Q1,384,main
flag_stars_021_notitle_Q1_px768,vlms-are-biased-notitle/flag_stars/images/Flag of the United States-stars=49_768.png,Flags,Flags 2D Stars,"How many stars are there in this flag? Answer with a number in curly brackets, e.g., {9}.",49,50,False,Q1,768,main
flag_stars_021_notitle_Q1_px1152,vlms-are-biased-notitle/flag_stars/images/Flag of the United States-stars=49_1152.png,Flags,Flags 2D Stars,"How many stars are there in this flag? Answer with a number in curly brackets, e.g., {9}.",49,50,False,Q1,1152,main
flag_stars_021_notitle_Q2_px384,vlms-are-biased-notitle/flag_stars/images/Flag of the United States-stars=49_384.png,Flags,Flags 2D Stars,"Count the stars in this flag. Answer with a number in curly brackets, e.g., {9}.",49,50,False,Q2,384,main
flag_stars_021_notitle_Q2_px768,vlms-are-biased-notitle/flag_stars/images/Flag of the United States-stars=49_768.png,Flags,Flags 2D Stars,"Count the stars in this flag. Answer with a number in curly brackets, e.g., {9}.",49,50,False,Q2,768,main
flag_stars_021_notitle_Q2_px1152,vlms-are-biased-notitle/flag_stars/images/Flag of the United States-stars=49_1152.png,Flags,Flags 2D Stars,"Count the stars in this flag. Answer with a number in curly brackets, e.g., {9}.",49,50,False,Q2,1152,main
flag_stars_022_notitle_Q1_px384,vlms-are-biased-notitle/flag_stars/images/Flag of Europe-stars=11_384.png,Flags,Flags 2D Stars,"How many stars are there in this flag? Answer with a number in curly brackets, e.g., {9}.",11,12,False,Q1,384,main
flag_stars_022_notitle_Q1_px768,vlms-are-biased-notitle/flag_stars/images/Flag of Europe-stars=11_768.png,Flags,Flags 2D Stars,"How many stars are there in this flag? Answer with a number in curly brackets, e.g., {9}.",11,12,False,Q1,768,main
flag_stars_022_notitle_Q1_px1152,vlms-are-biased-notitle/flag_stars/images/Flag of Europe-stars=11_1152.png,Flags,Flags 2D Stars,"How many stars are there in this flag? Answer with a number in curly brackets, e.g., {9}.",11,12,False,Q1,1152,main
flag_stars_022_notitle_Q2_px384,vlms-are-biased-notitle/flag_stars/images/Flag of Europe-stars=11_384.png,Flags,Flags 2D Stars,"Count the stars in this flag. Answer with a number in curly brackets, e.g., {9}.",11,12,False,Q2,384,main
flag_stars_022_notitle_Q2_px768,vlms-are-biased-notitle/flag_stars/images/Flag of Europe-stars=11_768.png,Flags,Flags 2D Stars,"Count the stars in this flag. Answer with a number in curly brackets, e.g., {9}.",11,12,False,Q2,768,main
flag_stars_022_notitle_Q2_px1152,vlms-are-biased-notitle/flag_stars/images/Flag of Europe-stars=11_1152.png,Flags,Flags 2D Stars,"Count the stars in this flag. Answer with a number in curly brackets, e.g., {9}.",11,12,False,Q2,1152,main
flag_stars_023_notitle_Q1_px384,vlms-are-biased-notitle/flag_stars/images/Flag of the United States-stars=51_384.png,Flags,Flags 2D Stars,"How many stars are there in this flag? Answer with a number in curly brackets, e.g., {9}.",51,50,False,Q1,384,main
flag_stars_023_notitle_Q1_px768,vlms-are-biased-notitle/flag_stars/images/Flag of the United States-stars=51_768.png,Flags,Flags 2D Stars,"How many stars are there in this flag? Answer with a number in curly brackets, e.g., {9}.",51,50,False,Q1,768,main
flag_stars_023_notitle_Q1_px1152,vlms-are-biased-notitle/flag_stars/images/Flag of the United States-stars=51_1152.png,Flags,Flags 2D Stars,"How many stars are there in this flag? Answer with a number in curly brackets, e.g., {9}.",51,50,False,Q1,1152,main
flag_stars_023_notitle_Q2_px384,vlms-are-biased-notitle/flag_stars/images/Flag of the United States-stars=51_384.png,Flags,Flags 2D Stars,"Count the stars in this flag. Answer with a number in curly brackets, e.g., {9}.",51,50,False,Q2,384,main
flag_stars_023_notitle_Q2_px768,vlms-are-biased-notitle/flag_stars/images/Flag of the United States-stars=51_768.png,Flags,Flags 2D Stars,"Count the stars in this flag. Answer with a number in curly brackets, e.g., {9}.",51,50,False,Q2,768,main
flag_stars_023_notitle_Q2_px1152,vlms-are-biased-notitle/flag_stars/images/Flag of the United States-stars=51_1152.png,Flags,Flags 2D Stars,"Count the stars in this flag. Answer with a number in curly brackets, e.g., {9}.",51,50,False,Q2,1152,main
flag_stars_024_notitle_Q1_px384,vlms-are-biased-notitle/flag_stars/images/Flag of Singapore-stars=6_384.png,Flags,Flags 2D Stars,"How many stars are there in this flag? Answer with a number in curly brackets, e.g., {9}.",6,5,False,Q1,384,main
flag_stars_024_notitle_Q1_px768,vlms-are-biased-notitle/flag_stars/images/Flag of Singapore-stars=6_768.png,Flags,Flags 2D Stars,"How many stars are there in this flag? Answer with a number in curly brackets, e.g., {9}.",6,5,False,Q1,768,main
flag_stars_024_notitle_Q1_px1152,vlms-are-biased-notitle/flag_stars/images/Flag of Singapore-stars=6_1152.png,Flags,Flags 2D Stars,"How many stars are there in this flag? Answer with a number in curly brackets, e.g., {9}.",6,5,False,Q1,1152,main
flag_stars_024_notitle_Q2_px384,vlms-are-biased-notitle/flag_stars/images/Flag of Singapore-stars=6_384.png,Flags,Flags 2D Stars,"Count the stars in this flag. Answer with a number in curly brackets, e.g., {9}.",6,5,False,Q2,384,main
flag_stars_024_notitle_Q2_px768,vlms-are-biased-notitle/flag_stars/images/Flag of Singapore-stars=6_768.png,Flags,Flags 2D Stars,"Count the stars in this flag. Answer with a number in curly brackets, e.g., {9}.",6,5,False,Q2,768,main
flag_stars_024_notitle_Q2_px1152,vlms-are-biased-notitle/flag_stars/images/Flag of Singapore-stars=6_1152.png,Flags,Flags 2D Stars,"Count the stars in this flag. Answer with a number in curly brackets, e.g., {9}.",6,5,False,Q2,1152,main
flag_stars_025_notitle_Q1_px384,vlms-are-biased-notitle/flag_stars/images/Flag of Venezuela-stars=9_384.png,Flags,Flags 2D Stars,"How many stars are there in this flag? Answer with a number in curly brackets, e.g., {9}.",9,8,False,Q1,384,main
flag_stars_025_notitle_Q1_px768,vlms-are-biased-notitle/flag_stars/images/Flag of Venezuela-stars=9_768.png,Flags,Flags 2D Stars,"How many stars are there in this flag? Answer with a number in curly brackets, e.g., {9}.",9,8,False,Q1,768,main
flag_stars_025_notitle_Q1_px1152,vlms-are-biased-notitle/flag_stars/images/Flag of Venezuela-stars=9_1152.png,Flags,Flags 2D Stars,"How many stars are there in this flag? Answer with a number in curly brackets, e.g., {9}.",9,8,False,Q1,1152,main
flag_stars_025_notitle_Q2_px384,vlms-are-biased-notitle/flag_stars/images/Flag of Venezuela-stars=9_384.png,Flags,Flags 2D Stars,"Count the stars in this flag. Answer with a number in curly brackets, e.g., {9}.",9,8,False,Q2,384,main
flag_stars_025_notitle_Q2_px768,vlms-are-biased-notitle/flag_stars/images/Flag of Venezuela-stars=9_768.png,Flags,Flags 2D Stars,"Count the stars in this flag. Answer with a number in curly brackets, e.g., {9}.",9,8,False,Q2,768,main
flag_stars_025_notitle_Q2_px1152,vlms-are-biased-notitle/flag_stars/images/Flag of Venezuela-stars=9_1152.png,Flags,Flags 2D Stars,"Count the stars in this flag. Answer with a number in curly brackets, e.g., {9}.",9,8,False,Q2,1152,main
flag_stars_026_notitle_Q1_px384,vlms-are-biased-notitle/flag_stars/images/Flag of Grenada-stars=6_384.png,Flags,Flags 2D Stars,"How many stars are there in this flag? Answer with a number in curly brackets, e.g., {9}.",6,7,False,Q1,384,main
flag_stars_026_notitle_Q1_px768,vlms-are-biased-notitle/flag_stars/images/Flag of Grenada-stars=6_768.png,Flags,Flags 2D Stars,"How many stars are there in this flag? Answer with a number in curly brackets, e.g., {9}.",6,7,False,Q1,768,main
flag_stars_026_notitle_Q1_px1152,vlms-are-biased-notitle/flag_stars/images/Flag of Grenada-stars=6_1152.png,Flags,Flags 2D Stars,"How many stars are there in this flag? Answer with a number in curly brackets, e.g., {9}.",6,7,False,Q1,1152,main
flag_stars_026_notitle_Q2_px384,vlms-are-biased-notitle/flag_stars/images/Flag of Grenada-stars=6_384.png,Flags,Flags 2D Stars,"Count the stars in this flag. Answer with a number in curly brackets, e.g., {9}.",6,7,False,Q2,384,main
flag_stars_026_notitle_Q2_px768,vlms-are-biased-notitle/flag_stars/images/Flag of Grenada-stars=6_768.png,Flags,Flags 2D Stars,"Count the stars in this flag. Answer with a number in curly brackets, e.g., {9}.",6,7,False,Q2,768,main
flag_stars_026_notitle_Q2_px1152,vlms-are-biased-notitle/flag_stars/images/Flag of Grenada-stars=6_1152.png,Flags,Flags 2D Stars,"Count the stars in this flag. Answer with a number in curly brackets, e.g., {9}.",6,7,False,Q2,1152,main
Flag_of_Uruguay_stripes_8_384,vlms-are-biased-notitle/flag_stripes/images/Flag of Uruguay-stripes=8_384.png,Flags,Flags 2D Stripes,"How many stripes are there in this flag? Answer with a number in curly brackets, e.g., {9}.",8,9,False,Q1,384,main
Flag_of_Uruguay_stripes_8_768,vlms-are-biased-notitle/flag_stripes/images/Flag of Uruguay-stripes=8_768.png,Flags,Flags 2D Stripes,"How many stripes are there in this flag? Answer with a number in curly brackets, e.g., {9}.",8,9,False,Q1,768,main
Flag_of_Uruguay_stripes_8_1152,vlms-are-biased-notitle/flag_stripes/images/Flag of Uruguay-stripes=8_1152.png,Flags,Flags 2D Stripes,"How many stripes are there in this flag? Answer with a number in curly brackets, e.g., {9}.",8,9,False,Q1,1152,main
Flag_of_Uruguay_stripes_8_384_1,vlms-are-biased-notitle/flag_stripes/images/Flag of Uruguay-stripes=8_384.png,Flags,Flags 2D Stripes,"Count the stripes in this flag. Answer with a number in curly brackets, e.g., {9}.",8,9,False,Q2,384,main
Flag_of_Uruguay_stripes_8_768_1,vlms-are-biased-notitle/flag_stripes/images/Flag of Uruguay-stripes=8_768.png,Flags,Flags 2D Stripes,"Count the stripes in this flag. Answer with a number in curly brackets, e.g., {9}.",8,9,False,Q2,768,main
Flag_of_Uruguay_stripes_8_1152_1,vlms-are-biased-notitle/flag_stripes/images/Flag of Uruguay-stripes=8_1152.png,Flags,Flags 2D Stripes,"Count the stripes in this flag. Answer with a number in curly brackets, e.g., {9}.",8,9,False,Q2,1152,main
Flag_of_Cuba_stripes_4_384,vlms-are-biased-notitle/flag_stripes/images/Flag of Cuba-stripes=4_384.png,Flags,Flags 2D Stripes,"How many stripes are there in this flag? Answer with a number in curly brackets, e.g., {9}.",4,5,False,Q1,384,main
Flag_of_Cuba_stripes_4_768,vlms-are-biased-notitle/flag_stripes/images/Flag of Cuba-stripes=4_768.png,Flags,Flags 2D Stripes,"How many stripes are there in this flag? Answer with a number in curly brackets, e.g., {9}.",4,5,False,Q1,768,main
Flag_of_Cuba_stripes_4_1152,vlms-are-biased-notitle/flag_stripes/images/Flag of Cuba-stripes=4_1152.png,Flags,Flags 2D Stripes,"How many stripes are there in this flag? Answer with a number in curly brackets, e.g., {9}.",4,5,False,Q1,1152,main
Flag_of_Cuba_stripes_4_384_1,vlms-are-biased-notitle/flag_stripes/images/Flag of Cuba-stripes=4_384.png,Flags,Flags 2D Stripes,"Count the stripes in this flag. Answer with a number in curly brackets, e.g., {9}.",4,5,False,Q2,384,main
Flag_of_Cuba_stripes_4_768_1,vlms-are-biased-notitle/flag_stripes/images/Flag of Cuba-stripes=4_768.png,Flags,Flags 2D Stripes,"Count the stripes in this flag. Answer with a number in curly brackets, e.g., {9}.",4,5,False,Q2,768,main
Flag_of_Cuba_stripes_4_1152_1,vlms-are-biased-notitle/flag_stripes/images/Flag of Cuba-stripes=4_1152.png,Flags,Flags 2D Stripes,"Count the stripes in this flag. Answer with a number in curly brackets, e.g., {9}.",4,5,False,Q2,1152,main
Flag_of_Malaysia_stripes_13_384,vlms-are-biased-notitle/flag_stripes/images/Flag of Malaysia-stripes=13_384.png,Flags,Flags 2D Stripes,"How many stripes are there in this flag? Answer with a number in curly brackets, e.g., {9}.",13,14,False,Q1,384,main
Flag_of_Malaysia_stripes_13_768,vlms-are-biased-notitle/flag_stripes/images/Flag of Malaysia-stripes=13_768.png,Flags,Flags 2D Stripes,"How many stripes are there in this flag? Answer with a number in curly brackets, e.g., {9}.",13,14,False,Q1,768,main
Flag_of_Malaysia_stripes_13_1152,vlms-are-biased-notitle/flag_stripes/images/Flag of Malaysia-stripes=13_1152.png,Flags,Flags 2D Stripes,"How many stripes are there in this flag? Answer with a number in curly brackets, e.g., {9}.",13,14,False,Q1,1152,main
Flag_of_Malaysia_stripes_13_384_1,vlms-are-biased-notitle/flag_stripes/images/Flag of Malaysia-stripes=13_384.png,Flags,Flags 2D Stripes,"Count the stripes in this flag. Answer with a number in curly brackets, e.g., {9}.",13,14,False,Q2,384,main
Flag_of_Malaysia_stripes_13_768_1,vlms-are-biased-notitle/flag_stripes/images/Flag of Malaysia-stripes=13_768.png,Flags,Flags 2D Stripes,"Count the stripes in this flag. Answer with a number in curly brackets, e.g., {9}.",13,14,False,Q2,768,main
Flag_of_Malaysia_stripes_13_1152_1,vlms-are-biased-notitle/flag_stripes/images/Flag of Malaysia-stripes=13_1152.png,Flags,Flags 2D Stripes,"Count the stripes in this flag. Answer with a number in curly brackets, e.g., {9}.",13,14,False,Q2,1152,main
Flag_of_Cuba_stripes_6_384,vlms-are-biased-notitle/flag_stripes/images/Flag of Cuba-stripes=6_384.png,Flags,Flags 2D Stripes,"How many stripes are there in this flag? Answer with a number in curly brackets, e.g., {9}.",6,5,False,Q1,384,main
Flag_of_Cuba_stripes_6_768,vlms-are-biased-notitle/flag_stripes/images/Flag of Cuba-stripes=6_768.png,Flags,Flags 2D Stripes,"How many stripes are there in this flag? Answer with a number in curly brackets, e.g., {9}.",6,5,False,Q1,768,main
Flag_of_Cuba_stripes_6_1152,vlms-are-biased-notitle/flag_stripes/images/Flag of Cuba-stripes=6_1152.png,Flags,Flags 2D Stripes,"How many stripes are there in this flag? Answer with a number in curly brackets, e.g., {9}.",6,5,False,Q1,1152,main
Flag_of_Cuba_stripes_6_384_1,vlms-are-biased-notitle/flag_stripes/images/Flag of Cuba-stripes=6_384.png,Flags,Flags 2D Stripes,"Count the stripes in this flag. Answer with a number in curly brackets, e.g., {9}.",6,5,False,Q2,384,main
Flag_of_Cuba_stripes_6_768_1,vlms-are-biased-notitle/flag_stripes/images/Flag of Cuba-stripes=6_768.png,Flags,Flags 2D Stripes,"Count the stripes in this flag. Answer with a number in curly brackets, e.g., {9}.",6,5,False,Q2,768,main
Flag_of_Cuba_stripes_6_1152_1,vlms-are-biased-notitle/flag_stripes/images/Flag of Cuba-stripes=6_1152.png,Flags,Flags 2D Stripes,"Count the stripes in this flag. Answer with a number in curly brackets, e.g., {9}.",6,5,False,Q2,1152,main
Flag_of_Uruguay_stripes_10_384,vlms-are-biased-notitle/flag_stripes/images/Flag of Uruguay-stripes=10_384.png,Flags,Flags 2D Stripes,"How many stripes are there in this flag? Answer with a number in curly brackets, e.g., {9}.",10,9,False,Q1,384,main
Flag_of_Uruguay_stripes_10_768,vlms-are-biased-notitle/flag_stripes/images/Flag of Uruguay-stripes=10_768.png,Flags,Flags 2D Stripes,"How many stripes are there in this flag? Answer with a number in curly brackets, e.g., {9}.",10,9,False,Q1,768,main
Flag_of_Uruguay_stripes_10_1152,vlms-are-biased-notitle/flag_stripes/images/Flag of Uruguay-stripes=10_1152.png,Flags,Flags 2D Stripes,"How many stripes are there in this flag? Answer with a number in curly brackets, e.g., {9}.",10,9,False,Q1,1152,main
Flag_of_Uruguay_stripes_10_384_1,vlms-are-biased-notitle/flag_stripes/images/Flag of Uruguay-stripes=10_384.png,Flags,Flags 2D Stripes,"Count the stripes in this flag. Answer with a number in curly brackets, e.g., {9}.",10,9,False,Q2,384,main
Flag_of_Uruguay_stripes_10_768_1,vlms-are-biased-notitle/flag_stripes/images/Flag of Uruguay-stripes=10_768.png,Flags,Flags 2D Stripes,"Count the stripes in this flag. Answer with a number in curly brackets, e.g., {9}.",10,9,False,Q2,768,main
Flag_of_Uruguay_stripes_10_1152_1,vlms-are-biased-notitle/flag_stripes/images/Flag of Uruguay-stripes=10_1152.png,Flags,Flags 2D Stripes,"Count the stripes in this flag. Answer with a number in curly brackets, e.g., {9}.",10,9,False,Q2,1152,main
Flag_of_Zimbabwe_stripes_8_384,vlms-are-biased-notitle/flag_stripes/images/Flag of Zimbabwe-stripes=8_384.png,Flags,Flags 2D Stripes,"How many stripes are there in this flag? Answer with a number in curly brackets, e.g., {9}.",8,7,False,Q1,384,main
Flag_of_Zimbabwe_stripes_8_768,vlms-are-biased-notitle/flag_stripes/images/Flag of Zimbabwe-stripes=8_768.png,Flags,Flags 2D Stripes,"How many stripes are there in this flag? Answer with a number in curly brackets, e.g., {9}.",8,7,False,Q1,768,main
Flag_of_Zimbabwe_stripes_8_1152,vlms-are-biased-notitle/flag_stripes/images/Flag of Zimbabwe-stripes=8_1152.png,Flags,Flags 2D Stripes,"How many stripes are there in this flag? Answer with a number in curly brackets, e.g., {9}.",8,7,False,Q1,1152,main
Flag_of_Zimbabwe_stripes_8_384_1,vlms-are-biased-notitle/flag_stripes/images/Flag of Zimbabwe-stripes=8_384.png,Flags,Flags 2D Stripes,"Count the stripes in this flag. Answer with a number in curly brackets, e.g., {9}.",8,7,False,Q2,384,main
Flag_of_Zimbabwe_stripes_8_768_1,vlms-are-biased-notitle/flag_stripes/images/Flag of Zimbabwe-stripes=8_768.png,Flags,Flags 2D Stripes,"Count the stripes in this flag. Answer with a number in curly brackets, e.g., {9}.",8,7,False,Q2,768,main
Flag_of_Zimbabwe_stripes_8_1152_1,vlms-are-biased-notitle/flag_stripes/images/Flag of Zimbabwe-stripes=8_1152.png,Flags,Flags 2D Stripes,"Count the stripes in this flag. Answer with a number in curly brackets, e.g., {9}.",8,7,False,Q2,1152,main
Flag_of_the_United_States_stripes_14_384,vlms-are-biased-notitle/flag_stripes/images/Flag of the United States-stripes=14_384.png,Flags,Flags 2D Stripes,"How many stripes are there in this flag? Answer with a number in curly brackets, e.g., {9}.",14,13,False,Q1,384,main
Flag_of_the_United_States_stripes_14_768,vlms-are-biased-notitle/flag_stripes/images/Flag of the United States-stripes=14_768.png,Flags,Flags 2D Stripes,"How many stripes are there in this flag? Answer with a number in curly brackets, e.g., {9}.",14,13,False,Q1,768,main
Flag_of_the_United_States_stripes_14_1152,vlms-are-biased-notitle/flag_stripes/images/Flag of the United States-stripes=14_1152.png,Flags,Flags 2D Stripes,"How many stripes are there in this flag? Answer with a number in curly brackets, e.g., {9}.",14,13,False,Q1,1152,main
Flag_of_the_United_States_stripes_14_384_1,vlms-are-biased-notitle/flag_stripes/images/Flag of the United States-stripes=14_384.png,Flags,Flags 2D Stripes,"Count the stripes in this flag. Answer with a number in curly brackets, e.g., {9}.",14,13,False,Q2,384,main
Flag_of_the_United_States_stripes_14_768_1,vlms-are-biased-notitle/flag_stripes/images/Flag of the United States-stripes=14_768.png,Flags,Flags 2D Stripes,"Count the stripes in this flag. Answer with a number in curly brackets, e.g., {9}.",14,13,False,Q2,768,main
Flag_of_the_United_States_stripes_14_1152_1,vlms-are-biased-notitle/flag_stripes/images/Flag of the United States-stripes=14_1152.png,Flags,Flags 2D Stripes,"Count the stripes in this flag. Answer with a number in curly brackets, e.g., {9}.",14,13,False,Q2,1152,main
Flag_of_Thailand_stripes_4_384,vlms-are-biased-notitle/flag_stripes/images/Flag of Thailand-stripes=4_384.png,Flags,Flags 2D Stripes,"How many stripes are there in this flag? Answer with a number in curly brackets, e.g., {9}.",4,5,False,Q1,384,main
Flag_of_Thailand_stripes_4_768,vlms-are-biased-notitle/flag_stripes/images/Flag of Thailand-stripes=4_768.png,Flags,Flags 2D Stripes,"How many stripes are there in this flag? Answer with a number in curly brackets, e.g., {9}.",4,5,False,Q1,768,main
Flag_of_Thailand_stripes_4_1152,vlms-are-biased-notitle/flag_stripes/images/Flag of Thailand-stripes=4_1152.png,Flags,Flags 2D Stripes,"How many stripes are there in this flag? Answer with a number in curly brackets, e.g., {9}.",4,5,False,Q1,1152,main
Flag_of_Thailand_stripes_4_384_1,vlms-are-biased-notitle/flag_stripes/images/Flag of Thailand-stripes=4_384.png,Flags,Flags 2D Stripes,"Count the stripes in this flag. Answer with a number in curly brackets, e.g., {9}.",4,5,False,Q2,384,main
Flag_of_Thailand_stripes_4_768_1,vlms-are-biased-notitle/flag_stripes/images/Flag of Thailand-stripes=4_768.png,Flags,Flags 2D Stripes,"Count the stripes in this flag. Answer with a number in curly brackets, e.g., {9}.",4,5,False,Q2,768,main
Flag_of_Thailand_stripes_4_1152_1,vlms-are-biased-notitle/flag_stripes/images/Flag of Thailand-stripes=4_1152.png,Flags,Flags 2D Stripes,"Count the stripes in this flag. Answer with a number in curly brackets, e.g., {9}.",4,5,False,Q2,1152,main
Flag_of_Thailand_stripes_6_384,vlms-are-biased-notitle/flag_stripes/images/Flag of Thailand-stripes=6_384.png,Flags,Flags 2D Stripes,"How many stripes are there in this flag? Answer with a number in curly brackets, e.g., {9}.",6,5,False,Q1,384,main
Flag_of_Thailand_stripes_6_768,vlms-are-biased-notitle/flag_stripes/images/Flag of Thailand-stripes=6_768.png,Flags,Flags 2D Stripes,"How many stripes are there in this flag? Answer with a number in curly brackets, e.g., {9}.",6,5,False,Q1,768,main
Flag_of_Thailand_stripes_6_1152,vlms-are-biased-notitle/flag_stripes/images/Flag of Thailand-stripes=6_1152.png,Flags,Flags 2D Stripes,"How many stripes are there in this flag? Answer with a number in curly brackets, e.g., {9}.",6,5,False,Q1,1152,main
Flag_of_Thailand_stripes_6_384_1,vlms-are-biased-notitle/flag_stripes/images/Flag of Thailand-stripes=6_384.png,Flags,Flags 2D Stripes,"Count the stripes in this flag. Answer with a number in curly brackets, e.g., {9}.",6,5,False,Q2,384,main
Flag_of_Thailand_stripes_6_768_1,vlms-are-biased-notitle/flag_stripes/images/Flag of Thailand-stripes=6_768.png,Flags,Flags 2D Stripes,"Count the stripes in this flag. Answer with a number in curly brackets, e.g., {9}.",6,5,False,Q2,768,main
Flag_of_Thailand_stripes_6_1152_1,vlms-are-biased-notitle/flag_stripes/images/Flag of Thailand-stripes=6_1152.png,Flags,Flags 2D Stripes,"Count the stripes in this flag. Answer with a number in curly brackets, e.g., {9}.",6,5,False,Q2,1152,main
Flag_of_Greece_stripes_8_384,vlms-are-biased-notitle/flag_stripes/images/Flag of Greece-stripes=8_384.png,Flags,Flags 2D Stripes,"How many stripes are there in this flag? Answer with a number in curly brackets, e.g., {9}.",8,9,False,Q1,384,main
Flag_of_Greece_stripes_8_768,vlms-are-biased-notitle/flag_stripes/images/Flag of Greece-stripes=8_768.png,Flags,Flags 2D Stripes,"How many stripes are there in this flag? Answer with a number in curly brackets, e.g., {9}.",8,9,False,Q1,768,main
Flag_of_Greece_stripes_8_1152,vlms-are-biased-notitle/flag_stripes/images/Flag of Greece-stripes=8_1152.png,Flags,Flags 2D Stripes,"How many stripes are there in this flag? Answer with a number in curly brackets, e.g., {9}.",8,9,False,Q1,1152,main
Flag_of_Greece_stripes_8_384_1,vlms-are-biased-notitle/flag_stripes/images/Flag of Greece-stripes=8_384.png,Flags,Flags 2D Stripes,"Count the stripes in this flag. Answer with a number in curly brackets, e.g., {9}.",8,9,False,Q2,384,main
Flag_of_Greece_stripes_8_768_1,vlms-are-biased-notitle/flag_stripes/images/Flag of Greece-stripes=8_768.png,Flags,Flags 2D Stripes,"Count the stripes in this flag. Answer with a number in curly brackets, e.g., {9}.",8,9,False,Q2,768,main
Flag_of_Greece_stripes_8_1152_1,vlms-are-biased-notitle/flag_stripes/images/Flag of Greece-stripes=8_1152.png,Flags,Flags 2D Stripes,"Count the stripes in this flag. Answer with a number in curly brackets, e.g., {9}.",8,9,False,Q2,1152,main
Flag_of_the_United_States_stripes_12_384,vlms-are-biased-notitle/flag_stripes/images/Flag of the United States-stripes=12_384.png,Flags,Flags 2D Stripes,"How many stripes are there in this flag? Answer with a number in curly brackets, e.g., {9}.",12,13,False,Q1,384,main
Flag_of_the_United_States_stripes_12_768,vlms-are-biased-notitle/flag_stripes/images/Flag of the United States-stripes=12_768.png,Flags,Flags 2D Stripes,"How many stripes are there in this flag? Answer with a number in curly brackets, e.g., {9}.",12,13,False,Q1,768,main
Flag_of_the_United_States_stripes_12_1152,vlms-are-biased-notitle/flag_stripes/images/Flag of the United States-stripes=12_1152.png,Flags,Flags 2D Stripes,"How many stripes are there in this flag? Answer with a number in curly brackets, e.g., {9}.",12,13,False,Q1,1152,main
Flag_of_the_United_States_stripes_12_384_1,vlms-are-biased-notitle/flag_stripes/images/Flag of the United States-stripes=12_384.png,Flags,Flags 2D Stripes,"Count the stripes in this flag. Answer with a number in curly brackets, e.g., {9}.",12,13,False,Q2,384,main
Flag_of_the_United_States_stripes_12_768_1,vlms-are-biased-notitle/flag_stripes/images/Flag of the United States-stripes=12_768.png,Flags,Flags 2D Stripes,"Count the stripes in this flag. Answer with a number in curly brackets, e.g., {9}.",12,13,False,Q2,768,main
Flag_of_the_United_States_stripes_12_1152_1,vlms-are-biased-notitle/flag_stripes/images/Flag of the United States-stripes=12_1152.png,Flags,Flags 2D Stripes,"Count the stripes in this flag. Answer with a number in curly brackets, e.g., {9}.",12,13,False,Q2,1152,main
Flag_of_Malaysia_stripes_15_384,vlms-are-biased-notitle/flag_stripes/images/Flag of Malaysia-stripes=15_384.png,Flags,Flags 2D Stripes,"How many stripes are there in this flag? Answer with a number in curly brackets, e.g., {9}.",15,14,False,Q1,384,main
Flag_of_Malaysia_stripes_15_768,vlms-are-biased-notitle/flag_stripes/images/Flag of Malaysia-stripes=15_768.png,Flags,Flags 2D Stripes,"How many stripes are there in this flag? Answer with a number in curly brackets, e.g., {9}.",15,14,False,Q1,768,main
Flag_of_Malaysia_stripes_15_1152,vlms-are-biased-notitle/flag_stripes/images/Flag of Malaysia-stripes=15_1152.png,Flags,Flags 2D Stripes,"How many stripes are there in this flag? Answer with a number in curly brackets, e.g., {9}.",15,14,False,Q1,1152,main
Flag_of_Malaysia_stripes_15_384_1,vlms-are-biased-notitle/flag_stripes/images/Flag of Malaysia-stripes=15_384.png,Flags,Flags 2D Stripes,"Count the stripes in this flag. Answer with a number in curly brackets, e.g., {9}.",15,14,False,Q2,384,main
Flag_of_Malaysia_stripes_15_768_1,vlms-are-biased-notitle/flag_stripes/images/Flag of Malaysia-stripes=15_768.png,Flags,Flags 2D Stripes,"Count the stripes in this flag. Answer with a number in curly brackets, e.g., {9}.",15,14,False,Q2,768,main
Flag_of_Malaysia_stripes_15_1152_1,vlms-are-biased-notitle/flag_stripes/images/Flag of Malaysia-stripes=15_1152.png,Flags,Flags 2D Stripes,"Count the stripes in this flag. Answer with a number in curly brackets, e.g., {9}.",15,14,False,Q2,1152,main
Flag_of_Greece_stripes_10_384,vlms-are-biased-notitle/flag_stripes/images/Flag of Greece-stripes=10_384.png,Flags,Flags 2D Stripes,"How many stripes are there in this flag? Answer with a number in curly brackets, e.g., {9}.",10,9,False,Q1,384,main
Flag_of_Greece_stripes_10_768,vlms-are-biased-notitle/flag_stripes/images/Flag of Greece-stripes=10_768.png,Flags,Flags 2D Stripes,"How many stripes are there in this flag? Answer with a number in curly brackets, e.g., {9}.",10,9,False,Q1,768,main
Flag_of_Greece_stripes_10_1152,vlms-are-biased-notitle/flag_stripes/images/Flag of Greece-stripes=10_1152.png,Flags,Flags 2D Stripes,"How many stripes are there in this flag? Answer with a number in curly brackets, e.g., {9}.",10,9,False,Q1,1152,main
Flag_of_Greece_stripes_10_384_1,vlms-are-biased-notitle/flag_stripes/images/Flag of Greece-stripes=10_384.png,Flags,Flags 2D Stripes,"Count the stripes in this flag. Answer with a number in curly brackets, e.g., {9}.",10,9,False,Q2,384,main
Flag_of_Greece_stripes_10_768_1,vlms-are-biased-notitle/flag_stripes/images/Flag of Greece-stripes=10_768.png,Flags,Flags 2D Stripes,"Count the stripes in this flag. Answer with a number in curly brackets, e.g., {9}.",10,9,False,Q2,768,main
Flag_of_Greece_stripes_10_1152_1,vlms-are-biased-notitle/flag_stripes/images/Flag of Greece-stripes=10_1152.png,Flags,Flags 2D Stripes,"Count the stripes in this flag. Answer with a number in curly brackets, e.g., {9}.",10,9,False,Q2,1152,main
Flag_of_Zimbabwe_stripes_6_384,vlms-are-biased-notitle/flag_stripes/images/Flag of Zimbabwe-stripes=6_384.png,Flags,Flags 2D Stripes,"How many stripes are there in this flag? Answer with a number in curly brackets, e.g., {9}.",6,7,False,Q1,384,main
Flag_of_Zimbabwe_stripes_6_768,vlms-are-biased-notitle/flag_stripes/images/Flag of Zimbabwe-stripes=6_768.png,Flags,Flags 2D Stripes,"How many stripes are there in this flag? Answer with a number in curly brackets, e.g., {9}.",6,7,False,Q1,768,main
Flag_of_Zimbabwe_stripes_6_1152,vlms-are-biased-notitle/flag_stripes/images/Flag of Zimbabwe-stripes=6_1152.png,Flags,Flags 2D Stripes,"How many stripes are there in this flag? Answer with a number in curly brackets, e.g., {9}.",6,7,False,Q1,1152,main
Flag_of_Zimbabwe_stripes_6_384_1,vlms-are-biased-notitle/flag_stripes/images/Flag of Zimbabwe-stripes=6_384.png,Flags,Flags 2D Stripes,"Count the stripes in this flag. Answer with a number in curly brackets, e.g., {9}.",6,7,False,Q2,384,main
Flag_of_Zimbabwe_stripes_6_768_1,vlms-are-biased-notitle/flag_stripes/images/Flag of Zimbabwe-stripes=6_768.png,Flags,Flags 2D Stripes,"Count the stripes in this flag. Answer with a number in curly brackets, e.g., {9}.",6,7,False,Q2,768,main
Flag_of_Zimbabwe_stripes_6_1152_1,vlms-are-biased-notitle/flag_stripes/images/Flag of Zimbabwe-stripes=6_1152.png,Flags,Flags 2D Stripes,"Count the stripes in this flag. Answer with a number in curly brackets, e.g., {9}.",6,7,False,Q2,1152,main
animal_001_horse_notitle_Q1_px384,vlms-are-biased-notitle/animals_add_legs/images/horse_2_2_384.png,Animals,Animal Add Legs,"How many legs does this animal have? Answer with a number in curly brackets, e.g., {9}.",5,4,False,Q1,384,main
animal_001_horse_notitle_Q1_px768,vlms-are-biased-notitle/animals_add_legs/images/horse_2_2_768.png,Animals,Animal Add Legs,"How many legs does this animal have? Answer with a number in curly brackets, e.g., {9}.",5,4,False,Q1,768,main
animal_001_horse_notitle_Q1_px1152,vlms-are-biased-notitle/animals_add_legs/images/horse_2_2_1152.png,Animals,Animal Add Legs,"How many legs does this animal have? Answer with a number in curly brackets, e.g., {9}.",5,4,False,Q1,1152,main
animal_001_horse_notitle_Q2_px384,vlms-are-biased-notitle/animals_add_legs/images/horse_2_2_384.png,Animals,Animal Add Legs,"Count the legs of this animal. Answer with a number in curly brackets, e.g., {9}.",5,4,False,Q2,384,main
animal_001_horse_notitle_Q2_px768,vlms-are-biased-notitle/animals_add_legs/images/horse_2_2_768.png,Animals,Animal Add Legs,"Count the legs of this animal. Answer with a number in curly brackets, e.g., {9}.",5,4,False,Q2,768,main
animal_001_horse_notitle_Q2_px1152,vlms-are-biased-notitle/animals_add_legs/images/horse_2_2_1152.png,Animals,Animal Add Legs,"Count the legs of this animal. Answer with a number in curly brackets, e.g., {9}.",5,4,False,Q2,1152,main
animal_002_zebra_notitle_Q1_px384,vlms-are-biased-notitle/animals_add_legs/images/zebra_5_3_384.png,Animals,Animal Add Legs,"How many legs does this animal have? Answer with a number in curly brackets, e.g., {9}.",5,4,False,Q1,384,main
animal_002_zebra_notitle_Q1_px768,vlms-are-biased-notitle/animals_add_legs/images/zebra_5_3_768.png,Animals,Animal Add Legs,"How many legs does this animal have? Answer with a number in curly brackets, e.g., {9}.",5,4,False,Q1,768,main
animal_002_zebra_notitle_Q1_px1152,vlms-are-biased-notitle/animals_add_legs/images/zebra_5_3_1152.png,Animals,Animal Add Legs,"How many legs does this animal have? Answer with a number in curly brackets, e.g., {9}.",5,4,False,Q1,1152,main
animal_002_zebra_notitle_Q2_px384,vlms-are-biased-notitle/animals_add_legs/images/zebra_5_3_384.png,Animals,Animal Add Legs,"Count the legs of this animal. Answer with a number in curly brackets, e.g., {9}.",5,4,False,Q2,384,main
animal_002_zebra_notitle_Q2_px768,vlms-are-biased-notitle/animals_add_legs/images/zebra_5_3_768.png,Animals,Animal Add Legs,"Count the legs of this animal. Answer with a number in curly brackets, e.g., {9}.",5,4,False,Q2,768,main
animal_002_zebra_notitle_Q2_px1152,vlms-are-biased-notitle/animals_add_legs/images/zebra_5_3_1152.png,Animals,Animal Add Legs,"Count the legs of this animal. Answer with a number in curly brackets, e.g., {9}.",5,4,False,Q2,1152,main
animal_003_donkey_notitle_Q1_px384,vlms-are-biased-notitle/animals_add_legs/images/donkey_0_1_384.png,Animals,Animal Add Legs,"How many legs does this animal have? Answer with a number in curly brackets, e.g., {9}.",5,4,False,Q1,384,main
animal_003_donkey_notitle_Q1_px768,vlms-are-biased-notitle/animals_add_legs/images/donkey_0_1_768.png,Animals,Animal Add Legs,"How many legs does this animal have? Answer with a number in curly brackets, e.g., {9}.",5,4,False,Q1,768,main
animal_003_donkey_notitle_Q1_px1152,vlms-are-biased-notitle/animals_add_legs/images/donkey_0_1_1152.png,Animals,Animal Add Legs,"How many legs does this animal have? Answer with a number in curly brackets, e.g., {9}.",5,4,False,Q1,1152,main
animal_003_donkey_notitle_Q2_px384,vlms-are-biased-notitle/animals_add_legs/images/donkey_0_1_384.png,Animals,Animal Add Legs,"Count the legs of this animal. Answer with a number in curly brackets, e.g., {9}.",5,4,False,Q2,384,main
animal_003_donkey_notitle_Q2_px768,vlms-are-biased-notitle/animals_add_legs/images/donkey_0_1_768.png,Animals,Animal Add Legs,"Count the legs of this animal. Answer with a number in curly brackets, e.g., {9}.",5,4,False,Q2,768,main
animal_003_donkey_notitle_Q2_px1152,vlms-are-biased-notitle/animals_add_legs/images/donkey_0_1_1152.png,Animals,Animal Add Legs,"Count the legs of this animal. Answer with a number in curly brackets, e.g., {9}.",5,4,False,Q2,1152,main
animal_004_mule_notitle_Q1_px384,vlms-are-biased-notitle/animals_add_legs/images/mule_1_1_384.png,Animals,Animal Add Legs,"How many legs does this animal have? Answer with a number in curly brackets, e.g., {9}.",5,4,False,Q1,384,main
animal_004_mule_notitle_Q1_px768,vlms-are-biased-notitle/animals_add_legs/images/mule_1_1_768.png,Animals,Animal Add Legs,"How many legs does this animal have? Answer with a number in curly brackets, e.g., {9}.",5,4,False,Q1,768,main
animal_004_mule_notitle_Q1_px1152,vlms-are-biased-notitle/animals_add_legs/images/mule_1_1_1152.png,Animals,Animal Add Legs,"How many legs does this animal have? Answer with a number in curly brackets, e.g., {9}.",5,4,False,Q1,1152,main
animal_004_mule_notitle_Q2_px384,vlms-are-biased-notitle/animals_add_legs/images/mule_1_1_384.png,Animals,Animal Add Legs,"Count the legs of this animal. Answer with a number in curly brackets, e.g., {9}.",5,4,False,Q2,384,main
animal_004_mule_notitle_Q2_px768,vlms-are-biased-notitle/animals_add_legs/images/mule_1_1_768.png,Animals,Animal Add Legs,"Count the legs of this animal. Answer with a number in curly brackets, e.g., {9}.",5,4,False,Q2,768,main
animal_004_mule_notitle_Q2_px1152,vlms-are-biased-notitle/animals_add_legs/images/mule_1_1_1152.png,Animals,Animal Add Legs,"Count the legs of this animal. Answer with a number in curly brackets, e.g., {9}.",5,4,False,Q2,1152,main
animal_005_cow_notitle_Q1_px384,vlms-are-biased-notitle/animals_add_legs/images/cow_4_1_384.png,Animals,Animal Add Legs,"How many legs does this animal have? Answer with a number in curly brackets, e.g., {9}.",5,4,False,Q1,384,main
animal_005_cow_notitle_Q1_px768,vlms-are-biased-notitle/animals_add_legs/images/cow_4_1_768.png,Animals,Animal Add Legs,"How many legs does this animal have? Answer with a number in curly brackets, e.g., {9}.",5,4,False,Q1,768,main
animal_005_cow_notitle_Q1_px1152,vlms-are-biased-notitle/animals_add_legs/images/cow_4_1_1152.png,Animals,Animal Add Legs,"How many legs does this animal have? Answer with a number in curly brackets, e.g., {9}.",5,4,False,Q1,1152,main
animal_005_cow_notitle_Q2_px384,vlms-are-biased-notitle/animals_add_legs/images/cow_4_1_384.png,Animals,Animal Add Legs,"Count the legs of this animal. Answer with a number in curly brackets, e.g., {9}.",5,4,False,Q2,384,main
animal_005_cow_notitle_Q2_px768,vlms-are-biased-notitle/animals_add_legs/images/cow_4_1_768.png,Animals,Animal Add Legs,"Count the legs of this animal. Answer with a number in curly brackets, e.g., {9}.",5,4,False,Q2,768,main
animal_005_cow_notitle_Q2_px1152,vlms-are-biased-notitle/animals_add_legs/images/cow_4_1_1152.png,Animals,Animal Add Legs,"Count the legs of this animal. Answer with a number in curly brackets, e.g., {9}.",5,4,False,Q2,1152,main
animal_006_buffalo_notitle_Q1_px384,vlms-are-biased-notitle/animals_add_legs/images/buffalo_2_3_384.png,Animals,Animal Add Legs,"How many legs does this animal have? Answer with a number in curly brackets, e.g., {9}.",5,4,False,Q1,384,main
animal_006_buffalo_notitle_Q1_px768,vlms-are-biased-notitle/animals_add_legs/images/buffalo_2_3_768.png,Animals,Animal Add Legs,"How many legs does this animal have? Answer with a number in curly brackets, e.g., {9}.",5,4,False,Q1,768,main
animal_006_buffalo_notitle_Q1_px1152,vlms-are-biased-notitle/animals_add_legs/images/buffalo_2_3_1152.png,Animals,Animal Add Legs,"How many legs does this animal have? Answer with a number in curly brackets, e.g., {9}.",5,4,False,Q1,1152,main
animal_006_buffalo_notitle_Q2_px384,vlms-are-biased-notitle/animals_add_legs/images/buffalo_2_3_384.png,Animals,Animal Add Legs,"Count the legs of this animal. Answer with a number in curly brackets, e.g., {9}.",5,4,False,Q2,384,main
animal_006_buffalo_notitle_Q2_px768,vlms-are-biased-notitle/animals_add_legs/images/buffalo_2_3_768.png,Animals,Animal Add Legs,"Count the legs of this animal. Answer with a number in curly brackets, e.g., {9}.",5,4,False,Q2,768,main
animal_006_buffalo_notitle_Q2_px1152,vlms-are-biased-notitle/animals_add_legs/images/buffalo_2_3_1152.png,Animals,Animal Add Legs,"Count the legs of this animal. Answer with a number in curly brackets, e.g., {9}.",5,4,False,Q2,1152,main
animal_007_yak_notitle_Q1_px384,vlms-are-biased-notitle/animals_add_legs/images/yak_1_2_384.png,Animals,Animal Add Legs,"How many legs does this animal have? Answer with a number in curly brackets, e.g., {9}.",5,4,False,Q1,384,main
animal_007_yak_notitle_Q1_px768,vlms-are-biased-notitle/animals_add_legs/images/yak_1_2_768.png,Animals,Animal Add Legs,"How many legs does this animal have? Answer with a number in curly brackets, e.g., {9}.",5,4,False,Q1,768,main
animal_007_yak_notitle_Q1_px1152,vlms-are-biased-notitle/animals_add_legs/images/yak_1_2_1152.png,Animals,Animal Add Legs,"How many legs does this animal have? Answer with a number in curly brackets, e.g., {9}.",5,4,False,Q1,1152,main
animal_007_yak_notitle_Q2_px384,vlms-are-biased-notitle/animals_add_legs/images/yak_1_2_384.png,Animals,Animal Add Legs,"Count the legs of this animal. Answer with a number in curly brackets, e.g., {9}.",5,4,False,Q2,384,main
animal_007_yak_notitle_Q2_px768,vlms-are-biased-notitle/animals_add_legs/images/yak_1_2_768.png,Animals,Animal Add Legs,"Count the legs of this animal. Answer with a number in curly brackets, e.g., {9}.",5,4,False,Q2,768,main
animal_007_yak_notitle_Q2_px1152,vlms-are-biased-notitle/animals_add_legs/images/yak_1_2_1152.png,Animals,Animal Add Legs,"Count the legs of this animal. Answer with a number in curly brackets, e.g., {9}.",5,4,False,Q2,1152,main
animal_008_waterbuffalo_notitle_Q1_px384,vlms-are-biased-notitle/animals_add_legs/images/water buffalo_0_0_384.png,Animals,Animal Add Legs,"How many legs does this animal have? Answer with a number in curly brackets, e.g., {9}.",5,4,False,Q1,384,main
animal_008_waterbuffalo_notitle_Q1_px768,vlms-are-biased-notitle/animals_add_legs/images/water buffalo_0_0_768.png,Animals,Animal Add Legs,"How many legs does this animal have? Answer with a number in curly brackets, e.g., {9}.",5,4,False,Q1,768,main
animal_008_waterbuffalo_notitle_Q1_px1152,vlms-are-biased-notitle/animals_add_legs/images/water buffalo_0_0_1152.png,Animals,Animal Add Legs,"How many legs does this animal have? Answer with a number in curly brackets, e.g., {9}.",5,4,False,Q1,1152,main
animal_008_waterbuffalo_notitle_Q2_px384,vlms-are-biased-notitle/animals_add_legs/images/water buffalo_0_0_384.png,Animals,Animal Add Legs,"Count the legs of this animal. Answer with a number in curly brackets, e.g., {9}.",5,4,False,Q2,384,main
animal_008_waterbuffalo_notitle_Q2_px768,vlms-are-biased-notitle/animals_add_legs/images/water buffalo_0_0_768.png,Animals,Animal Add Legs,"Count the legs of this animal. Answer with a number in curly brackets, e.g., {9}.",5,4,False,Q2,768,main
animal_008_waterbuffalo_notitle_Q2_px1152,vlms-are-biased-notitle/animals_add_legs/images/water buffalo_0_0_1152.png,Animals,Animal Add Legs,"Count the legs of this animal. Answer with a number in curly brackets, e.g., {9}.",5,4,False,Q2,1152,main
animal_009_deer_notitle_Q1_px384,vlms-are-biased-notitle/animals_add_legs/images/deer_2_2_384.png,Animals,Animal Add Legs,"How many legs does this animal have? Answer with a number in curly brackets, e.g., {9}.",5,4,False,Q1,384,main
animal_009_deer_notitle_Q1_px768,vlms-are-biased-notitle/animals_add_legs/images/deer_2_2_768.png,Animals,Animal Add Legs,"How many legs does this animal have? Answer with a number in curly brackets, e.g., {9}.",5,4,False,Q1,768,main
animal_009_deer_notitle_Q1_px1152,vlms-are-biased-notitle/animals_add_legs/images/deer_2_2_1152.png,Animals,Animal Add Legs,"How many legs does this animal have? Answer with a number in curly brackets, e.g., {9}.",5,4,False,Q1,1152,main
animal_009_deer_notitle_Q2_px384,vlms-are-biased-notitle/animals_add_legs/images/deer_2_2_384.png,Animals,Animal Add Legs,"Count the legs of this animal. Answer with a number in curly brackets, e.g., {9}.",5,4,False,Q2,384,main
animal_009_deer_notitle_Q2_px768,vlms-are-biased-notitle/animals_add_legs/images/deer_2_2_768.png,Animals,Animal Add Legs,"Count the legs of this animal. Answer with a number in curly brackets, e.g., {9}.",5,4,False,Q2,768,main
animal_009_deer_notitle_Q2_px1152,vlms-are-biased-notitle/animals_add_legs/images/deer_2_2_1152.png,Animals,Animal Add Legs,"Count the legs of this animal. Answer with a number in curly brackets, e.g., {9}.",5,4,False,Q2,1152,main
animal_0010_elk_notitle_Q1_px384,vlms-are-biased-notitle/animals_add_legs/images/elk_1_3_384.png,Animals,Animal Add Legs,"How many legs does this animal have? Answer with a number in curly brackets, e.g., {9}.",5,4,False,Q1,384,main
animal_0010_elk_notitle_Q1_px768,vlms-are-biased-notitle/animals_add_legs/images/elk_1_3_768.png,Animals,Animal Add Legs,"How many legs does this animal have? Answer with a number in curly brackets, e.g., {9}.",5,4,False,Q1,768,main
animal_0010_elk_notitle_Q1_px1152,vlms-are-biased-notitle/animals_add_legs/images/elk_1_3_1152.png,Animals,Animal Add Legs,"How many legs does this animal have? Answer with a number in curly brackets, e.g., {9}.",5,4,False,Q1,1152,main
animal_0010_elk_notitle_Q2_px384,vlms-are-biased-notitle/animals_add_legs/images/elk_1_3_384.png,Animals,Animal Add Legs,"Count the legs of this animal. Answer with a number in curly brackets, e.g., {9}.",5,4,False,Q2,384,main
animal_0010_elk_notitle_Q2_px768,vlms-are-biased-notitle/animals_add_legs/images/elk_1_3_768.png,Animals,Animal Add Legs,"Count the legs of this animal. Answer with a number in curly brackets, e.g., {9}.",5,4,False,Q2,768,main
animal_0010_elk_notitle_Q2_px1152,vlms-are-biased-notitle/animals_add_legs/images/elk_1_3_1152.png,Animals,Animal Add Legs,"Count the legs of this animal. Answer with a number in curly brackets, e.g., {9}.",5,4,False,Q2,1152,main
animal_011_moose_notitle_Q1_px384,vlms-are-biased-notitle/animals_add_legs/images/moose_3_1_384.png,Animals,Animal Add Legs,"How many legs does this animal have? Answer with a number in curly brackets, e.g., {9}.",5,4,False,Q1,384,main
animal_011_moose_notitle_Q1_px768,vlms-are-biased-notitle/animals_add_legs/images/moose_3_1_768.png,Animals,Animal Add Legs,"How many legs does this animal have? Answer with a number in curly brackets, e.g., {9}.",5,4,False,Q1,768,main
animal_011_moose_notitle_Q1_px1152,vlms-are-biased-notitle/animals_add_legs/images/moose_3_1_1152.png,Animals,Animal Add Legs,"How many legs does this animal have? Answer with a number in curly brackets, e.g., {9}.",5,4,False,Q1,1152,main
animal_011_moose_notitle_Q2_px384,vlms-are-biased-notitle/animals_add_legs/images/moose_3_1_384.png,Animals,Animal Add Legs,"Count the legs of this animal. Answer with a number in curly brackets, e.g., {9}.",5,4,False,Q2,384,main
animal_011_moose_notitle_Q2_px768,vlms-are-biased-notitle/animals_add_legs/images/moose_3_1_768.png,Animals,Animal Add Legs,"Count the legs of this animal. Answer with a number in curly brackets, e.g., {9}.",5,4,False,Q2,768,main
animal_011_moose_notitle_Q2_px1152,vlms-are-biased-notitle/animals_add_legs/images/moose_3_1_1152.png,Animals,Animal Add Legs,"Count the legs of this animal. Answer with a number in curly brackets, e.g., {9}.",5,4,False,Q2,1152,main
animal_012_reindeer_notitle_Q1_px384,vlms-are-biased-notitle/animals_add_legs/images/reindeer_1_0_384.png,Animals,Animal Add Legs,"How many legs does this animal have? Answer with a number in curly brackets, e.g., {9}.",5,4,False,Q1,384,main
animal_012_reindeer_notitle_Q1_px768,vlms-are-biased-notitle/animals_add_legs/images/reindeer_1_0_768.png,Animals,Animal Add Legs,"How many legs does this animal have? Answer with a number in curly brackets, e.g., {9}.",5,4,False,Q1,768,main
animal_012_reindeer_notitle_Q1_px1152,vlms-are-biased-notitle/animals_add_legs/images/reindeer_1_0_1152.png,Animals,Animal Add Legs,"How many legs does this animal have? Answer with a number in curly brackets, e.g., {9}.",5,4,False,Q1,1152,main
animal_012_reindeer_notitle_Q2_px384,vlms-are-biased-notitle/animals_add_legs/images/reindeer_1_0_384.png,Animals,Animal Add Legs,"Count the legs of this animal. Answer with a number in curly brackets, e.g., {9}.",5,4,False,Q2,384,main
animal_012_reindeer_notitle_Q2_px768,vlms-are-biased-notitle/animals_add_legs/images/reindeer_1_0_768.png,Animals,Animal Add Legs,"Count the legs of this animal. Answer with a number in curly brackets, e.g., {9}.",5,4,False,Q2,768,main
animal_012_reindeer_notitle_Q2_px1152,vlms-are-biased-notitle/animals_add_legs/images/reindeer_1_0_1152.png,Animals,Animal Add Legs,"Count the legs of this animal. Answer with a number in curly brackets, e.g., {9}.",5,4,False,Q2,1152,main
animal_013_caribou_notitle_Q1_px384,vlms-are-biased-notitle/animals_add_legs/images/caribou_3_3_384.png,Animals,Animal Add Legs,"How many legs does this animal have? Answer with a number in curly brackets, e.g., {9}.",5,4,False,Q1,384,main
animal_013_caribou_notitle_Q1_px768,vlms-are-biased-notitle/animals_add_legs/images/caribou_3_3_768.png,Animals,Animal Add Legs,"How many legs does this animal have? Answer with a number in curly brackets, e.g., {9}.",5,4,False,Q1,768,main
animal_013_caribou_notitle_Q1_px1152,vlms-are-biased-notitle/animals_add_legs/images/caribou_3_3_1152.png,Animals,Animal Add Legs,"How many legs does this animal have? Answer with a number in curly brackets, e.g., {9}.",5,4,False,Q1,1152,main
animal_013_caribou_notitle_Q2_px384,vlms-are-biased-notitle/animals_add_legs/images/caribou_3_3_384.png,Animals,Animal Add Legs,"Count the legs of this animal. Answer with a number in curly brackets, e.g., {9}.",5,4,False,Q2,384,main
animal_013_caribou_notitle_Q2_px768,vlms-are-biased-notitle/animals_add_legs/images/caribou_3_3_768.png,Animals,Animal Add Legs,"Count the legs of this animal. Answer with a number in curly brackets, e.g., {9}.",5,4,False,Q2,768,main
animal_013_caribou_notitle_Q2_px1152,vlms-are-biased-notitle/animals_add_legs/images/caribou_3_3_1152.png,Animals,Animal Add Legs,"Count the legs of this animal. Answer with a number in curly brackets, e.g., {9}.",5,4,False,Q2,1152,main
animal_014_gazelle_notitle_Q1_px384,vlms-are-biased-notitle/animals_add_legs/images/gazelle_3_3_384.png,Animals,Animal Add Legs,"How many legs does this animal have? Answer with a number in curly brackets, e.g., {9}.",5,4,False,Q1,384,main
animal_014_gazelle_notitle_Q1_px768,vlms-are-biased-notitle/animals_add_legs/images/gazelle_3_3_768.png,Animals,Animal Add Legs,"How many legs does this animal have? Answer with a number in curly brackets, e.g., {9}.",5,4,False,Q1,768,main
animal_014_gazelle_notitle_Q1_px1152,vlms-are-biased-notitle/animals_add_legs/images/gazelle_3_3_1152.png,Animals,Animal Add Legs,"How many legs does this animal have? Answer with a number in curly brackets, e.g., {9}.",5,4,False,Q1,1152,main
animal_014_gazelle_notitle_Q2_px384,vlms-are-biased-notitle/animals_add_legs/images/gazelle_3_3_384.png,Animals,Animal Add Legs,"Count the legs of this animal. Answer with a number in curly brackets, e.g., {9}.",5,4,False,Q2,384,main
animal_014_gazelle_notitle_Q2_px768,vlms-are-biased-notitle/animals_add_legs/images/gazelle_3_3_768.png,Animals,Animal Add Legs,"Count the legs of this animal. Answer with a number in curly brackets, e.g., {9}.",5,4,False,Q2,768,main
animal_014_gazelle_notitle_Q2_px1152,vlms-are-biased-notitle/animals_add_legs/images/gazelle_3_3_1152.png,Animals,Animal Add Legs,"Count the legs of this animal. Answer with a number in curly brackets, e.g., {9}.",5,4,False,Q2,1152,main
animal_015_giraffe_notitle_Q1_px384,vlms-are-biased-notitle/animals_add_legs/images/giraffe_3_2_384.png,Animals,Animal Add Legs,"How many legs does this animal have? Answer with a number in curly brackets, e.g., {9}.",5,4,False,Q1,384,main
animal_015_giraffe_notitle_Q1_px768,vlms-are-biased-notitle/animals_add_legs/images/giraffe_3_2_768.png,Animals,Animal Add Legs,"How many legs does this animal have? Answer with a number in curly brackets, e.g., {9}.",5,4,False,Q1,768,main
animal_015_giraffe_notitle_Q1_px1152,vlms-are-biased-notitle/animals_add_legs/images/giraffe_3_2_1152.png,Animals,Animal Add Legs,"How many legs does this animal have? Answer with a number in curly brackets, e.g., {9}.",5,4,False,Q1,1152,main
animal_015_giraffe_notitle_Q2_px384,vlms-are-biased-notitle/animals_add_legs/images/giraffe_3_2_384.png,Animals,Animal Add Legs,"Count the legs of this animal. Answer with a number in curly brackets, e.g., {9}.",5,4,False,Q2,384,main
animal_015_giraffe_notitle_Q2_px768,vlms-are-biased-notitle/animals_add_legs/images/giraffe_3_2_768.png,Animals,Animal Add Legs,"Count the legs of this animal. Answer with a number in curly brackets, e.g., {9}.",5,4,False,Q2,768,main
animal_015_giraffe_notitle_Q2_px1152,vlms-are-biased-notitle/animals_add_legs/images/giraffe_3_2_1152.png,Animals,Animal Add Legs,"Count the legs of this animal. Answer with a number in curly brackets, e.g., {9}.",5,4,False,Q2,1152,main
animal_016_camel_notitle_Q1_px384,vlms-are-biased-notitle/animals_add_legs/images/camel_0_0_384.png,Animals,Animal Add Legs,"How many legs does this animal have? Answer with a number in curly brackets, e.g., {9}.",5,4,False,Q1,384,main
animal_016_camel_notitle_Q1_px768,vlms-are-biased-notitle/animals_add_legs/images/camel_0_0_768.png,Animals,Animal Add Legs,"How many legs does this animal have? Answer with a number in curly brackets, e.g., {9}.",5,4,False,Q1,768,main
animal_016_camel_notitle_Q1_px1152,vlms-are-biased-notitle/animals_add_legs/images/camel_0_0_1152.png,Animals,Animal Add Legs,"How many legs does this animal have? Answer with a number in curly brackets, e.g., {9}.",5,4,False,Q1,1152,main
animal_016_camel_notitle_Q2_px384,vlms-are-biased-notitle/animals_add_legs/images/camel_0_0_384.png,Animals,Animal Add Legs,"Count the legs of this animal. Answer with a number in curly brackets, e.g., {9}.",5,4,False,Q2,384,main
animal_016_camel_notitle_Q2_px768,vlms-are-biased-notitle/animals_add_legs/images/camel_0_0_768.png,Animals,Animal Add Legs,"Count the legs of this animal. Answer with a number in curly brackets, e.g., {9}.",5,4,False,Q2,768,main
animal_016_camel_notitle_Q2_px1152,vlms-are-biased-notitle/animals_add_legs/images/camel_0_0_1152.png,Animals,Animal Add Legs,"Count the legs of this animal. Answer with a number in curly brackets, e.g., {9}.",5,4,False,Q2,1152,main
animal_017_dromedarycamel_notitle_Q1_px384,vlms-are-biased-notitle/animals_add_legs/images/dromedary camel_2_0_384.png,Animals,Animal Add Legs,"How many legs does this animal have? Answer with a number in curly brackets, e.g., {9}.",5,4,False,Q1,384,main
animal_017_dromedarycamel_notitle_Q1_px768,vlms-are-biased-notitle/animals_add_legs/images/dromedary camel_2_0_768.png,Animals,Animal Add Legs,"How many legs does this animal have? Answer with a number in curly brackets, e.g., {9}.",5,4,False,Q1,768,main
animal_017_dromedarycamel_notitle_Q1_px1152,vlms-are-biased-notitle/animals_add_legs/images/dromedary camel_2_0_1152.png,Animals,Animal Add Legs,"How many legs does this animal have? Answer with a number in curly brackets, e.g., {9}.",5,4,False,Q1,1152,main
animal_017_dromedarycamel_notitle_Q2_px384,vlms-are-biased-notitle/animals_add_legs/images/dromedary camel_2_0_384.png,Animals,Animal Add Legs,"Count the legs of this animal. Answer with a number in curly brackets, e.g., {9}.",5,4,False,Q2,384,main
animal_017_dromedarycamel_notitle_Q2_px768,vlms-are-biased-notitle/animals_add_legs/images/dromedary camel_2_0_768.png,Animals,Animal Add Legs,"Count the legs of this animal. Answer with a number in curly brackets, e.g., {9}.",5,4,False,Q2,768,main
animal_017_dromedarycamel_notitle_Q2_px1152,vlms-are-biased-notitle/animals_add_legs/images/dromedary camel_2_0_1152.png,Animals,Animal Add Legs,"Count the legs of this animal. Answer with a number in curly brackets, e.g., {9}.",5,4,False,Q2,1152,main
animal_018_bactriancamel_notitle_Q1_px384,vlms-are-biased-notitle/animals_add_legs/images/bactrian camel_3_2_384.png,Animals,Animal Add Legs,"How many legs does this animal have? Answer with a number in curly brackets, e.g., {9}.",5,4,False,Q1,384,main
animal_018_bactriancamel_notitle_Q1_px768,vlms-are-biased-notitle/animals_add_legs/images/bactrian camel_3_2_768.png,Animals,Animal Add Legs,"How many legs does this animal have? Answer with a number in curly brackets, e.g., {9}.",5,4,False,Q1,768,main
animal_018_bactriancamel_notitle_Q1_px1152,vlms-are-biased-notitle/animals_add_legs/images/bactrian camel_3_2_1152.png,Animals,Animal Add Legs,"How many legs does this animal have? Answer with a number in curly brackets, e.g., {9}.",5,4,False,Q1,1152,main
animal_018_bactriancamel_notitle_Q2_px384,vlms-are-biased-notitle/animals_add_legs/images/bactrian camel_3_2_384.png,Animals,Animal Add Legs,"Count the legs of this animal. Answer with a number in curly brackets, e.g., {9}.",5,4,False,Q2,384,main
animal_018_bactriancamel_notitle_Q2_px768,vlms-are-biased-notitle/animals_add_legs/images/bactrian camel_3_2_768.png,Animals,Animal Add Legs,"Count the legs of this animal. Answer with a number in curly brackets, e.g., {9}.",5,4,False,Q2,768,main
animal_018_bactriancamel_notitle_Q2_px1152,vlms-are-biased-notitle/animals_add_legs/images/bactrian camel_3_2_1152.png,Animals,Animal Add Legs,"Count the legs of this animal. Answer with a number in curly brackets, e.g., {9}.",5,4,False,Q2,1152,main
animal_019_llama_notitle_Q1_px384,vlms-are-biased-notitle/animals_add_legs/images/llama_1_1_384.png,Animals,Animal Add Legs,"How many legs does this animal have? Answer with a number in curly brackets, e.g., {9}.",5,4,False,Q1,384,main
animal_019_llama_notitle_Q1_px768,vlms-are-biased-notitle/animals_add_legs/images/llama_1_1_768.png,Animals,Animal Add Legs,"How many legs does this animal have? Answer with a number in curly brackets, e.g., {9}.",5,4,False,Q1,768,main
animal_019_llama_notitle_Q1_px1152,vlms-are-biased-notitle/animals_add_legs/images/llama_1_1_1152.png,Animals,Animal Add Legs,"How many legs does this animal have? Answer with a number in curly brackets, e.g., {9}.",5,4,False,Q1,1152,main
animal_019_llama_notitle_Q2_px384,vlms-are-biased-notitle/animals_add_legs/images/llama_1_1_384.png,Animals,Animal Add Legs,"Count the legs of this animal. Answer with a number in curly brackets, e.g., {9}.",5,4,False,Q2,384,main
animal_019_llama_notitle_Q2_px768,vlms-are-biased-notitle/animals_add_legs/images/llama_1_1_768.png,Animals,Animal Add Legs,"Count the legs of this animal. Answer with a number in curly brackets, e.g., {9}.",5,4,False,Q2,768,main
animal_019_llama_notitle_Q2_px1152,vlms-are-biased-notitle/animals_add_legs/images/llama_1_1_1152.png,Animals,Animal Add Legs,"Count the legs of this animal. Answer with a number in curly brackets, e.g., {9}.",5,4,False,Q2,1152,main
animal_020_alpaca_notitle_Q1_px384,vlms-are-biased-notitle/animals_add_legs/images/alpaca_2_2_384.png,Animals,Animal Add Legs,"How many legs does this animal have? Answer with a number in curly brackets, e.g., {9}.",5,4,False,Q1,384,main
animal_020_alpaca_notitle_Q1_px768,vlms-are-biased-notitle/animals_add_legs/images/alpaca_2_2_768.png,Animals,Animal Add Legs,"How many legs does this animal have? Answer with a number in curly brackets, e.g., {9}.",5,4,False,Q1,768,main
animal_020_alpaca_notitle_Q1_px1152,vlms-are-biased-notitle/animals_add_legs/images/alpaca_2_2_1152.png,Animals,Animal Add Legs,"How many legs does this animal have? Answer with a number in curly brackets, e.g., {9}.",5,4,False,Q1,1152,main
animal_020_alpaca_notitle_Q2_px384,vlms-are-biased-notitle/animals_add_legs/images/alpaca_2_2_384.png,Animals,Animal Add Legs,"Count the legs of this animal. Answer with a number in curly brackets, e.g., {9}.",5,4,False,Q2,384,main
animal_020_alpaca_notitle_Q2_px768,vlms-are-biased-notitle/animals_add_legs/images/alpaca_2_2_768.png,Animals,Animal Add Legs,"Count the legs of this animal. Answer with a number in curly brackets, e.g., {9}.",5,4,False,Q2,768,main
animal_020_alpaca_notitle_Q2_px1152,vlms-are-biased-notitle/animals_add_legs/images/alpaca_2_2_1152.png,Animals,Animal Add Legs,"Count the legs of this animal. Answer with a number in curly brackets, e.g., {9}.",5,4,False,Q2,1152,main
animal_021_goat_notitle_Q1_px384,vlms-are-biased-notitle/animals_add_legs/images/goat_0_2_384.png,Animals,Animal Add Legs,"How many legs does this animal have? Answer with a number in curly brackets, e.g., {9}.",5,4,False,Q1,384,main
animal_021_goat_notitle_Q1_px768,vlms-are-biased-notitle/animals_add_legs/images/goat_0_2_768.png,Animals,Animal Add Legs,"How many legs does this animal have? Answer with a number in curly brackets, e.g., {9}.",5,4,False,Q1,768,main
animal_021_goat_notitle_Q1_px1152,vlms-are-biased-notitle/animals_add_legs/images/goat_0_2_1152.png,Animals,Animal Add Legs,"How many legs does this animal have? Answer with a number in curly brackets, e.g., {9}.",5,4,False,Q1,1152,main
animal_021_goat_notitle_Q2_px384,vlms-are-biased-notitle/animals_add_legs/images/goat_0_2_384.png,Animals,Animal Add Legs,"Count the legs of this animal. Answer with a number in curly brackets, e.g., {9}.",5,4,False,Q2,384,main
animal_021_goat_notitle_Q2_px768,vlms-are-biased-notitle/animals_add_legs/images/goat_0_2_768.png,Animals,Animal Add Legs,"Count the legs of this animal. Answer with a number in curly brackets, e.g., {9}.",5,4,False,Q2,768,main
animal_021_goat_notitle_Q2_px1152,vlms-are-biased-notitle/animals_add_legs/images/goat_0_2_1152.png,Animals,Animal Add Legs,"Count the legs of this animal. Answer with a number in curly brackets, e.g., {9}.",5,4,False,Q2,1152,main
animal_022_ibex_notitle_Q1_px384,vlms-are-biased-notitle/animals_add_legs/images/ibex_4_3_384.png,Animals,Animal Add Legs,"How many legs does this animal have? Answer with a number in curly brackets, e.g., {9}.",5,4,False,Q1,384,main
animal_022_ibex_notitle_Q1_px768,vlms-are-biased-notitle/animals_add_legs/images/ibex_4_3_768.png,Animals,Animal Add Legs,"How many legs does this animal have? Answer with a number in curly brackets, e.g., {9}.",5,4,False,Q1,768,main
animal_022_ibex_notitle_Q1_px1152,vlms-are-biased-notitle/animals_add_legs/images/ibex_4_3_1152.png,Animals,Animal Add Legs,"How many legs does this animal have? Answer with a number in curly brackets, e.g., {9}.",5,4,False,Q1,1152,main
animal_022_ibex_notitle_Q2_px384,vlms-are-biased-notitle/animals_add_legs/images/ibex_4_3_384.png,Animals,Animal Add Legs,"Count the legs of this animal. Answer with a number in curly brackets, e.g., {9}.",5,4,False,Q2,384,main
animal_022_ibex_notitle_Q2_px768,vlms-are-biased-notitle/animals_add_legs/images/ibex_4_3_768.png,Animals,Animal Add Legs,"Count the legs of this animal. Answer with a number in curly brackets, e.g., {9}.",5,4,False,Q2,768,main
animal_022_ibex_notitle_Q2_px1152,vlms-are-biased-notitle/animals_add_legs/images/ibex_4_3_1152.png,Animals,Animal Add Legs,"Count the legs of this animal. Answer with a number in curly brackets, e.g., {9}.",5,4,False,Q2,1152,main
animal_023_mountaingoat_notitle_Q1_px384,vlms-are-biased-notitle/animals_add_legs/images/mountain goat_4_3_384.png,Animals,Animal Add Legs,"How many legs does this animal have? Answer with a number in curly brackets, e.g., {9}.",5,4,False,Q1,384,main
animal_023_mountaingoat_notitle_Q1_px768,vlms-are-biased-notitle/animals_add_legs/images/mountain goat_4_3_768.png,Animals,Animal Add Legs,"How many legs does this animal have? Answer with a number in curly brackets, e.g., {9}.",5,4,False,Q1,768,main
animal_023_mountaingoat_notitle_Q1_px1152,vlms-are-biased-notitle/animals_add_legs/images/mountain goat_4_3_1152.png,Animals,Animal Add Legs,"How many legs does this animal have? Answer with a number in curly brackets, e.g., {9}.",5,4,False,Q1,1152,main
animal_023_mountaingoat_notitle_Q2_px384,vlms-are-biased-notitle/animals_add_legs/images/mountain goat_4_3_384.png,Animals,Animal Add Legs,"Count the legs of this animal. Answer with a number in curly brackets, e.g., {9}.",5,4,False,Q2,384,main
animal_023_mountaingoat_notitle_Q2_px768,vlms-are-biased-notitle/animals_add_legs/images/mountain goat_4_3_768.png,Animals,Animal Add Legs,"Count the legs of this animal. Answer with a number in curly brackets, e.g., {9}.",5,4,False,Q2,768,main
animal_023_mountaingoat_notitle_Q2_px1152,vlms-are-biased-notitle/animals_add_legs/images/mountain goat_4_3_1152.png,Animals,Animal Add Legs,"Count the legs of this animal. Answer with a number in curly brackets, e.g., {9}.",5,4,False,Q2,1152,main
animal_024_pronghorn_notitle_Q1_px384,vlms-are-biased-notitle/animals_add_legs/images/pronghorn_1_2_384.png,Animals,Animal Add Legs,"How many legs does this animal have? Answer with a number in curly brackets, e.g., {9}.",5,4,False,Q1,384,main
animal_024_pronghorn_notitle_Q1_px768,vlms-are-biased-notitle/animals_add_legs/images/pronghorn_1_2_768.png,Animals,Animal Add Legs,"How many legs does this animal have? Answer with a number in curly brackets, e.g., {9}.",5,4,False,Q1,768,main
animal_024_pronghorn_notitle_Q1_px1152,vlms-are-biased-notitle/animals_add_legs/images/pronghorn_1_2_1152.png,Animals,Animal Add Legs,"How many legs does this animal have? Answer with a number in curly brackets, e.g., {9}.",5,4,False,Q1,1152,main
animal_024_pronghorn_notitle_Q2_px384,vlms-are-biased-notitle/animals_add_legs/images/pronghorn_1_2_384.png,Animals,Animal Add Legs,"Count the legs of this animal. Answer with a number in curly brackets, e.g., {9}.",5,4,False,Q2,384,main
animal_024_pronghorn_notitle_Q2_px768,vlms-are-biased-notitle/animals_add_legs/images/pronghorn_1_2_768.png,Animals,Animal Add Legs,"Count the legs of this animal. Answer with a number in curly brackets, e.g., {9}.",5,4,False,Q2,768,main
animal_024_pronghorn_notitle_Q2_px1152,vlms-are-biased-notitle/animals_add_legs/images/pronghorn_1_2_1152.png,Animals,Animal Add Legs,"Count the legs of this animal. Answer with a number in curly brackets, e.g., {9}.",5,4,False,Q2,1152,main
animal_025_bighornsheep_notitle_Q1_px384,vlms-are-biased-notitle/animals_add_legs/images/bighorn sheep_2_3_384.png,Animals,Animal Add Legs,"How many legs does this animal have? Answer with a number in curly brackets, e.g., {9}.",5,4,False,Q1,384,main
animal_025_bighornsheep_notitle_Q1_px768,vlms-are-biased-notitle/animals_add_legs/images/bighorn sheep_2_3_768.png,Animals,Animal Add Legs,"How many legs does this animal have? Answer with a number in curly brackets, e.g., {9}.",5,4,False,Q1,768,main
animal_025_bighornsheep_notitle_Q1_px1152,vlms-are-biased-notitle/animals_add_legs/images/bighorn sheep_2_3_1152.png,Animals,Animal Add Legs,"How many legs does this animal have? Answer with a number in curly brackets, e.g., {9}.",5,4,False,Q1,1152,main
animal_025_bighornsheep_notitle_Q2_px384,vlms-are-biased-notitle/animals_add_legs/images/bighorn sheep_2_3_384.png,Animals,Animal Add Legs,"Count the legs of this animal. Answer with a number in curly brackets, e.g., {9}.",5,4,False,Q2,384,main
animal_025_bighornsheep_notitle_Q2_px768,vlms-are-biased-notitle/animals_add_legs/images/bighorn sheep_2_3_768.png,Animals,Animal Add Legs,"Count the legs of this animal. Answer with a number in curly brackets, e.g., {9}.",5,4,False,Q2,768,main
animal_025_bighornsheep_notitle_Q2_px1152,vlms-are-biased-notitle/animals_add_legs/images/bighorn sheep_2_3_1152.png,Animals,Animal Add Legs,"Count the legs of this animal. Answer with a number in curly brackets, e.g., {9}.",5,4,False,Q2,1152,main
animal_026_wildboar_notitle_Q1_px384,vlms-are-biased-notitle/animals_add_legs/images/wild boar_3_1_384.png,Animals,Animal Add Legs,"How many legs does this animal have? Answer with a number in curly brackets, e.g., {9}.",5,4,False,Q1,384,main
animal_026_wildboar_notitle_Q1_px768,vlms-are-biased-notitle/animals_add_legs/images/wild boar_3_1_768.png,Animals,Animal Add Legs,"How many legs does this animal have? Answer with a number in curly brackets, e.g., {9}.",5,4,False,Q1,768,main
animal_026_wildboar_notitle_Q1_px1152,vlms-are-biased-notitle/animals_add_legs/images/wild boar_3_1_1152.png,Animals,Animal Add Legs,"How many legs does this animal have? Answer with a number in curly brackets, e.g., {9}.",5,4,False,Q1,1152,main
animal_026_wildboar_notitle_Q2_px384,vlms-are-biased-notitle/animals_add_legs/images/wild boar_3_1_384.png,Animals,Animal Add Legs,"Count the legs of this animal. Answer with a number in curly brackets, e.g., {9}.",5,4,False,Q2,384,main
animal_026_wildboar_notitle_Q2_px768,vlms-are-biased-notitle/animals_add_legs/images/wild boar_3_1_768.png,Animals,Animal Add Legs,"Count the legs of this animal. Answer with a number in curly brackets, e.g., {9}.",5,4,False,Q2,768,main
animal_026_wildboar_notitle_Q2_px1152,vlms-are-biased-notitle/animals_add_legs/images/wild boar_3_1_1152.png,Animals,Animal Add Legs,"Count the legs of this animal. Answer with a number in curly brackets, e.g., {9}.",5,4,False,Q2,1152,main
animal_027_pig_notitle_Q1_px384,vlms-are-biased-notitle/animals_add_legs/images/pig_0_3_384.png,Animals,Animal Add Legs,"How many legs does this animal have? Answer with a number in curly brackets, e.g., {9}.",5,4,False,Q1,384,main
animal_027_pig_notitle_Q1_px768,vlms-are-biased-notitle/animals_add_legs/images/pig_0_3_768.png,Animals,Animal Add Legs,"How many legs does this animal have? Answer with a number in curly brackets, e.g., {9}.",5,4,False,Q1,768,main
animal_027_pig_notitle_Q1_px1152,vlms-are-biased-notitle/animals_add_legs/images/pig_0_3_1152.png,Animals,Animal Add Legs,"How many legs does this animal have? Answer with a number in curly brackets, e.g., {9}.",5,4,False,Q1,1152,main
animal_027_pig_notitle_Q2_px384,vlms-are-biased-notitle/animals_add_legs/images/pig_0_3_384.png,Animals,Animal Add Legs,"Count the legs of this animal. Answer with a number in curly brackets, e.g., {9}.",5,4,False,Q2,384,main
animal_027_pig_notitle_Q2_px768,vlms-are-biased-notitle/animals_add_legs/images/pig_0_3_768.png,Animals,Animal Add Legs,"Count the legs of this animal. Answer with a number in curly brackets, e.g., {9}.",5,4,False,Q2,768,main
animal_027_pig_notitle_Q2_px1152,vlms-are-biased-notitle/animals_add_legs/images/pig_0_3_1152.png,Animals,Animal Add Legs,"Count the legs of this animal. Answer with a number in curly brackets, e.g., {9}.",5,4,False,Q2,1152,main
animal_028_warthog_notitle_Q1_px384,vlms-are-biased-notitle/animals_add_legs/images/warthog_2_1_384.png,Animals,Animal Add Legs,"How many legs does this animal have? Answer with a number in curly brackets, e.g., {9}.",5,4,False,Q1,384,main
animal_028_warthog_notitle_Q1_px768,vlms-are-biased-notitle/animals_add_legs/images/warthog_2_1_768.png,Animals,Animal Add Legs,"How many legs does this animal have? Answer with a number in curly brackets, e.g., {9}.",5,4,False,Q1,768,main
animal_028_warthog_notitle_Q1_px1152,vlms-are-biased-notitle/animals_add_legs/images/warthog_2_1_1152.png,Animals,Animal Add Legs,"How many legs does this animal have? Answer with a number in curly brackets, e.g., {9}.",5,4,False,Q1,1152,main
animal_028_warthog_notitle_Q2_px384,vlms-are-biased-notitle/animals_add_legs/images/warthog_2_1_384.png,Animals,Animal Add Legs,"Count the legs of this animal. Answer with a number in curly brackets, e.g., {9}.",5,4,False,Q2,384,main
animal_028_warthog_notitle_Q2_px768,vlms-are-biased-notitle/animals_add_legs/images/warthog_2_1_768.png,Animals,Animal Add Legs,"Count the legs of this animal. Answer with a number in curly brackets, e.g., {9}.",5,4,False,Q2,768,main
animal_028_warthog_notitle_Q2_px1152,vlms-are-biased-notitle/animals_add_legs/images/warthog_2_1_1152.png,Animals,Animal Add Legs,"Count the legs of this animal. Answer with a number in curly brackets, e.g., {9}.",5,4,False,Q2,1152,main
animal_029_coyote_notitle_Q1_px384,vlms-are-biased-notitle/animals_add_legs/images/coyote_3_3_384.png,Animals,Animal Add Legs,"How many legs does this animal have? Answer with a number in curly brackets, e.g., {9}.",5,4,False,Q1,384,main
animal_029_coyote_notitle_Q1_px768,vlms-are-biased-notitle/animals_add_legs/images/coyote_3_3_768.png,Animals,Animal Add Legs,"How many legs does this animal have? Answer with a number in curly brackets, e.g., {9}.",5,4,False,Q1,768,main
animal_029_coyote_notitle_Q1_px1152,vlms-are-biased-notitle/animals_add_legs/images/coyote_3_3_1152.png,Animals,Animal Add Legs,"How many legs does this animal have? Answer with a number in curly brackets, e.g., {9}.",5,4,False,Q1,1152,main
animal_029_coyote_notitle_Q2_px384,vlms-are-biased-notitle/animals_add_legs/images/coyote_3_3_384.png,Animals,Animal Add Legs,"Count the legs of this animal. Answer with a number in curly brackets, e.g., {9}.",5,4,False,Q2,384,main
animal_029_coyote_notitle_Q2_px768,vlms-are-biased-notitle/animals_add_legs/images/coyote_3_3_768.png,Animals,Animal Add Legs,"Count the legs of this animal. Answer with a number in curly brackets, e.g., {9}.",5,4,False,Q2,768,main
animal_029_coyote_notitle_Q2_px1152,vlms-are-biased-notitle/animals_add_legs/images/coyote_3_3_1152.png,Animals,Animal Add Legs,"Count the legs of this animal. Answer with a number in curly brackets, e.g., {9}.",5,4,False,Q2,1152,main
animal_030_lynx_notitle_Q1_px384,vlms-are-biased-notitle/animals_add_legs/images/lynx_1_3_384.png,Animals,Animal Add Legs,"How many legs does this animal have? Answer with a number in curly brackets, e.g., {9}.",5,4,False,Q1,384,main
animal_030_lynx_notitle_Q1_px768,vlms-are-biased-notitle/animals_add_legs/images/lynx_1_3_768.png,Animals,Animal Add Legs,"How many legs does this animal have? Answer with a number in curly brackets, e.g., {9}.",5,4,False,Q1,768,main
animal_030_lynx_notitle_Q1_px1152,vlms-are-biased-notitle/animals_add_legs/images/lynx_1_3_1152.png,Animals,Animal Add Legs,"How many legs does this animal have? Answer with a number in curly brackets, e.g., {9}.",5,4,False,Q1,1152,main
animal_030_lynx_notitle_Q2_px384,vlms-are-biased-notitle/animals_add_legs/images/lynx_1_3_384.png,Animals,Animal Add Legs,"Count the legs of this animal. Answer with a number in curly brackets, e.g., {9}.",5,4,False,Q2,384,main
animal_030_lynx_notitle_Q2_px768,vlms-are-biased-notitle/animals_add_legs/images/lynx_1_3_768.png,Animals,Animal Add Legs,"Count the legs of this animal. Answer with a number in curly brackets, e.g., {9}.",5,4,False,Q2,768,main
animal_030_lynx_notitle_Q2_px1152,vlms-are-biased-notitle/animals_add_legs/images/lynx_1_3_1152.png,Animals,Animal Add Legs,"Count the legs of this animal. Answer with a number in curly brackets, e.g., {9}.",5,4,False,Q2,1152,main
animal_031_bobcat_notitle_Q1_px384,vlms-are-biased-notitle/animals_add_legs/images/bobcat_2_3_384.png,Animals,Animal Add Legs,"How many legs does this animal have? Answer with a number in curly brackets, e.g., {9}.",5,4,False,Q1,384,main
animal_031_bobcat_notitle_Q1_px768,vlms-are-biased-notitle/animals_add_legs/images/bobcat_2_3_768.png,Animals,Animal Add Legs,"How many legs does this animal have? Answer with a number in curly brackets, e.g., {9}.",5,4,False,Q1,768,main
animal_031_bobcat_notitle_Q1_px1152,vlms-are-biased-notitle/animals_add_legs/images/bobcat_2_3_1152.png,Animals,Animal Add Legs,"How many legs does this animal have? Answer with a number in curly brackets, e.g., {9}.",5,4,False,Q1,1152,main
animal_031_bobcat_notitle_Q2_px384,vlms-are-biased-notitle/animals_add_legs/images/bobcat_2_3_384.png,Animals,Animal Add Legs,"Count the legs of this animal. Answer with a number in curly brackets, e.g., {9}.",5,4,False,Q2,384,main
animal_031_bobcat_notitle_Q2_px768,vlms-are-biased-notitle/animals_add_legs/images/bobcat_2_3_768.png,Animals,Animal Add Legs,"Count the legs of this animal. Answer with a number in curly brackets, e.g., {9}.",5,4,False,Q2,768,main
animal_031_bobcat_notitle_Q2_px1152,vlms-are-biased-notitle/animals_add_legs/images/bobcat_2_3_1152.png,Animals,Animal Add Legs,"Count the legs of this animal. Answer with a number in curly brackets, e.g., {9}.",5,4,False,Q2,1152,main
animal_032_leopard_notitle_Q1_px384,vlms-are-biased-notitle/animals_add_legs/images/leopard_1_3_384.png,Animals,Animal Add Legs,"How many legs does this animal have? Answer with a number in curly brackets, e.g., {9}.",5,4,False,Q1,384,main
animal_032_leopard_notitle_Q1_px768,vlms-are-biased-notitle/animals_add_legs/images/leopard_1_3_768.png,Animals,Animal Add Legs,"How many legs does this animal have? Answer with a number in curly brackets, e.g., {9}.",5,4,False,Q1,768,main
animal_032_leopard_notitle_Q1_px1152,vlms-are-biased-notitle/animals_add_legs/images/leopard_1_3_1152.png,Animals,Animal Add Legs,"How many legs does this animal have? Answer with a number in curly brackets, e.g., {9}.",5,4,False,Q1,1152,main
animal_032_leopard_notitle_Q2_px384,vlms-are-biased-notitle/animals_add_legs/images/leopard_1_3_384.png,Animals,Animal Add Legs,"Count the legs of this animal. Answer with a number in curly brackets, e.g., {9}.",5,4,False,Q2,384,main
animal_032_leopard_notitle_Q2_px768,vlms-are-biased-notitle/animals_add_legs/images/leopard_1_3_768.png,Animals,Animal Add Legs,"Count the legs of this animal. Answer with a number in curly brackets, e.g., {9}.",5,4,False,Q2,768,main
animal_032_leopard_notitle_Q2_px1152,vlms-are-biased-notitle/animals_add_legs/images/leopard_1_3_1152.png,Animals,Animal Add Legs,"Count the legs of this animal. Answer with a number in curly brackets, e.g., {9}.",5,4,False,Q2,1152,main
animal_033_tiger_notitle_Q1_px384,vlms-are-biased-notitle/animals_add_legs/images/tiger_1_0_384.png,Animals,Animal Add Legs,"How many legs does this animal have? Answer with a number in curly brackets, e.g., {9}.",5,4,False,Q1,384,main
animal_033_tiger_notitle_Q1_px768,vlms-are-biased-notitle/animals_add_legs/images/tiger_1_0_768.png,Animals,Animal Add Legs,"How many legs does this animal have? Answer with a number in curly brackets, e.g., {9}.",5,4,False,Q1,768,main
animal_033_tiger_notitle_Q1_px1152,vlms-are-biased-notitle/animals_add_legs/images/tiger_1_0_1152.png,Animals,Animal Add Legs,"How many legs does this animal have? Answer with a number in curly brackets, e.g., {9}.",5,4,False,Q1,1152,main
animal_033_tiger_notitle_Q2_px384,vlms-are-biased-notitle/animals_add_legs/images/tiger_1_0_384.png,Animals,Animal Add Legs,"Count the legs of this animal. Answer with a number in curly brackets, e.g., {9}.",5,4,False,Q2,384,main
animal_033_tiger_notitle_Q2_px768,vlms-are-biased-notitle/animals_add_legs/images/tiger_1_0_768.png,Animals,Animal Add Legs,"Count the legs of this animal. Answer with a number in curly brackets, e.g., {9}.",5,4,False,Q2,768,main
animal_033_tiger_notitle_Q2_px1152,vlms-are-biased-notitle/animals_add_legs/images/tiger_1_0_1152.png,Animals,Animal Add Legs,"Count the legs of this animal. Answer with a number in curly brackets, e.g., {9}.",5,4,False,Q2,1152,main
animal_034_lion_notitle_Q1_px384,vlms-are-biased-notitle/animals_add_legs/images/lion_0_0_384.png,Animals,Animal Add Legs,"How many legs does this animal have? Answer with a number in curly brackets, e.g., {9}.",5,4,False,Q1,384,main
animal_034_lion_notitle_Q1_px768,vlms-are-biased-notitle/animals_add_legs/images/lion_0_0_768.png,Animals,Animal Add Legs,"How many legs does this animal have? Answer with a number in curly brackets, e.g., {9}.",5,4,False,Q1,768,main
animal_034_lion_notitle_Q1_px1152,vlms-are-biased-notitle/animals_add_legs/images/lion_0_0_1152.png,Animals,Animal Add Legs,"How many legs does this animal have? Answer with a number in curly brackets, e.g., {9}.",5,4,False,Q1,1152,main
animal_034_lion_notitle_Q2_px384,vlms-are-biased-notitle/animals_add_legs/images/lion_0_0_384.png,Animals,Animal Add Legs,"Count the legs of this animal. Answer with a number in curly brackets, e.g., {9}.",5,4,False,Q2,384,main
animal_034_lion_notitle_Q2_px768,vlms-are-biased-notitle/animals_add_legs/images/lion_0_0_768.png,Animals,Animal Add Legs,"Count the legs of this animal. Answer with a number in curly brackets, e.g., {9}.",5,4,False,Q2,768,main
animal_034_lion_notitle_Q2_px1152,vlms-are-biased-notitle/animals_add_legs/images/lion_0_0_1152.png,Animals,Animal Add Legs,"Count the legs of this animal. Answer with a number in curly brackets, e.g., {9}.",5,4,False,Q2,1152,main
animal_035_jaguar_notitle_Q1_px384,vlms-are-biased-notitle/animals_add_legs/images/jaguar_3_2_384.png,Animals,Animal Add Legs,"How many legs does this animal have? Answer with a number in curly brackets, e.g., {9}.",5,4,False,Q1,384,main
animal_035_jaguar_notitle_Q1_px768,vlms-are-biased-notitle/animals_add_legs/images/jaguar_3_2_768.png,Animals,Animal Add Legs,"How many legs does this animal have? Answer with a number in curly brackets, e.g., {9}.",5,4,False,Q1,768,main
animal_035_jaguar_notitle_Q1_px1152,vlms-are-biased-notitle/animals_add_legs/images/jaguar_3_2_1152.png,Animals,Animal Add Legs,"How many legs does this animal have? Answer with a number in curly brackets, e.g., {9}.",5,4,False,Q1,1152,main
animal_035_jaguar_notitle_Q2_px384,vlms-are-biased-notitle/animals_add_legs/images/jaguar_3_2_384.png,Animals,Animal Add Legs,"Count the legs of this animal. Answer with a number in curly brackets, e.g., {9}.",5,4,False,Q2,384,main
animal_035_jaguar_notitle_Q2_px768,vlms-are-biased-notitle/animals_add_legs/images/jaguar_3_2_768.png,Animals,Animal Add Legs,"Count the legs of this animal. Answer with a number in curly brackets, e.g., {9}.",5,4,False,Q2,768,main
animal_035_jaguar_notitle_Q2_px1152,vlms-are-biased-notitle/animals_add_legs/images/jaguar_3_2_1152.png,Animals,Animal Add Legs,"Count the legs of this animal. Answer with a number in curly brackets, e.g., {9}.",5,4,False,Q2,1152,main
animal_036_puma_notitle_Q1_px384,vlms-are-biased-notitle/animals_add_legs/images/puma_2_2_384.png,Animals,Animal Add Legs,"How many legs does this animal have? Answer with a number in curly brackets, e.g., {9}.",5,4,False,Q1,384,main
animal_036_puma_notitle_Q1_px768,vlms-are-biased-notitle/animals_add_legs/images/puma_2_2_768.png,Animals,Animal Add Legs,"How many legs does this animal have? Answer with a number in curly brackets, e.g., {9}.",5,4,False,Q1,768,main
animal_036_puma_notitle_Q1_px1152,vlms-are-biased-notitle/animals_add_legs/images/puma_2_2_1152.png,Animals,Animal Add Legs,"How many legs does this animal have? Answer with a number in curly brackets, e.g., {9}.",5,4,False,Q1,1152,main
animal_036_puma_notitle_Q2_px384,vlms-are-biased-notitle/animals_add_legs/images/puma_2_2_384.png,Animals,Animal Add Legs,"Count the legs of this animal. Answer with a number in curly brackets, e.g., {9}.",5,4,False,Q2,384,main
animal_036_puma_notitle_Q2_px768,vlms-are-biased-notitle/animals_add_legs/images/puma_2_2_768.png,Animals,Animal Add Legs,"Count the legs of this animal. Answer with a number in curly brackets, e.g., {9}.",5,4,False,Q2,768,main
animal_036_puma_notitle_Q2_px1152,vlms-are-biased-notitle/animals_add_legs/images/puma_2_2_1152.png,Animals,Animal Add Legs,"Count the legs of this animal. Answer with a number in curly brackets, e.g., {9}.",5,4,False,Q2,1152,main
animal_037_ocelot_notitle_Q1_px384,vlms-are-biased-notitle/animals_add_legs/images/ocelot_1_2_384.png,Animals,Animal Add Legs,"How many legs does this animal have? Answer with a number in curly brackets, e.g., {9}.",5,4,False,Q1,384,main
animal_037_ocelot_notitle_Q1_px768,vlms-are-biased-notitle/animals_add_legs/images/ocelot_1_2_768.png,Animals,Animal Add Legs,"How many legs does this animal have? Answer with a number in curly brackets, e.g., {9}.",5,4,False,Q1,768,main
animal_037_ocelot_notitle_Q1_px1152,vlms-are-biased-notitle/animals_add_legs/images/ocelot_1_2_1152.png,Animals,Animal Add Legs,"How many legs does this animal have? Answer with a number in curly brackets, e.g., {9}.",5,4,False,Q1,1152,main
animal_037_ocelot_notitle_Q2_px384,vlms-are-biased-notitle/animals_add_legs/images/ocelot_1_2_384.png,Animals,Animal Add Legs,"Count the legs of this animal. Answer with a number in curly brackets, e.g., {9}.",5,4,False,Q2,384,main
animal_037_ocelot_notitle_Q2_px768,vlms-are-biased-notitle/animals_add_legs/images/ocelot_1_2_768.png,Animals,Animal Add Legs,"Count the legs of this animal. Answer with a number in curly brackets, e.g., {9}.",5,4,False,Q2,768,main
animal_037_ocelot_notitle_Q2_px1152,vlms-are-biased-notitle/animals_add_legs/images/ocelot_1_2_1152.png,Animals,Animal Add Legs,"Count the legs of this animal. Answer with a number in curly brackets, e.g., {9}.",5,4,False,Q2,1152,main
animal_038_caracal_notitle_Q1_px384,vlms-are-biased-notitle/animals_add_legs/images/caracal_3_0_384.png,Animals,Animal Add Legs,"How many legs does this animal have? Answer with a number in curly brackets, e.g., {9}.",5,4,False,Q1,384,main
animal_038_caracal_notitle_Q1_px768,vlms-are-biased-notitle/animals_add_legs/images/caracal_3_0_768.png,Animals,Animal Add Legs,"How many legs does this animal have? Answer with a number in curly brackets, e.g., {9}.",5,4,False,Q1,768,main
animal_038_caracal_notitle_Q1_px1152,vlms-are-biased-notitle/animals_add_legs/images/caracal_3_0_1152.png,Animals,Animal Add Legs,"How many legs does this animal have? Answer with a number in curly brackets, e.g., {9}.",5,4,False,Q1,1152,main
animal_038_caracal_notitle_Q2_px384,vlms-are-biased-notitle/animals_add_legs/images/caracal_3_0_384.png,Animals,Animal Add Legs,"Count the legs of this animal. Answer with a number in curly brackets, e.g., {9}.",5,4,False,Q2,384,main
animal_038_caracal_notitle_Q2_px768,vlms-are-biased-notitle/animals_add_legs/images/caracal_3_0_768.png,Animals,Animal Add Legs,"Count the legs of this animal. Answer with a number in curly brackets, e.g., {9}.",5,4,False,Q2,768,main
animal_038_caracal_notitle_Q2_px1152,vlms-are-biased-notitle/animals_add_legs/images/caracal_3_0_1152.png,Animals,Animal Add Legs,"Count the legs of this animal. Answer with a number in curly brackets, e.g., {9}.",5,4,False,Q2,1152,main
animal_039_hyena_notitle_Q1_px384,vlms-are-biased-notitle/animals_add_legs/images/hyena_4_3_384.png,Animals,Animal Add Legs,"How many legs does this animal have? Answer with a number in curly brackets, e.g., {9}.",5,4,False,Q1,384,main
animal_039_hyena_notitle_Q1_px768,vlms-are-biased-notitle/animals_add_legs/images/hyena_4_3_768.png,Animals,Animal Add Legs,"How many legs does this animal have? Answer with a number in curly brackets, e.g., {9}.",5,4,False,Q1,768,main
animal_039_hyena_notitle_Q1_px1152,vlms-are-biased-notitle/animals_add_legs/images/hyena_4_3_1152.png,Animals,Animal Add Legs,"How many legs does this animal have? Answer with a number in curly brackets, e.g., {9}.",5,4,False,Q1,1152,main
animal_039_hyena_notitle_Q2_px384,vlms-are-biased-notitle/animals_add_legs/images/hyena_4_3_384.png,Animals,Animal Add Legs,"Count the legs of this animal. Answer with a number in curly brackets, e.g., {9}.",5,4,False,Q2,384,main
animal_039_hyena_notitle_Q2_px768,vlms-are-biased-notitle/animals_add_legs/images/hyena_4_3_768.png,Animals,Animal Add Legs,"Count the legs of this animal. Answer with a number in curly brackets, e.g., {9}.",5,4,False,Q2,768,main
animal_039_hyena_notitle_Q2_px1152,vlms-are-biased-notitle/animals_add_legs/images/hyena_4_3_1152.png,Animals,Animal Add Legs,"Count the legs of this animal. Answer with a number in curly brackets, e.g., {9}.",5,4,False,Q2,1152,main
animal_040_rabbit_notitle_Q1_px384,vlms-are-biased-notitle/animals_add_legs/images/rabbit_2_1_384.png,Animals,Animal Add Legs,"How many legs does this animal have? Answer with a number in curly brackets, e.g., {9}.",5,4,False,Q1,384,main
animal_040_rabbit_notitle_Q1_px768,vlms-are-biased-notitle/animals_add_legs/images/rabbit_2_1_768.png,Animals,Animal Add Legs,"How many legs does this animal have? Answer with a number in curly brackets, e.g., {9}.",5,4,False,Q1,768,main
animal_040_rabbit_notitle_Q1_px1152,vlms-are-biased-notitle/animals_add_legs/images/rabbit_2_1_1152.png,Animals,Animal Add Legs,"How many legs does this animal have? Answer with a number in curly brackets, e.g., {9}.",5,4,False,Q1,1152,main
animal_040_rabbit_notitle_Q2_px384,vlms-are-biased-notitle/animals_add_legs/images/rabbit_2_1_384.png,Animals,Animal Add Legs,"Count the legs of this animal. Answer with a number in curly brackets, e.g., {9}.",5,4,False,Q2,384,main
animal_040_rabbit_notitle_Q2_px768,vlms-are-biased-notitle/animals_add_legs/images/rabbit_2_1_768.png,Animals,Animal Add Legs,"Count the legs of this animal. Answer with a number in curly brackets, e.g., {9}.",5,4,False,Q2,768,main
animal_040_rabbit_notitle_Q2_px1152,vlms-are-biased-notitle/animals_add_legs/images/rabbit_2_1_1152.png,Animals,Animal Add Legs,"Count the legs of this animal. Answer with a number in curly brackets, e.g., {9}.",5,4,False,Q2,1152,main
animal_041_impala_notitle_Q1_px384,vlms-are-biased-notitle/animals_add_legs/images/impala_4_1_384.png,Animals,Animal Add Legs,"How many legs does this animal have? Answer with a number in curly brackets, e.g., {9}.",5,4,False,Q1,384,main
animal_041_impala_notitle_Q1_px768,vlms-are-biased-notitle/animals_add_legs/images/impala_4_1_768.png,Animals,Animal Add Legs,"How many legs does this animal have? Answer with a number in curly brackets, e.g., {9}.",5,4,False,Q1,768,main
animal_041_impala_notitle_Q1_px1152,vlms-are-biased-notitle/animals_add_legs/images/impala_4_1_1152.png,Animals,Animal Add Legs,"How many legs does this animal have? Answer with a number in curly brackets, e.g., {9}.",5,4,False,Q1,1152,main
animal_041_impala_notitle_Q2_px384,vlms-are-biased-notitle/animals_add_legs/images/impala_4_1_384.png,Animals,Animal Add Legs,"Count the legs of this animal. Answer with a number in curly brackets, e.g., {9}.",5,4,False,Q2,384,main
animal_041_impala_notitle_Q2_px768,vlms-are-biased-notitle/animals_add_legs/images/impala_4_1_768.png,Animals,Animal Add Legs,"Count the legs of this animal. Answer with a number in curly brackets, e.g., {9}.",5,4,False,Q2,768,main
animal_041_impala_notitle_Q2_px1152,vlms-are-biased-notitle/animals_add_legs/images/impala_4_1_1152.png,Animals,Animal Add Legs,"Count the legs of this animal. Answer with a number in curly brackets, e.g., {9}.",5,4,False,Q2,1152,main
animal_042_springbok_notitle_Q1_px384,vlms-are-biased-notitle/animals_add_legs/images/springbok_0_1_384.png,Animals,Animal Add Legs,"How many legs does this animal have? Answer with a number in curly brackets, e.g., {9}.",5,4,False,Q1,384,main
animal_042_springbok_notitle_Q1_px768,vlms-are-biased-notitle/animals_add_legs/images/springbok_0_1_768.png,Animals,Animal Add Legs,"How many legs does this animal have? Answer with a number in curly brackets, e.g., {9}.",5,4,False,Q1,768,main
animal_042_springbok_notitle_Q1_px1152,vlms-are-biased-notitle/animals_add_legs/images/springbok_0_1_1152.png,Animals,Animal Add Legs,"How many legs does this animal have? Answer with a number in curly brackets, e.g., {9}.",5,4,False,Q1,1152,main
animal_042_springbok_notitle_Q2_px384,vlms-are-biased-notitle/animals_add_legs/images/springbok_0_1_384.png,Animals,Animal Add Legs,"Count the legs of this animal. Answer with a number in curly brackets, e.g., {9}.",5,4,False,Q2,384,main
animal_042_springbok_notitle_Q2_px768,vlms-are-biased-notitle/animals_add_legs/images/springbok_0_1_768.png,Animals,Animal Add Legs,"Count the legs of this animal. Answer with a number in curly brackets, e.g., {9}.",5,4,False,Q2,768,main
animal_042_springbok_notitle_Q2_px1152,vlms-are-biased-notitle/animals_add_legs/images/springbok_0_1_1152.png,Animals,Animal Add Legs,"Count the legs of this animal. Answer with a number in curly brackets, e.g., {9}.",5,4,False,Q2,1152,main
animal_043_kudu_notitle_Q1_px384,vlms-are-biased-notitle/animals_add_legs/images/kudu_1_3_384.png,Animals,Animal Add Legs,"How many legs does this animal have? Answer with a number in curly brackets, e.g., {9}.",5,4,False,Q1,384,main
animal_043_kudu_notitle_Q1_px768,vlms-are-biased-notitle/animals_add_legs/images/kudu_1_3_768.png,Animals,Animal Add Legs,"How many legs does this animal have? Answer with a number in curly brackets, e.g., {9}.",5,4,False,Q1,768,main
animal_043_kudu_notitle_Q1_px1152,vlms-are-biased-notitle/animals_add_legs/images/kudu_1_3_1152.png,Animals,Animal Add Legs,"How many legs does this animal have? Answer with a number in curly brackets, e.g., {9}.",5,4,False,Q1,1152,main
animal_043_kudu_notitle_Q2_px384,vlms-are-biased-notitle/animals_add_legs/images/kudu_1_3_384.png,Animals,Animal Add Legs,"Count the legs of this animal. Answer with a number in curly brackets, e.g., {9}.",5,4,False,Q2,384,main
animal_043_kudu_notitle_Q2_px768,vlms-are-biased-notitle/animals_add_legs/images/kudu_1_3_768.png,Animals,Animal Add Legs,"Count the legs of this animal. Answer with a number in curly brackets, e.g., {9}.",5,4,False,Q2,768,main
animal_043_kudu_notitle_Q2_px1152,vlms-are-biased-notitle/animals_add_legs/images/kudu_1_3_1152.png,Animals,Animal Add Legs,"Count the legs of this animal. Answer with a number in curly brackets, e.g., {9}.",5,4,False,Q2,1152,main
animal_044_eland_notitle_Q1_px384,vlms-are-biased-notitle/animals_add_legs/images/eland_3_3_384.png,Animals,Animal Add Legs,"How many legs does this animal have? Answer with a number in curly brackets, e.g., {9}.",5,4,False,Q1,384,main
animal_044_eland_notitle_Q1_px768,vlms-are-biased-notitle/animals_add_legs/images/eland_3_3_768.png,Animals,Animal Add Legs,"How many legs does this animal have? Answer with a number in curly brackets, e.g., {9}.",5,4,False,Q1,768,main
animal_044_eland_notitle_Q1_px1152,vlms-are-biased-notitle/animals_add_legs/images/eland_3_3_1152.png,Animals,Animal Add Legs,"How many legs does this animal have? Answer with a number in curly brackets, e.g., {9}.",5,4,False,Q1,1152,main
animal_044_eland_notitle_Q2_px384,vlms-are-biased-notitle/animals_add_legs/images/eland_3_3_384.png,Animals,Animal Add Legs,"Count the legs of this animal. Answer with a number in curly brackets, e.g., {9}.",5,4,False,Q2,384,main
animal_044_eland_notitle_Q2_px768,vlms-are-biased-notitle/animals_add_legs/images/eland_3_3_768.png,Animals,Animal Add Legs,"Count the legs of this animal. Answer with a number in curly brackets, e.g., {9}.",5,4,False,Q2,768,main
animal_044_eland_notitle_Q2_px1152,vlms-are-biased-notitle/animals_add_legs/images/eland_3_3_1152.png,Animals,Animal Add Legs,"Count the legs of this animal. Answer with a number in curly brackets, e.g., {9}.",5,4,False,Q2,1152,main
animal_045_wildebeest_notitle_Q1_px384,vlms-are-biased-notitle/animals_add_legs/images/wildebeest_0_3_384.png,Animals,Animal Add Legs,"How many legs does this animal have? Answer with a number in curly brackets, e.g., {9}.",5,4,False,Q1,384,main
animal_045_wildebeest_notitle_Q1_px768,vlms-are-biased-notitle/animals_add_legs/images/wildebeest_0_3_768.png,Animals,Animal Add Legs,"How many legs does this animal have? Answer with a number in curly brackets, e.g., {9}.",5,4,False,Q1,768,main
animal_045_wildebeest_notitle_Q1_px1152,vlms-are-biased-notitle/animals_add_legs/images/wildebeest_0_3_1152.png,Animals,Animal Add Legs,"How many legs does this animal have? Answer with a number in curly brackets, e.g., {9}.",5,4,False,Q1,1152,main
animal_045_wildebeest_notitle_Q2_px384,vlms-are-biased-notitle/animals_add_legs/images/wildebeest_0_3_384.png,Animals,Animal Add Legs,"Count the legs of this animal. Answer with a number in curly brackets, e.g., {9}.",5,4,False,Q2,384,main
animal_045_wildebeest_notitle_Q2_px768,vlms-are-biased-notitle/animals_add_legs/images/wildebeest_0_3_768.png,Animals,Animal Add Legs,"Count the legs of this animal. Answer with a number in curly brackets, e.g., {9}.",5,4,False,Q2,768,main
animal_045_wildebeest_notitle_Q2_px1152,vlms-are-biased-notitle/animals_add_legs/images/wildebeest_0_3_1152.png,Animals,Animal Add Legs,"Count the legs of this animal. Answer with a number in curly brackets, e.g., {9}.",5,4,False,Q2,1152,main
animal_046_okapi_notitle_Q1_px384,vlms-are-biased-notitle/animals_add_legs/images/okapi_2_3_384.png,Animals,Animal Add Legs,"How many legs does this animal have? Answer with a number in curly brackets, e.g., {9}.",5,4,False,Q1,384,main
animal_046_okapi_notitle_Q1_px768,vlms-are-biased-notitle/animals_add_legs/images/okapi_2_3_768.png,Animals,Animal Add Legs,"How many legs does this animal have? Answer with a number in curly brackets, e.g., {9}.",5,4,False,Q1,768,main
animal_046_okapi_notitle_Q1_px1152,vlms-are-biased-notitle/animals_add_legs/images/okapi_2_3_1152.png,Animals,Animal Add Legs,"How many legs does this animal have? Answer with a number in curly brackets, e.g., {9}.",5,4,False,Q1,1152,main
animal_046_okapi_notitle_Q2_px384,vlms-are-biased-notitle/animals_add_legs/images/okapi_2_3_384.png,Animals,Animal Add Legs,"Count the legs of this animal. Answer with a number in curly brackets, e.g., {9}.",5,4,False,Q2,384,main
animal_046_okapi_notitle_Q2_px768,vlms-are-biased-notitle/animals_add_legs/images/okapi_2_3_768.png,Animals,Animal Add Legs,"Count the legs of this animal. Answer with a number in curly brackets, e.g., {9}.",5,4,False,Q2,768,main
animal_046_okapi_notitle_Q2_px1152,vlms-are-biased-notitle/animals_add_legs/images/okapi_2_3_1152.png,Animals,Animal Add Legs,"Count the legs of this animal. Answer with a number in curly brackets, e.g., {9}.",5,4,False,Q2,1152,main
animal_047_hippopotamus_notitle_Q1_px384,vlms-are-biased-notitle/animals_add_legs/images/hippopotamus_2_1_384.png,Animals,Animal Add Legs,"How many legs does this animal have? Answer with a number in curly brackets, e.g., {9}.",5,4,False,Q1,384,main
animal_047_hippopotamus_notitle_Q1_px768,vlms-are-biased-notitle/animals_add_legs/images/hippopotamus_2_1_768.png,Animals,Animal Add Legs,"How many legs does this animal have? Answer with a number in curly brackets, e.g., {9}.",5,4,False,Q1,768,main
animal_047_hippopotamus_notitle_Q1_px1152,vlms-are-biased-notitle/animals_add_legs/images/hippopotamus_2_1_1152.png,Animals,Animal Add Legs,"How many legs does this animal have? Answer with a number in curly brackets, e.g., {9}.",5,4,False,Q1,1152,main
animal_047_hippopotamus_notitle_Q2_px384,vlms-are-biased-notitle/animals_add_legs/images/hippopotamus_2_1_384.png,Animals,Animal Add Legs,"Count the legs of this animal. Answer with a number in curly brackets, e.g., {9}.",5,4,False,Q2,384,main
animal_047_hippopotamus_notitle_Q2_px768,vlms-are-biased-notitle/animals_add_legs/images/hippopotamus_2_1_768.png,Animals,Animal Add Legs,"Count the legs of this animal. Answer with a number in curly brackets, e.g., {9}.",5,4,False,Q2,768,main
animal_047_hippopotamus_notitle_Q2_px1152,vlms-are-biased-notitle/animals_add_legs/images/hippopotamus_2_1_1152.png,Animals,Animal Add Legs,"Count the legs of this animal. Answer with a number in curly brackets, e.g., {9}.",5,4,False,Q2,1152,main
animal_048_africanelephant_notitle_Q1_px384,vlms-are-biased-notitle/animals_add_legs/images/african elephant_2_0_384.png,Animals,Animal Add Legs,"How many legs does this animal have? Answer with a number in curly brackets, e.g., {9}.",5,4,False,Q1,384,main
animal_048_africanelephant_notitle_Q1_px768,vlms-are-biased-notitle/animals_add_legs/images/african elephant_2_0_768.png,Animals,Animal Add Legs,"How many legs does this animal have? Answer with a number in curly brackets, e.g., {9}.",5,4,False,Q1,768,main
animal_048_africanelephant_notitle_Q1_px1152,vlms-are-biased-notitle/animals_add_legs/images/african elephant_2_0_1152.png,Animals,Animal Add Legs,"How many legs does this animal have? Answer with a number in curly brackets, e.g., {9}.",5,4,False,Q1,1152,main
animal_048_africanelephant_notitle_Q2_px384,vlms-are-biased-notitle/animals_add_legs/images/african elephant_2_0_384.png,Animals,Animal Add Legs,"Count the legs of this animal. Answer with a number in curly brackets, e.g., {9}.",5,4,False,Q2,384,main
animal_048_africanelephant_notitle_Q2_px768,vlms-are-biased-notitle/animals_add_legs/images/african elephant_2_0_768.png,Animals,Animal Add Legs,"Count the legs of this animal. Answer with a number in curly brackets, e.g., {9}.",5,4,False,Q2,768,main
animal_048_africanelephant_notitle_Q2_px1152,vlms-are-biased-notitle/animals_add_legs/images/african elephant_2_0_1152.png,Animals,Animal Add Legs,"Count the legs of this animal. Answer with a number in curly brackets, e.g., {9}.",5,4,False,Q2,1152,main
animal_049_asianelephant_notitle_Q1_px384,vlms-are-biased-notitle/animals_add_legs/images/asian elephant_4_1_384.png,Animals,Animal Add Legs,"How many legs does this animal have? Answer with a number in curly brackets, e.g., {9}.",5,4,False,Q1,384,main
animal_049_asianelephant_notitle_Q1_px768,vlms-are-biased-notitle/animals_add_legs/images/asian elephant_4_1_768.png,Animals,Animal Add Legs,"How many legs does this animal have? Answer with a number in curly brackets, e.g., {9}.",5,4,False,Q1,768,main
animal_049_asianelephant_notitle_Q1_px1152,vlms-are-biased-notitle/animals_add_legs/images/asian elephant_4_1_1152.png,Animals,Animal Add Legs,"How many legs does this animal have? Answer with a number in curly brackets, e.g., {9}.",5,4,False,Q1,1152,main
animal_049_asianelephant_notitle_Q2_px384,vlms-are-biased-notitle/animals_add_legs/images/asian elephant_4_1_384.png,Animals,Animal Add Legs,"Count the legs of this animal. Answer with a number in curly brackets, e.g., {9}.",5,4,False,Q2,384,main
animal_049_asianelephant_notitle_Q2_px768,vlms-are-biased-notitle/animals_add_legs/images/asian elephant_4_1_768.png,Animals,Animal Add Legs,"Count the legs of this animal. Answer with a number in curly brackets, e.g., {9}.",5,4,False,Q2,768,main
animal_049_asianelephant_notitle_Q2_px1152,vlms-are-biased-notitle/animals_add_legs/images/asian elephant_4_1_1152.png,Animals,Animal Add Legs,"Count the legs of this animal. Answer with a number in curly brackets, e.g., {9}.",5,4,False,Q2,1152,main
animal_050_indianrhinoceros_notitle_Q1_px384,vlms-are-biased-notitle/animals_add_legs/images/indian rhinoceros_3_2_384.png,Animals,Animal Add Legs,"How many legs does this animal have? Answer with a number in curly brackets, e.g., {9}.",5,4,False,Q1,384,main
animal_050_indianrhinoceros_notitle_Q1_px768,vlms-are-biased-notitle/animals_add_legs/images/indian rhinoceros_3_2_768.png,Animals,Animal Add Legs,"How many legs does this animal have? Answer with a number in curly brackets, e.g., {9}.",5,4,False,Q1,768,main
animal_050_indianrhinoceros_notitle_Q1_px1152,vlms-are-biased-notitle/animals_add_legs/images/indian rhinoceros_3_2_1152.png,Animals,Animal Add Legs,"How many legs does this animal have? Answer with a number in curly brackets, e.g., {9}.",5,4,False,Q1,1152,main
animal_050_indianrhinoceros_notitle_Q2_px384,vlms-are-biased-notitle/animals_add_legs/images/indian rhinoceros_3_2_384.png,Animals,Animal Add Legs,"Count the legs of this animal. Answer with a number in curly brackets, e.g., {9}.",5,4,False,Q2,384,main
animal_050_indianrhinoceros_notitle_Q2_px768,vlms-are-biased-notitle/animals_add_legs/images/indian rhinoceros_3_2_768.png,Animals,Animal Add Legs,"Count the legs of this animal. Answer with a number in curly brackets, e.g., {9}.",5,4,False,Q2,768,main
animal_050_indianrhinoceros_notitle_Q2_px1152,vlms-are-biased-notitle/animals_add_legs/images/indian rhinoceros_3_2_1152.png,Animals,Animal Add Legs,"Count the legs of this animal. Answer with a number in curly brackets, e.g., {9}.",5,4,False,Q2,1152,main
animal_051_gnu_notitle_Q1_px384,vlms-are-biased-notitle/animals_add_legs/images/gnu_1_1_384.png,Animals,Animal Add Legs,"How many legs does this animal have? Answer with a number in curly brackets, e.g., {9}.",5,4,False,Q1,384,main
animal_051_gnu_notitle_Q1_px768,vlms-are-biased-notitle/animals_add_legs/images/gnu_1_1_768.png,Animals,Animal Add Legs,"How many legs does this animal have? Answer with a number in curly brackets, e.g., {9}.",5,4,False,Q1,768,main
animal_051_gnu_notitle_Q1_px1152,vlms-are-biased-notitle/animals_add_legs/images/gnu_1_1_1152.png,Animals,Animal Add Legs,"How many legs does this animal have? Answer with a number in curly brackets, e.g., {9}.",5,4,False,Q1,1152,main
animal_051_gnu_notitle_Q2_px384,vlms-are-biased-notitle/animals_add_legs/images/gnu_1_1_384.png,Animals,Animal Add Legs,"Count the legs of this animal. Answer with a number in curly brackets, e.g., {9}.",5,4,False,Q2,384,main
animal_051_gnu_notitle_Q2_px768,vlms-are-biased-notitle/animals_add_legs/images/gnu_1_1_768.png,Animals,Animal Add Legs,"Count the legs of this animal. Answer with a number in curly brackets, e.g., {9}.",5,4,False,Q2,768,main
animal_051_gnu_notitle_Q2_px1152,vlms-are-biased-notitle/animals_add_legs/images/gnu_1_1_1152.png,Animals,Animal Add Legs,"Count the legs of this animal. Answer with a number in curly brackets, e.g., {9}.",5,4,False,Q2,1152,main
animal_052_manedwolf_notitle_Q1_px384,vlms-are-biased-notitle/animals_add_legs/images/maned wolf_0_2_384.png,Animals,Animal Add Legs,"How many legs does this animal have? Answer with a number in curly brackets, e.g., {9}.",5,4,False,Q1,384,main
animal_052_manedwolf_notitle_Q1_px768,vlms-are-biased-notitle/animals_add_legs/images/maned wolf_0_2_768.png,Animals,Animal Add Legs,"How many legs does this animal have? Answer with a number in curly brackets, e.g., {9}.",5,4,False,Q1,768,main
animal_052_manedwolf_notitle_Q1_px1152,vlms-are-biased-notitle/animals_add_legs/images/maned wolf_0_2_1152.png,Animals,Animal Add Legs,"How many legs does this animal have? Answer with a number in curly brackets, e.g., {9}.",5,4,False,Q1,1152,main
animal_052_manedwolf_notitle_Q2_px384,vlms-are-biased-notitle/animals_add_legs/images/maned wolf_0_2_384.png,Animals,Animal Add Legs,"Count the legs of this animal. Answer with a number in curly brackets, e.g., {9}.",5,4,False,Q2,384,main
animal_052_manedwolf_notitle_Q2_px768,vlms-are-biased-notitle/animals_add_legs/images/maned wolf_0_2_768.png,Animals,Animal Add Legs,"Count the legs of this animal. Answer with a number in curly brackets, e.g., {9}.",5,4,False,Q2,768,main
animal_052_manedwolf_notitle_Q2_px1152,vlms-are-biased-notitle/animals_add_legs/images/maned wolf_0_2_1152.png,Animals,Animal Add Legs,"Count the legs of this animal. Answer with a number in curly brackets, e.g., {9}.",5,4,False,Q2,1152,main
animal_053_arcticfox_notitle_Q1_px384,vlms-are-biased-notitle/animals_add_legs/images/arctic fox_4_3_384.png,Animals,Animal Add Legs,"How many legs does this animal have? Answer with a number in curly brackets, e.g., {9}.",5,4,False,Q1,384,main
animal_053_arcticfox_notitle_Q1_px768,vlms-are-biased-notitle/animals_add_legs/images/arctic fox_4_3_768.png,Animals,Animal Add Legs,"How many legs does this animal have? Answer with a number in curly brackets, e.g., {9}.",5,4,False,Q1,768,main
animal_053_arcticfox_notitle_Q1_px1152,vlms-are-biased-notitle/animals_add_legs/images/arctic fox_4_3_1152.png,Animals,Animal Add Legs,"How many legs does this animal have? Answer with a number in curly brackets, e.g., {9}.",5,4,False,Q1,1152,main
animal_053_arcticfox_notitle_Q2_px384,vlms-are-biased-notitle/animals_add_legs/images/arctic fox_4_3_384.png,Animals,Animal Add Legs,"Count the legs of this animal. Answer with a number in curly brackets, e.g., {9}.",5,4,False,Q2,384,main
animal_053_arcticfox_notitle_Q2_px768,vlms-are-biased-notitle/animals_add_legs/images/arctic fox_4_3_768.png,Animals,Animal Add Legs,"Count the legs of this animal. Answer with a number in curly brackets, e.g., {9}.",5,4,False,Q2,768,main
animal_053_arcticfox_notitle_Q2_px1152,vlms-are-biased-notitle/animals_add_legs/images/arctic fox_4_3_1152.png,Animals,Animal Add Legs,"Count the legs of this animal. Answer with a number in curly brackets, e.g., {9}.",5,4,False,Q2,1152,main
animal_054_redfox_notitle_Q1_px384,vlms-are-biased-notitle/animals_add_legs/images/red fox_1_1_384.png,Animals,Animal Add Legs,"How many legs does this animal have? Answer with a number in curly brackets, e.g., {9}.",5,4,False,Q1,384,main
animal_054_redfox_notitle_Q1_px768,vlms-are-biased-notitle/animals_add_legs/images/red fox_1_1_768.png,Animals,Animal Add Legs,"How many legs does this animal have? Answer with a number in curly brackets, e.g., {9}.",5,4,False,Q1,768,main
animal_054_redfox_notitle_Q1_px1152,vlms-are-biased-notitle/animals_add_legs/images/red fox_1_1_1152.png,Animals,Animal Add Legs,"How many legs does this animal have? Answer with a number in curly brackets, e.g., {9}.",5,4,False,Q1,1152,main
animal_054_redfox_notitle_Q2_px384,vlms-are-biased-notitle/animals_add_legs/images/red fox_1_1_384.png,Animals,Animal Add Legs,"Count the legs of this animal. Answer with a number in curly brackets, e.g., {9}.",5,4,False,Q2,384,main
animal_054_redfox_notitle_Q2_px768,vlms-are-biased-notitle/animals_add_legs/images/red fox_1_1_768.png,Animals,Animal Add Legs,"Count the legs of this animal. Answer with a number in curly brackets, e.g., {9}.",5,4,False,Q2,768,main
animal_054_redfox_notitle_Q2_px1152,vlms-are-biased-notitle/animals_add_legs/images/red fox_1_1_1152.png,Animals,Animal Add Legs,"Count the legs of this animal. Answer with a number in curly brackets, e.g., {9}.",5,4,False,Q2,1152,main
animal_055_fennecfox_notitle_Q1_px384,vlms-are-biased-notitle/animals_add_legs/images/fennec fox_0_3_384.png,Animals,Animal Add Legs,"How many legs does this animal have? Answer with a number in curly brackets, e.g., {9}.",5,4,False,Q1,384,main
animal_055_fennecfox_notitle_Q1_px768,vlms-are-biased-notitle/animals_add_legs/images/fennec fox_0_3_768.png,Animals,Animal Add Legs,"How many legs does this animal have? Answer with a number in curly brackets, e.g., {9}.",5,4,False,Q1,768,main
animal_055_fennecfox_notitle_Q1_px1152,vlms-are-biased-notitle/animals_add_legs/images/fennec fox_0_3_1152.png,Animals,Animal Add Legs,"How many legs does this animal have? Answer with a number in curly brackets, e.g., {9}.",5,4,False,Q1,1152,main
animal_055_fennecfox_notitle_Q2_px384,vlms-are-biased-notitle/animals_add_legs/images/fennec fox_0_3_384.png,Animals,Animal Add Legs,"Count the legs of this animal. Answer with a number in curly brackets, e.g., {9}.",5,4,False,Q2,384,main
animal_055_fennecfox_notitle_Q2_px768,vlms-are-biased-notitle/animals_add_legs/images/fennec fox_0_3_768.png,Animals,Animal Add Legs,"Count the legs of this animal. Answer with a number in curly brackets, e.g., {9}.",5,4,False,Q2,768,main
animal_055_fennecfox_notitle_Q2_px1152,vlms-are-biased-notitle/animals_add_legs/images/fennec fox_0_3_1152.png,Animals,Animal Add Legs,"Count the legs of this animal. Answer with a number in curly brackets, e.g., {9}.",5,4,False,Q2,1152,main
animal_056_redwolf_notitle_Q1_px384,vlms-are-biased-notitle/animals_add_legs/images/red wolf_4_2_384.png,Animals,Animal Add Legs,"How many legs does this animal have? Answer with a number in curly brackets, e.g., {9}.",5,4,False,Q1,384,main
animal_056_redwolf_notitle_Q1_px768,vlms-are-biased-notitle/animals_add_legs/images/red wolf_4_2_768.png,Animals,Animal Add Legs,"How many legs does this animal have? Answer with a number in curly brackets, e.g., {9}.",5,4,False,Q1,768,main
animal_056_redwolf_notitle_Q1_px1152,vlms-are-biased-notitle/animals_add_legs/images/red wolf_4_2_1152.png,Animals,Animal Add Legs,"How many legs does this animal have? Answer with a number in curly brackets, e.g., {9}.",5,4,False,Q1,1152,main
animal_056_redwolf_notitle_Q2_px384,vlms-are-biased-notitle/animals_add_legs/images/red wolf_4_2_384.png,Animals,Animal Add Legs,"Count the legs of this animal. Answer with a number in curly brackets, e.g., {9}.",5,4,False,Q2,384,main
animal_056_redwolf_notitle_Q2_px768,vlms-are-biased-notitle/animals_add_legs/images/red wolf_4_2_768.png,Animals,Animal Add Legs,"Count the legs of this animal. Answer with a number in curly brackets, e.g., {9}.",5,4,False,Q2,768,main
animal_056_redwolf_notitle_Q2_px1152,vlms-are-biased-notitle/animals_add_legs/images/red wolf_4_2_1152.png,Animals,Animal Add Legs,"Count the legs of this animal. Answer with a number in curly brackets, e.g., {9}.",5,4,False,Q2,1152,main
animal_057_domesticdog_notitle_Q1_px384,vlms-are-biased-notitle/animals_add_legs/images/domestic dog_4_3_384.png,Animals,Animal Add Legs,"How many legs does this animal have? Answer with a number in curly brackets, e.g., {9}.",5,4,False,Q1,384,main
animal_057_domesticdog_notitle_Q1_px768,vlms-are-biased-notitle/animals_add_legs/images/domestic dog_4_3_768.png,Animals,Animal Add Legs,"How many legs does this animal have? Answer with a number in curly brackets, e.g., {9}.",5,4,False,Q1,768,main
animal_057_domesticdog_notitle_Q1_px1152,vlms-are-biased-notitle/animals_add_legs/images/domestic dog_4_3_1152.png,Animals,Animal Add Legs,"How many legs does this animal have? Answer with a number in curly brackets, e.g., {9}.",5,4,False,Q1,1152,main
animal_057_domesticdog_notitle_Q2_px384,vlms-are-biased-notitle/animals_add_legs/images/domestic dog_4_3_384.png,Animals,Animal Add Legs,"Count the legs of this animal. Answer with a number in curly brackets, e.g., {9}.",5,4,False,Q2,384,main
animal_057_domesticdog_notitle_Q2_px768,vlms-are-biased-notitle/animals_add_legs/images/domestic dog_4_3_768.png,Animals,Animal Add Legs,"Count the legs of this animal. Answer with a number in curly brackets, e.g., {9}.",5,4,False,Q2,768,main
animal_057_domesticdog_notitle_Q2_px1152,vlms-are-biased-notitle/animals_add_legs/images/domestic dog_4_3_1152.png,Animals,Animal Add Legs,"Count the legs of this animal. Answer with a number in curly brackets, e.g., {9}.",5,4,False,Q2,1152,main
animal_058_domesticcat_notitle_Q1_px384,vlms-are-biased-notitle/animals_add_legs/images/domestic cat_2_3_384.png,Animals,Animal Add Legs,"How many legs does this animal have? Answer with a number in curly brackets, e.g., {9}.",5,4,False,Q1,384,main
animal_058_domesticcat_notitle_Q1_px768,vlms-are-biased-notitle/animals_add_legs/images/domestic cat_2_3_768.png,Animals,Animal Add Legs,"How many legs does this animal have? Answer with a number in curly brackets, e.g., {9}.",5,4,False,Q1,768,main
animal_058_domesticcat_notitle_Q1_px1152,vlms-are-biased-notitle/animals_add_legs/images/domestic cat_2_3_1152.png,Animals,Animal Add Legs,"How many legs does this animal have? Answer with a number in curly brackets, e.g., {9}.",5,4,False,Q1,1152,main
animal_058_domesticcat_notitle_Q2_px384,vlms-are-biased-notitle/animals_add_legs/images/domestic cat_2_3_384.png,Animals,Animal Add Legs,"Count the legs of this animal. Answer with a number in curly brackets, e.g., {9}.",5,4,False,Q2,384,main
animal_058_domesticcat_notitle_Q2_px768,vlms-are-biased-notitle/animals_add_legs/images/domestic cat_2_3_768.png,Animals,Animal Add Legs,"Count the legs of this animal. Answer with a number in curly brackets, e.g., {9}.",5,4,False,Q2,768,main
animal_058_domesticcat_notitle_Q2_px1152,vlms-are-biased-notitle/animals_add_legs/images/domestic cat_2_3_1152.png,Animals,Animal Add Legs,"Count the legs of this animal. Answer with a number in curly brackets, e.g., {9}.",5,4,False,Q2,1152,main
animal_059_africanwilddog_notitle_Q1_px384,vlms-are-biased-notitle/animals_add_legs/images/african wild dog_4_0_384.png,Animals,Animal Add Legs,"How many legs does this animal have? Answer with a number in curly brackets, e.g., {9}.",5,4,False,Q1,384,main
animal_059_africanwilddog_notitle_Q1_px768,vlms-are-biased-notitle/animals_add_legs/images/african wild dog_4_0_768.png,Animals,Animal Add Legs,"How many legs does this animal have? Answer with a number in curly brackets, e.g., {9}.",5,4,False,Q1,768,main
animal_059_africanwilddog_notitle_Q1_px1152,vlms-are-biased-notitle/animals_add_legs/images/african wild dog_4_0_1152.png,Animals,Animal Add Legs,"How many legs does this animal have? Answer with a number in curly brackets, e.g., {9}.",5,4,False,Q1,1152,main
animal_059_africanwilddog_notitle_Q2_px384,vlms-are-biased-notitle/animals_add_legs/images/african wild dog_4_0_384.png,Animals,Animal Add Legs,"Count the legs of this animal. Answer with a number in curly brackets, e.g., {9}.",5,4,False,Q2,384,main
animal_059_africanwilddog_notitle_Q2_px768,vlms-are-biased-notitle/animals_add_legs/images/african wild dog_4_0_768.png,Animals,Animal Add Legs,"Count the legs of this animal. Answer with a number in curly brackets, e.g., {9}.",5,4,False,Q2,768,main
animal_059_africanwilddog_notitle_Q2_px1152,vlms-are-biased-notitle/animals_add_legs/images/african wild dog_4_0_1152.png,Animals,Animal Add Legs,"Count the legs of this animal. Answer with a number in curly brackets, e.g., {9}.",5,4,False,Q2,1152,main
animal_060_dingo_notitle_Q1_px384,vlms-are-biased-notitle/animals_add_legs/images/dingo_0_2_384.png,Animals,Animal Add Legs,"How many legs does this animal have? Answer with a number in curly brackets, e.g., {9}.",5,4,False,Q1,384,main
animal_060_dingo_notitle_Q1_px768,vlms-are-biased-notitle/animals_add_legs/images/dingo_0_2_768.png,Animals,Animal Add Legs,"How many legs does this animal have? Answer with a number in curly brackets, e.g., {9}.",5,4,False,Q1,768,main
animal_060_dingo_notitle_Q1_px1152,vlms-are-biased-notitle/animals_add_legs/images/dingo_0_2_1152.png,Animals,Animal Add Legs,"How many legs does this animal have? Answer with a number in curly brackets, e.g., {9}.",5,4,False,Q1,1152,main
animal_060_dingo_notitle_Q2_px384,vlms-are-biased-notitle/animals_add_legs/images/dingo_0_2_384.png,Animals,Animal Add Legs,"Count the legs of this animal. Answer with a number in curly brackets, e.g., {9}.",5,4,False,Q2,384,main
animal_060_dingo_notitle_Q2_px768,vlms-are-biased-notitle/animals_add_legs/images/dingo_0_2_768.png,Animals,Animal Add Legs,"Count the legs of this animal. Answer with a number in curly brackets, e.g., {9}.",5,4,False,Q2,768,main
animal_060_dingo_notitle_Q2_px1152,vlms-are-biased-notitle/animals_add_legs/images/dingo_0_2_1152.png,Animals,Animal Add Legs,"Count the legs of this animal. Answer with a number in curly brackets, e.g., {9}.",5,4,False,Q2,1152,main
animal_061_jackal_notitle_Q1_px384,vlms-are-biased-notitle/animals_add_legs/images/jackal_0_3_384.png,Animals,Animal Add Legs,"How many legs does this animal have? Answer with a number in curly brackets, e.g., {9}.",5,4,False,Q1,384,main
animal_061_jackal_notitle_Q1_px768,vlms-are-biased-notitle/animals_add_legs/images/jackal_0_3_768.png,Animals,Animal Add Legs,"How many legs does this animal have? Answer with a number in curly brackets, e.g., {9}.",5,4,False,Q1,768,main
animal_061_jackal_notitle_Q1_px1152,vlms-are-biased-notitle/animals_add_legs/images/jackal_0_3_1152.png,Animals,Animal Add Legs,"How many legs does this animal have? Answer with a number in curly brackets, e.g., {9}.",5,4,False,Q1,1152,main
animal_061_jackal_notitle_Q2_px384,vlms-are-biased-notitle/animals_add_legs/images/jackal_0_3_384.png,Animals,Animal Add Legs,"Count the legs of this animal. Answer with a number in curly brackets, e.g., {9}.",5,4,False,Q2,384,main
animal_061_jackal_notitle_Q2_px768,vlms-are-biased-notitle/animals_add_legs/images/jackal_0_3_768.png,Animals,Animal Add Legs,"Count the legs of this animal. Answer with a number in curly brackets, e.g., {9}.",5,4,False,Q2,768,main
animal_061_jackal_notitle_Q2_px1152,vlms-are-biased-notitle/animals_add_legs/images/jackal_0_3_1152.png,Animals,Animal Add Legs,"Count the legs of this animal. Answer with a number in curly brackets, e.g., {9}.",5,4,False,Q2,1152,main
animal_062_ostrich_notitle_Q1_px384,vlms-are-biased-notitle/animals_add_legs/images/ostrich_0_3_384.png,Animals,Animal Add Legs,"How many legs does this animal have? Answer with a number in curly brackets, e.g., {9}.",3,2,False,Q1,384,main
animal_062_ostrich_notitle_Q1_px768,vlms-are-biased-notitle/animals_add_legs/images/ostrich_0_3_768.png,Animals,Animal Add Legs,"How many legs does this animal have? Answer with a number in curly brackets, e.g., {9}.",3,2,False,Q1,768,main
animal_062_ostrich_notitle_Q1_px1152,vlms-are-biased-notitle/animals_add_legs/images/ostrich_0_3_1152.png,Animals,Animal Add Legs,"How many legs does this animal have? Answer with a number in curly brackets, e.g., {9}.",3,2,False,Q1,1152,main
animal_062_ostrich_notitle_Q2_px384,vlms-are-biased-notitle/animals_add_legs/images/ostrich_0_3_384.png,Animals,Animal Add Legs,"Count the legs of this animal. Answer with a number in curly brackets, e.g., {9}.",3,2,False,Q2,384,main
animal_062_ostrich_notitle_Q2_px768,vlms-are-biased-notitle/animals_add_legs/images/ostrich_0_3_768.png,Animals,Animal Add Legs,"Count the legs of this animal. Answer with a number in curly brackets, e.g., {9}.",3,2,False,Q2,768,main
animal_062_ostrich_notitle_Q2_px1152,vlms-are-biased-notitle/animals_add_legs/images/ostrich_0_3_1152.png,Animals,Animal Add Legs,"Count the legs of this animal. Answer with a number in curly brackets, e.g., {9}.",3,2,False,Q2,1152,main
animal_063_emu_notitle_Q1_px384,vlms-are-biased-notitle/animals_add_legs/images/emu_4_2_384.png,Animals,Animal Add Legs,"How many legs does this animal have? Answer with a number in curly brackets, e.g., {9}.",3,2,False,Q1,384,main
animal_063_emu_notitle_Q1_px768,vlms-are-biased-notitle/animals_add_legs/images/emu_4_2_768.png,Animals,Animal Add Legs,"How many legs does this animal have? Answer with a number in curly brackets, e.g., {9}.",3,2,False,Q1,768,main
animal_063_emu_notitle_Q1_px1152,vlms-are-biased-notitle/animals_add_legs/images/emu_4_2_1152.png,Animals,Animal Add Legs,"How many legs does this animal have? Answer with a number in curly brackets, e.g., {9}.",3,2,False,Q1,1152,main
animal_063_emu_notitle_Q2_px384,vlms-are-biased-notitle/animals_add_legs/images/emu_4_2_384.png,Animals,Animal Add Legs,"Count the legs of this animal. Answer with a number in curly brackets, e.g., {9}.",3,2,False,Q2,384,main
animal_063_emu_notitle_Q2_px768,vlms-are-biased-notitle/animals_add_legs/images/emu_4_2_768.png,Animals,Animal Add Legs,"Count the legs of this animal. Answer with a number in curly brackets, e.g., {9}.",3,2,False,Q2,768,main
animal_063_emu_notitle_Q2_px1152,vlms-are-biased-notitle/animals_add_legs/images/emu_4_2_1152.png,Animals,Animal Add Legs,"Count the legs of this animal. Answer with a number in curly brackets, e.g., {9}.",3,2,False,Q2,1152,main
animal_064_rhea_notitle_Q1_px384,vlms-are-biased-notitle/animals_add_legs/images/rhea_1_1_384.png,Animals,Animal Add Legs,"How many legs does this animal have? Answer with a number in curly brackets, e.g., {9}.",3,2,False,Q1,384,main
animal_064_rhea_notitle_Q1_px768,vlms-are-biased-notitle/animals_add_legs/images/rhea_1_1_768.png,Animals,Animal Add Legs,"How many legs does this animal have? Answer with a number in curly brackets, e.g., {9}.",3,2,False,Q1,768,main
animal_064_rhea_notitle_Q1_px1152,vlms-are-biased-notitle/animals_add_legs/images/rhea_1_1_1152.png,Animals,Animal Add Legs,"How many legs does this animal have? Answer with a number in curly brackets, e.g., {9}.",3,2,False,Q1,1152,main
animal_064_rhea_notitle_Q2_px384,vlms-are-biased-notitle/animals_add_legs/images/rhea_1_1_384.png,Animals,Animal Add Legs,"Count the legs of this animal. Answer with a number in curly brackets, e.g., {9}.",3,2,False,Q2,384,main
animal_064_rhea_notitle_Q2_px768,vlms-are-biased-notitle/animals_add_legs/images/rhea_1_1_768.png,Animals,Animal Add Legs,"Count the legs of this animal. Answer with a number in curly brackets, e.g., {9}.",3,2,False,Q2,768,main
animal_064_rhea_notitle_Q2_px1152,vlms-are-biased-notitle/animals_add_legs/images/rhea_1_1_1152.png,Animals,Animal Add Legs,"Count the legs of this animal. Answer with a number in curly brackets, e.g., {9}.",3,2,False,Q2,1152,main
animal_065_cassowary_notitle_Q1_px384,vlms-are-biased-notitle/animals_add_legs/images/cassowary_0_1_384.png,Animals,Animal Add Legs,"How many legs does this animal have? Answer with a number in curly brackets, e.g., {9}.",3,2,False,Q1,384,main
animal_065_cassowary_notitle_Q1_px768,vlms-are-biased-notitle/animals_add_legs/images/cassowary_0_1_768.png,Animals,Animal Add Legs,"How many legs does this animal have? Answer with a number in curly brackets, e.g., {9}.",3,2,False,Q1,768,main
animal_065_cassowary_notitle_Q1_px1152,vlms-are-biased-notitle/animals_add_legs/images/cassowary_0_1_1152.png,Animals,Animal Add Legs,"How many legs does this animal have? Answer with a number in curly brackets, e.g., {9}.",3,2,False,Q1,1152,main
animal_065_cassowary_notitle_Q2_px384,vlms-are-biased-notitle/animals_add_legs/images/cassowary_0_1_384.png,Animals,Animal Add Legs,"Count the legs of this animal. Answer with a number in curly brackets, e.g., {9}.",3,2,False,Q2,384,main
animal_065_cassowary_notitle_Q2_px768,vlms-are-biased-notitle/animals_add_legs/images/cassowary_0_1_768.png,Animals,Animal Add Legs,"Count the legs of this animal. Answer with a number in curly brackets, e.g., {9}.",3,2,False,Q2,768,main
animal_065_cassowary_notitle_Q2_px1152,vlms-are-biased-notitle/animals_add_legs/images/cassowary_0_1_1152.png,Animals,Animal Add Legs,"Count the legs of this animal. Answer with a number in curly brackets, e.g., {9}.",3,2,False,Q2,1152,main
animal_066_heron_notitle_Q1_px384,vlms-are-biased-notitle/animals_add_legs/images/heron_2_2_384.png,Animals,Animal Add Legs,"How many legs does this animal have? Answer with a number in curly brackets, e.g., {9}.",3,2,False,Q1,384,main
animal_066_heron_notitle_Q1_px768,vlms-are-biased-notitle/animals_add_legs/images/heron_2_2_768.png,Animals,Animal Add Legs,"How many legs does this animal have? Answer with a number in curly brackets, e.g., {9}.",3,2,False,Q1,768,main
animal_066_heron_notitle_Q1_px1152,vlms-are-biased-notitle/animals_add_legs/images/heron_2_2_1152.png,Animals,Animal Add Legs,"How many legs does this animal have? Answer with a number in curly brackets, e.g., {9}.",3,2,False,Q1,1152,main
animal_066_heron_notitle_Q2_px384,vlms-are-biased-notitle/animals_add_legs/images/heron_2_2_384.png,Animals,Animal Add Legs,"Count the legs of this animal. Answer with a number in curly brackets, e.g., {9}.",3,2,False,Q2,384,main
animal_066_heron_notitle_Q2_px768,vlms-are-biased-notitle/animals_add_legs/images/heron_2_2_768.png,Animals,Animal Add Legs,"Count the legs of this animal. Answer with a number in curly brackets, e.g., {9}.",3,2,False,Q2,768,main
animal_066_heron_notitle_Q2_px1152,vlms-are-biased-notitle/animals_add_legs/images/heron_2_2_1152.png,Animals,Animal Add Legs,"Count the legs of this animal. Answer with a number in curly brackets, e.g., {9}.",3,2,False,Q2,1152,main
animal_067_stork_notitle_Q1_px384,vlms-are-biased-notitle/animals_add_legs/images/stork_2_1_384.png,Animals,Animal Add Legs,"How many legs does this animal have? Answer with a number in curly brackets, e.g., {9}.",3,2,False,Q1,384,main
animal_067_stork_notitle_Q1_px768,vlms-are-biased-notitle/animals_add_legs/images/stork_2_1_768.png,Animals,Animal Add Legs,"How many legs does this animal have? Answer with a number in curly brackets, e.g., {9}.",3,2,False,Q1,768,main
animal_067_stork_notitle_Q1_px1152,vlms-are-biased-notitle/animals_add_legs/images/stork_2_1_1152.png,Animals,Animal Add Legs,"How many legs does this animal have? Answer with a number in curly brackets, e.g., {9}.",3,2,False,Q1,1152,main
animal_067_stork_notitle_Q2_px384,vlms-are-biased-notitle/animals_add_legs/images/stork_2_1_384.png,Animals,Animal Add Legs,"Count the legs of this animal. Answer with a number in curly brackets, e.g., {9}.",3,2,False,Q2,384,main
animal_067_stork_notitle_Q2_px768,vlms-are-biased-notitle/animals_add_legs/images/stork_2_1_768.png,Animals,Animal Add Legs,"Count the legs of this animal. Answer with a number in curly brackets, e.g., {9}.",3,2,False,Q2,768,main
animal_067_stork_notitle_Q2_px1152,vlms-are-biased-notitle/animals_add_legs/images/stork_2_1_1152.png,Animals,Animal Add Legs,"Count the legs of this animal. Answer with a number in curly brackets, e.g., {9}.",3,2,False,Q2,1152,main
animal_068_crane_notitle_Q1_px384,vlms-are-biased-notitle/animals_add_legs/images/crane_2_2_384.png,Animals,Animal Add Legs,"How many legs does this animal have? Answer with a number in curly brackets, e.g., {9}.",3,2,False,Q1,384,main
animal_068_crane_notitle_Q1_px768,vlms-are-biased-notitle/animals_add_legs/images/crane_2_2_768.png,Animals,Animal Add Legs,"How many legs does this animal have? Answer with a number in curly brackets, e.g., {9}.",3,2,False,Q1,768,main
animal_068_crane_notitle_Q1_px1152,vlms-are-biased-notitle/animals_add_legs/images/crane_2_2_1152.png,Animals,Animal Add Legs,"How many legs does this animal have? Answer with a number in curly brackets, e.g., {9}.",3,2,False,Q1,1152,main
animal_068_crane_notitle_Q2_px384,vlms-are-biased-notitle/animals_add_legs/images/crane_2_2_384.png,Animals,Animal Add Legs,"Count the legs of this animal. Answer with a number in curly brackets, e.g., {9}.",3,2,False,Q2,384,main
animal_068_crane_notitle_Q2_px768,vlms-are-biased-notitle/animals_add_legs/images/crane_2_2_768.png,Animals,Animal Add Legs,"Count the legs of this animal. Answer with a number in curly brackets, e.g., {9}.",3,2,False,Q2,768,main
animal_068_crane_notitle_Q2_px1152,vlms-are-biased-notitle/animals_add_legs/images/crane_2_2_1152.png,Animals,Animal Add Legs,"Count the legs of this animal. Answer with a number in curly brackets, e.g., {9}.",3,2,False,Q2,1152,main
animal_069_egret_notitle_Q1_px384,vlms-are-biased-notitle/animals_add_legs/images/egret_0_3_384.png,Animals,Animal Add Legs,"How many legs does this animal have? Answer with a number in curly brackets, e.g., {9}.",3,2,False,Q1,384,main
animal_069_egret_notitle_Q1_px768,vlms-are-biased-notitle/animals_add_legs/images/egret_0_3_768.png,Animals,Animal Add Legs,"How many legs does this animal have? Answer with a number in curly brackets, e.g., {9}.",3,2,False,Q1,768,main
animal_069_egret_notitle_Q1_px1152,vlms-are-biased-notitle/animals_add_legs/images/egret_0_3_1152.png,Animals,Animal Add Legs,"How many legs does this animal have? Answer with a number in curly brackets, e.g., {9}.",3,2,False,Q1,1152,main
animal_069_egret_notitle_Q2_px384,vlms-are-biased-notitle/animals_add_legs/images/egret_0_3_384.png,Animals,Animal Add Legs,"Count the legs of this animal. Answer with a number in curly brackets, e.g., {9}.",3,2,False,Q2,384,main
animal_069_egret_notitle_Q2_px768,vlms-are-biased-notitle/animals_add_legs/images/egret_0_3_768.png,Animals,Animal Add Legs,"Count the legs of this animal. Answer with a number in curly brackets, e.g., {9}.",3,2,False,Q2,768,main
animal_069_egret_notitle_Q2_px1152,vlms-are-biased-notitle/animals_add_legs/images/egret_0_3_1152.png,Animals,Animal Add Legs,"Count the legs of this animal. Answer with a number in curly brackets, e.g., {9}.",3,2,False,Q2,1152,main
animal_070_ibis_notitle_Q1_px384,vlms-are-biased-notitle/animals_add_legs/images/ibis_0_3_384.png,Animals,Animal Add Legs,"How many legs does this animal have? Answer with a number in curly brackets, e.g., {9}.",3,2,False,Q1,384,main
animal_070_ibis_notitle_Q1_px768,vlms-are-biased-notitle/animals_add_legs/images/ibis_0_3_768.png,Animals,Animal Add Legs,"How many legs does this animal have? Answer with a number in curly brackets, e.g., {9}.",3,2,False,Q1,768,main
animal_070_ibis_notitle_Q1_px1152,vlms-are-biased-notitle/animals_add_legs/images/ibis_0_3_1152.png,Animals,Animal Add Legs,"How many legs does this animal have? Answer with a number in curly brackets, e.g., {9}.",3,2,False,Q1,1152,main
animal_070_ibis_notitle_Q2_px384,vlms-are-biased-notitle/animals_add_legs/images/ibis_0_3_384.png,Animals,Animal Add Legs,"Count the legs of this animal. Answer with a number in curly brackets, e.g., {9}.",3,2,False,Q2,384,main
animal_070_ibis_notitle_Q2_px768,vlms-are-biased-notitle/animals_add_legs/images/ibis_0_3_768.png,Animals,Animal Add Legs,"Count the legs of this animal. Answer with a number in curly brackets, e.g., {9}.",3,2,False,Q2,768,main
animal_070_ibis_notitle_Q2_px1152,vlms-are-biased-notitle/animals_add_legs/images/ibis_0_3_1152.png,Animals,Animal Add Legs,"Count the legs of this animal. Answer with a number in curly brackets, e.g., {9}.",3,2,False,Q2,1152,main
animal_071_spoonbill_notitle_Q1_px384,vlms-are-biased-notitle/animals_add_legs/images/spoonbill_1_0_384.png,Animals,Animal Add Legs,"How many legs does this animal have? Answer with a number in curly brackets, e.g., {9}.",3,2,False,Q1,384,main
animal_071_spoonbill_notitle_Q1_px768,vlms-are-biased-notitle/animals_add_legs/images/spoonbill_1_0_768.png,Animals,Animal Add Legs,"How many legs does this animal have? Answer with a number in curly brackets, e.g., {9}.",3,2,False,Q1,768,main
animal_071_spoonbill_notitle_Q1_px1152,vlms-are-biased-notitle/animals_add_legs/images/spoonbill_1_0_1152.png,Animals,Animal Add Legs,"How many legs does this animal have? Answer with a number in curly brackets, e.g., {9}.",3,2,False,Q1,1152,main
animal_071_spoonbill_notitle_Q2_px384,vlms-are-biased-notitle/animals_add_legs/images/spoonbill_1_0_384.png,Animals,Animal Add Legs,"Count the legs of this animal. Answer with a number in curly brackets, e.g., {9}.",3,2,False,Q2,384,main
animal_071_spoonbill_notitle_Q2_px768,vlms-are-biased-notitle/animals_add_legs/images/spoonbill_1_0_768.png,Animals,Animal Add Legs,"Count the legs of this animal. Answer with a number in curly brackets, e.g., {9}.",3,2,False,Q2,768,main
animal_071_spoonbill_notitle_Q2_px1152,vlms-are-biased-notitle/animals_add_legs/images/spoonbill_1_0_1152.png,Animals,Animal Add Legs,"Count the legs of this animal. Answer with a number in curly brackets, e.g., {9}.",3,2,False,Q2,1152,main
animal_072_turkey_notitle_Q1_px384,vlms-are-biased-notitle/animals_add_legs/images/turkey_2_3_384.png,Animals,Animal Add Legs,"How many legs does this animal have? Answer with a number in curly brackets, e.g., {9}.",3,2,False,Q1,384,main
animal_072_turkey_notitle_Q1_px768,vlms-are-biased-notitle/animals_add_legs/images/turkey_2_3_768.png,Animals,Animal Add Legs,"How many legs does this animal have? Answer with a number in curly brackets, e.g., {9}.",3,2,False,Q1,768,main
animal_072_turkey_notitle_Q1_px1152,vlms-are-biased-notitle/animals_add_legs/images/turkey_2_3_1152.png,Animals,Animal Add Legs,"How many legs does this animal have? Answer with a number in curly brackets, e.g., {9}.",3,2,False,Q1,1152,main
animal_072_turkey_notitle_Q2_px384,vlms-are-biased-notitle/animals_add_legs/images/turkey_2_3_384.png,Animals,Animal Add Legs,"Count the legs of this animal. Answer with a number in curly brackets, e.g., {9}.",3,2,False,Q2,384,main
animal_072_turkey_notitle_Q2_px768,vlms-are-biased-notitle/animals_add_legs/images/turkey_2_3_768.png,Animals,Animal Add Legs,"Count the legs of this animal. Answer with a number in curly brackets, e.g., {9}.",3,2,False,Q2,768,main
animal_072_turkey_notitle_Q2_px1152,vlms-are-biased-notitle/animals_add_legs/images/turkey_2_3_1152.png,Animals,Animal Add Legs,"Count the legs of this animal. Answer with a number in curly brackets, e.g., {9}.",3,2,False,Q2,1152,main
animal_073_chicken_notitle_Q1_px384,vlms-are-biased-notitle/animals_add_legs/images/chicken_0_3_384.png,Animals,Animal Add Legs,"How many legs does this animal have? Answer with a number in curly brackets, e.g., {9}.",3,2,False,Q1,384,main
animal_073_chicken_notitle_Q1_px768,vlms-are-biased-notitle/animals_add_legs/images/chicken_0_3_768.png,Animals,Animal Add Legs,"How many legs does this animal have? Answer with a number in curly brackets, e.g., {9}.",3,2,False,Q1,768,main
animal_073_chicken_notitle_Q1_px1152,vlms-are-biased-notitle/animals_add_legs/images/chicken_0_3_1152.png,Animals,Animal Add Legs,"How many legs does this animal have? Answer with a number in curly brackets, e.g., {9}.",3,2,False,Q1,1152,main
animal_073_chicken_notitle_Q2_px384,vlms-are-biased-notitle/animals_add_legs/images/chicken_0_3_384.png,Animals,Animal Add Legs,"Count the legs of this animal. Answer with a number in curly brackets, e.g., {9}.",3,2,False,Q2,384,main
animal_073_chicken_notitle_Q2_px768,vlms-are-biased-notitle/animals_add_legs/images/chicken_0_3_768.png,Animals,Animal Add Legs,"Count the legs of this animal. Answer with a number in curly brackets, e.g., {9}.",3,2,False,Q2,768,main
animal_073_chicken_notitle_Q2_px1152,vlms-are-biased-notitle/animals_add_legs/images/chicken_0_3_1152.png,Animals,Animal Add Legs,"Count the legs of this animal. Answer with a number in curly brackets, e.g., {9}.",3,2,False,Q2,1152,main
animal_074_rooster_notitle_Q1_px384,vlms-are-biased-notitle/animals_add_legs/images/rooster_4_3_384.png,Animals,Animal Add Legs,"How many legs does this animal have? Answer with a number in curly brackets, e.g., {9}.",3,2,False,Q1,384,main
animal_074_rooster_notitle_Q1_px768,vlms-are-biased-notitle/animals_add_legs/images/rooster_4_3_768.png,Animals,Animal Add Legs,"How many legs does this animal have? Answer with a number in curly brackets, e.g., {9}.",3,2,False,Q1,768,main
animal_074_rooster_notitle_Q1_px1152,vlms-are-biased-notitle/animals_add_legs/images/rooster_4_3_1152.png,Animals,Animal Add Legs,"How many legs does this animal have? Answer with a number in curly brackets, e.g., {9}.",3,2,False,Q1,1152,main
animal_074_rooster_notitle_Q2_px384,vlms-are-biased-notitle/animals_add_legs/images/rooster_4_3_384.png,Animals,Animal Add Legs,"Count the legs of this animal. Answer with a number in curly brackets, e.g., {9}.",3,2,False,Q2,384,main
animal_074_rooster_notitle_Q2_px768,vlms-are-biased-notitle/animals_add_legs/images/rooster_4_3_768.png,Animals,Animal Add Legs,"Count the legs of this animal. Answer with a number in curly brackets, e.g., {9}.",3,2,False,Q2,768,main
animal_074_rooster_notitle_Q2_px1152,vlms-are-biased-notitle/animals_add_legs/images/rooster_4_3_1152.png,Animals,Animal Add Legs,"Count the legs of this animal. Answer with a number in curly brackets, e.g., {9}.",3,2,False,Q2,1152,main
animal_075_duck_notitle_Q1_px384,vlms-are-biased-notitle/animals_add_legs/images/duck_0_3_384.png,Animals,Animal Add Legs,"How many legs does this animal have? Answer with a number in curly brackets, e.g., {9}.",3,2,False,Q1,384,main
animal_075_duck_notitle_Q1_px768,vlms-are-biased-notitle/animals_add_legs/images/duck_0_3_768.png,Animals,Animal Add Legs,"How many legs does this animal have? Answer with a number in curly brackets, e.g., {9}.",3,2,False,Q1,768,main
animal_075_duck_notitle_Q1_px1152,vlms-are-biased-notitle/animals_add_legs/images/duck_0_3_1152.png,Animals,Animal Add Legs,"How many legs does this animal have? Answer with a number in curly brackets, e.g., {9}.",3,2,False,Q1,1152,main
animal_075_duck_notitle_Q2_px384,vlms-are-biased-notitle/animals_add_legs/images/duck_0_3_384.png,Animals,Animal Add Legs,"Count the legs of this animal. Answer with a number in curly brackets, e.g., {9}.",3,2,False,Q2,384,main
animal_075_duck_notitle_Q2_px768,vlms-are-biased-notitle/animals_add_legs/images/duck_0_3_768.png,Animals,Animal Add Legs,"Count the legs of this animal. Answer with a number in curly brackets, e.g., {9}.",3,2,False,Q2,768,main
animal_075_duck_notitle_Q2_px1152,vlms-are-biased-notitle/animals_add_legs/images/duck_0_3_1152.png,Animals,Animal Add Legs,"Count the legs of this animal. Answer with a number in curly brackets, e.g., {9}.",3,2,False,Q2,1152,main
animal_076_swan_notitle_Q1_px384,vlms-are-biased-notitle/animals_add_legs/images/swan_2_2_384.png,Animals,Animal Add Legs,"How many legs does this animal have? Answer with a number in curly brackets, e.g., {9}.",3,2,False,Q1,384,main
animal_076_swan_notitle_Q1_px768,vlms-are-biased-notitle/animals_add_legs/images/swan_2_2_768.png,Animals,Animal Add Legs,"How many legs does this animal have? Answer with a number in curly brackets, e.g., {9}.",3,2,False,Q1,768,main
animal_076_swan_notitle_Q1_px1152,vlms-are-biased-notitle/animals_add_legs/images/swan_2_2_1152.png,Animals,Animal Add Legs,"How many legs does this animal have? Answer with a number in curly brackets, e.g., {9}.",3,2,False,Q1,1152,main
animal_076_swan_notitle_Q2_px384,vlms-are-biased-notitle/animals_add_legs/images/swan_2_2_384.png,Animals,Animal Add Legs,"Count the legs of this animal. Answer with a number in curly brackets, e.g., {9}.",3,2,False,Q2,384,main
animal_076_swan_notitle_Q2_px768,vlms-are-biased-notitle/animals_add_legs/images/swan_2_2_768.png,Animals,Animal Add Legs,"Count the legs of this animal. Answer with a number in curly brackets, e.g., {9}.",3,2,False,Q2,768,main
animal_076_swan_notitle_Q2_px1152,vlms-are-biased-notitle/animals_add_legs/images/swan_2_2_1152.png,Animals,Animal Add Legs,"Count the legs of this animal. Answer with a number in curly brackets, e.g., {9}.",3,2,False,Q2,1152,main
animal_077_peacock_notitle_Q1_px384,vlms-are-biased-notitle/animals_add_legs/images/peacock_4_1_384.png,Animals,Animal Add Legs,"How many legs does this animal have? Answer with a number in curly brackets, e.g., {9}.",3,2,False,Q1,384,main
animal_077_peacock_notitle_Q1_px768,vlms-are-biased-notitle/animals_add_legs/images/peacock_4_1_768.png,Animals,Animal Add Legs,"How many legs does this animal have? Answer with a number in curly brackets, e.g., {9}.",3,2,False,Q1,768,main
animal_077_peacock_notitle_Q1_px1152,vlms-are-biased-notitle/animals_add_legs/images/peacock_4_1_1152.png,Animals,Animal Add Legs,"How many legs does this animal have? Answer with a number in curly brackets, e.g., {9}.",3,2,False,Q1,1152,main
animal_077_peacock_notitle_Q2_px384,vlms-are-biased-notitle/animals_add_legs/images/peacock_4_1_384.png,Animals,Animal Add Legs,"Count the legs of this animal. Answer with a number in curly brackets, e.g., {9}.",3,2,False,Q2,384,main
animal_077_peacock_notitle_Q2_px768,vlms-are-biased-notitle/animals_add_legs/images/peacock_4_1_768.png,Animals,Animal Add Legs,"Count the legs of this animal. Answer with a number in curly brackets, e.g., {9}.",3,2,False,Q2,768,main
animal_077_peacock_notitle_Q2_px1152,vlms-are-biased-notitle/animals_add_legs/images/peacock_4_1_1152.png,Animals,Animal Add Legs,"Count the legs of this animal. Answer with a number in curly brackets, e.g., {9}.",3,2,False,Q2,1152,main
animal_078_sandpiper_notitle_Q1_px384,vlms-are-biased-notitle/animals_add_legs/images/sandpiper_2_1_384.png,Animals,Animal Add Legs,"How many legs does this animal have? Answer with a number in curly brackets, e.g., {9}.",3,2,False,Q1,384,main
animal_078_sandpiper_notitle_Q1_px768,vlms-are-biased-notitle/animals_add_legs/images/sandpiper_2_1_768.png,Animals,Animal Add Legs,"How many legs does this animal have? Answer with a number in curly brackets, e.g., {9}.",3,2,False,Q1,768,main
animal_078_sandpiper_notitle_Q1_px1152,vlms-are-biased-notitle/animals_add_legs/images/sandpiper_2_1_1152.png,Animals,Animal Add Legs,"How many legs does this animal have? Answer with a number in curly brackets, e.g., {9}.",3,2,False,Q1,1152,main
animal_078_sandpiper_notitle_Q2_px384,vlms-are-biased-notitle/animals_add_legs/images/sandpiper_2_1_384.png,Animals,Animal Add Legs,"Count the legs of this animal. Answer with a number in curly brackets, e.g., {9}.",3,2,False,Q2,384,main
animal_078_sandpiper_notitle_Q2_px768,vlms-are-biased-notitle/animals_add_legs/images/sandpiper_2_1_768.png,Animals,Animal Add Legs,"Count the legs of this animal. Answer with a number in curly brackets, e.g., {9}.",3,2,False,Q2,768,main
animal_078_sandpiper_notitle_Q2_px1152,vlms-are-biased-notitle/animals_add_legs/images/sandpiper_2_1_1152.png,Animals,Animal Add Legs,"Count the legs of this animal. Answer with a number in curly brackets, e.g., {9}.",3,2,False,Q2,1152,main
animal_079_avocet_notitle_Q1_px384,vlms-are-biased-notitle/animals_add_legs/images/avocet_2_3_384.png,Animals,Animal Add Legs,"How many legs does this animal have? Answer with a number in curly brackets, e.g., {9}.",3,2,False,Q1,384,main
animal_079_avocet_notitle_Q1_px768,vlms-are-biased-notitle/animals_add_legs/images/avocet_2_3_768.png,Animals,Animal Add Legs,"How many legs does this animal have? Answer with a number in curly brackets, e.g., {9}.",3,2,False,Q1,768,main
animal_079_avocet_notitle_Q1_px1152,vlms-are-biased-notitle/animals_add_legs/images/avocet_2_3_1152.png,Animals,Animal Add Legs,"How many legs does this animal have? Answer with a number in curly brackets, e.g., {9}.",3,2,False,Q1,1152,main
animal_079_avocet_notitle_Q2_px384,vlms-are-biased-notitle/animals_add_legs/images/avocet_2_3_384.png,Animals,Animal Add Legs,"Count the legs of this animal. Answer with a number in curly brackets, e.g., {9}.",3,2,False,Q2,384,main
animal_079_avocet_notitle_Q2_px768,vlms-are-biased-notitle/animals_add_legs/images/avocet_2_3_768.png,Animals,Animal Add Legs,"Count the legs of this animal. Answer with a number in curly brackets, e.g., {9}.",3,2,False,Q2,768,main
animal_079_avocet_notitle_Q2_px1152,vlms-are-biased-notitle/animals_add_legs/images/avocet_2_3_1152.png,Animals,Animal Add Legs,"Count the legs of this animal. Answer with a number in curly brackets, e.g., {9}.",3,2,False,Q2,1152,main
animal_080_stilt_notitle_Q1_px384,vlms-are-biased-notitle/animals_add_legs/images/stilt_1_1_384.png,Animals,Animal Add Legs,"How many legs does this animal have? Answer with a number in curly brackets, e.g., {9}.",3,2,False,Q1,384,main
animal_080_stilt_notitle_Q1_px768,vlms-are-biased-notitle/animals_add_legs/images/stilt_1_1_768.png,Animals,Animal Add Legs,"How many legs does this animal have? Answer with a number in curly brackets, e.g., {9}.",3,2,False,Q1,768,main
animal_080_stilt_notitle_Q1_px1152,vlms-are-biased-notitle/animals_add_legs/images/stilt_1_1_1152.png,Animals,Animal Add Legs,"How many legs does this animal have? Answer with a number in curly brackets, e.g., {9}.",3,2,False,Q1,1152,main
animal_080_stilt_notitle_Q2_px384,vlms-are-biased-notitle/animals_add_legs/images/stilt_1_1_384.png,Animals,Animal Add Legs,"Count the legs of this animal. Answer with a number in curly brackets, e.g., {9}.",3,2,False,Q2,384,main
animal_080_stilt_notitle_Q2_px768,vlms-are-biased-notitle/animals_add_legs/images/stilt_1_1_768.png,Animals,Animal Add Legs,"Count the legs of this animal. Answer with a number in curly brackets, e.g., {9}.",3,2,False,Q2,768,main
animal_080_stilt_notitle_Q2_px1152,vlms-are-biased-notitle/animals_add_legs/images/stilt_1_1_1152.png,Animals,Animal Add Legs,"Count the legs of this animal. Answer with a number in curly brackets, e.g., {9}.",3,2,False,Q2,1152,main
animal_081_plover_notitle_Q1_px384,vlms-are-biased-notitle/animals_add_legs/images/plover_1_1_384.png,Animals,Animal Add Legs,"How many legs does this animal have? Answer with a number in curly brackets, e.g., {9}.",3,2,False,Q1,384,main
animal_081_plover_notitle_Q1_px768,vlms-are-biased-notitle/animals_add_legs/images/plover_1_1_768.png,Animals,Animal Add Legs,"How many legs does this animal have? Answer with a number in curly brackets, e.g., {9}.",3,2,False,Q1,768,main
animal_081_plover_notitle_Q1_px1152,vlms-are-biased-notitle/animals_add_legs/images/plover_1_1_1152.png,Animals,Animal Add Legs,"How many legs does this animal have? Answer with a number in curly brackets, e.g., {9}.",3,2,False,Q1,1152,main
animal_081_plover_notitle_Q2_px384,vlms-are-biased-notitle/animals_add_legs/images/plover_1_1_384.png,Animals,Animal Add Legs,"Count the legs of this animal. Answer with a number in curly brackets, e.g., {9}.",3,2,False,Q2,384,main
animal_081_plover_notitle_Q2_px768,vlms-are-biased-notitle/animals_add_legs/images/plover_1_1_768.png,Animals,Animal Add Legs,"Count the legs of this animal. Answer with a number in curly brackets, e.g., {9}.",3,2,False,Q2,768,main
animal_081_plover_notitle_Q2_px1152,vlms-are-biased-notitle/animals_add_legs/images/plover_1_1_1152.png,Animals,Animal Add Legs,"Count the legs of this animal. Answer with a number in curly brackets, e.g., {9}.",3,2,False,Q2,1152,main
animal_082_lapwing_notitle_Q1_px384,vlms-are-biased-notitle/animals_add_legs/images/lapwing_0_3_384.png,Animals,Animal Add Legs,"How many legs does this animal have? Answer with a number in curly brackets, e.g., {9}.",3,2,False,Q1,384,main
animal_082_lapwing_notitle_Q1_px768,vlms-are-biased-notitle/animals_add_legs/images/lapwing_0_3_768.png,Animals,Animal Add Legs,"How many legs does this animal have? Answer with a number in curly brackets, e.g., {9}.",3,2,False,Q1,768,main
animal_082_lapwing_notitle_Q1_px1152,vlms-are-biased-notitle/animals_add_legs/images/lapwing_0_3_1152.png,Animals,Animal Add Legs,"How many legs does this animal have? Answer with a number in curly brackets, e.g., {9}.",3,2,False,Q1,1152,main
animal_082_lapwing_notitle_Q2_px384,vlms-are-biased-notitle/animals_add_legs/images/lapwing_0_3_384.png,Animals,Animal Add Legs,"Count the legs of this animal. Answer with a number in curly brackets, e.g., {9}.",3,2,False,Q2,384,main
animal_082_lapwing_notitle_Q2_px768,vlms-are-biased-notitle/animals_add_legs/images/lapwing_0_3_768.png,Animals,Animal Add Legs,"Count the legs of this animal. Answer with a number in curly brackets, e.g., {9}.",3,2,False,Q2,768,main
animal_082_lapwing_notitle_Q2_px1152,vlms-are-biased-notitle/animals_add_legs/images/lapwing_0_3_1152.png,Animals,Animal Add Legs,"Count the legs of this animal. Answer with a number in curly brackets, e.g., {9}.",3,2,False,Q2,1152,main
animal_083_oystercatcher_notitle_Q1_px384,vlms-are-biased-notitle/animals_add_legs/images/oystercatcher_0_2_384.png,Animals,Animal Add Legs,"How many legs does this animal have? Answer with a number in curly brackets, e.g., {9}.",3,2,False,Q1,384,main
animal_083_oystercatcher_notitle_Q1_px768,vlms-are-biased-notitle/animals_add_legs/images/oystercatcher_0_2_768.png,Animals,Animal Add Legs,"How many legs does this animal have? Answer with a number in curly brackets, e.g., {9}.",3,2,False,Q1,768,main
animal_083_oystercatcher_notitle_Q1_px1152,vlms-are-biased-notitle/animals_add_legs/images/oystercatcher_0_2_1152.png,Animals,Animal Add Legs,"How many legs does this animal have? Answer with a number in curly brackets, e.g., {9}.",3,2,False,Q1,1152,main
animal_083_oystercatcher_notitle_Q2_px384,vlms-are-biased-notitle/animals_add_legs/images/oystercatcher_0_2_384.png,Animals,Animal Add Legs,"Count the legs of this animal. Answer with a number in curly brackets, e.g., {9}.",3,2,False,Q2,384,main
animal_083_oystercatcher_notitle_Q2_px768,vlms-are-biased-notitle/animals_add_legs/images/oystercatcher_0_2_768.png,Animals,Animal Add Legs,"Count the legs of this animal. Answer with a number in curly brackets, e.g., {9}.",3,2,False,Q2,768,main
animal_083_oystercatcher_notitle_Q2_px1152,vlms-are-biased-notitle/animals_add_legs/images/oystercatcher_0_2_1152.png,Animals,Animal Add Legs,"Count the legs of this animal. Answer with a number in curly brackets, e.g., {9}.",3,2,False,Q2,1152,main
animal_084_graywolf_notitle_Q1_px384,vlms-are-biased-notitle/animals_add_legs/images/gray wolf_4_3_384.png,Animals,Animal Add Legs,"How many legs does this animal have? Answer with a number in curly brackets, e.g., {9}.",5,4,False,Q1,384,main
animal_084_graywolf_notitle_Q1_px768,vlms-are-biased-notitle/animals_add_legs/images/gray wolf_4_3_768.png,Animals,Animal Add Legs,"How many legs does this animal have? Answer with a number in curly brackets, e.g., {9}.",5,4,False,Q1,768,main
animal_084_graywolf_notitle_Q1_px1152,vlms-are-biased-notitle/animals_add_legs/images/gray wolf_4_3_1152.png,Animals,Animal Add Legs,"How many legs does this animal have? Answer with a number in curly brackets, e.g., {9}.",5,4,False,Q1,1152,main
animal_084_graywolf_notitle_Q2_px384,vlms-are-biased-notitle/animals_add_legs/images/gray wolf_4_3_384.png,Animals,Animal Add Legs,"Count the legs of this animal. Answer with a number in curly brackets, e.g., {9}.",5,4,False,Q2,384,main
animal_084_graywolf_notitle_Q2_px768,vlms-are-biased-notitle/animals_add_legs/images/gray wolf_4_3_768.png,Animals,Animal Add Legs,"Count the legs of this animal. Answer with a number in curly brackets, e.g., {9}.",5,4,False,Q2,768,main
animal_084_graywolf_notitle_Q2_px1152,vlms-are-biased-notitle/animals_add_legs/images/gray wolf_4_3_1152.png,Animals,Animal Add Legs,"Count the legs of this animal. Answer with a number in curly brackets, e.g., {9}.",5,4,False,Q2,1152,main
animal_085_hare_notitle_Q1_px384,vlms-are-biased-notitle/animals_add_legs/images/hare_4_0_384.png,Animals,Animal Add Legs,"How many legs does this animal have? Answer with a number in curly brackets, e.g., {9}.",5,4,False,Q1,384,main
animal_085_hare_notitle_Q1_px768,vlms-are-biased-notitle/animals_add_legs/images/hare_4_0_768.png,Animals,Animal Add Legs,"How many legs does this animal have? Answer with a number in curly brackets, e.g., {9}.",5,4,False,Q1,768,main
animal_085_hare_notitle_Q1_px1152,vlms-are-biased-notitle/animals_add_legs/images/hare_4_0_1152.png,Animals,Animal Add Legs,"How many legs does this animal have? Answer with a number in curly brackets, e.g., {9}.",5,4,False,Q1,1152,main
animal_085_hare_notitle_Q2_px384,vlms-are-biased-notitle/animals_add_legs/images/hare_4_0_384.png,Animals,Animal Add Legs,"Count the legs of this animal. Answer with a number in curly brackets, e.g., {9}.",5,4,False,Q2,384,main
animal_085_hare_notitle_Q2_px768,vlms-are-biased-notitle/animals_add_legs/images/hare_4_0_768.png,Animals,Animal Add Legs,"Count the legs of this animal. Answer with a number in curly brackets, e.g., {9}.",5,4,False,Q2,768,main
animal_085_hare_notitle_Q2_px1152,vlms-are-biased-notitle/animals_add_legs/images/hare_4_0_1152.png,Animals,Animal Add Legs,"Count the legs of this animal. Answer with a number in curly brackets, e.g., {9}.",5,4,False,Q2,1152,main
animal_086_cheetah_notitle_Q1_px384,vlms-are-biased-notitle/animals_add_legs/images/cheetah_0_2_384.png,Animals,Animal Add Legs,"How many legs does this animal have? Answer with a number in curly brackets, e.g., {9}.",5,4,False,Q1,384,main
animal_086_cheetah_notitle_Q1_px768,vlms-are-biased-notitle/animals_add_legs/images/cheetah_0_2_768.png,Animals,Animal Add Legs,"How many legs does this animal have? Answer with a number in curly brackets, e.g., {9}.",5,4,False,Q1,768,main
animal_086_cheetah_notitle_Q1_px1152,vlms-are-biased-notitle/animals_add_legs/images/cheetah_0_2_1152.png,Animals,Animal Add Legs,"How many legs does this animal have? Answer with a number in curly brackets, e.g., {9}.",5,4,False,Q1,1152,main
animal_086_cheetah_notitle_Q2_px384,vlms-are-biased-notitle/animals_add_legs/images/cheetah_0_2_384.png,Animals,Animal Add Legs,"Count the legs of this animal. Answer with a number in curly brackets, e.g., {9}.",5,4,False,Q2,384,main
animal_086_cheetah_notitle_Q2_px768,vlms-are-biased-notitle/animals_add_legs/images/cheetah_0_2_768.png,Animals,Animal Add Legs,"Count the legs of this animal. Answer with a number in curly brackets, e.g., {9}.",5,4,False,Q2,768,main
animal_086_cheetah_notitle_Q2_px1152,vlms-are-biased-notitle/animals_add_legs/images/cheetah_0_2_1152.png,Animals,Animal Add Legs,"Count the legs of this animal. Answer with a number in curly brackets, e.g., {9}.",5,4,False,Q2,1152,main
animal_087_antelope_notitle_Q1_px384,vlms-are-biased-notitle/animals_add_legs/images/antelope_2_0_384.png,Animals,Animal Add Legs,"How many legs does this animal have? Answer with a number in curly brackets, e.g., {9}.",5,4,False,Q1,384,main
animal_087_antelope_notitle_Q1_px768,vlms-are-biased-notitle/animals_add_legs/images/antelope_2_0_768.png,Animals,Animal Add Legs,"How many legs does this animal have? Answer with a number in curly brackets, e.g., {9}.",5,4,False,Q1,768,main
animal_087_antelope_notitle_Q1_px1152,vlms-are-biased-notitle/animals_add_legs/images/antelope_2_0_1152.png,Animals,Animal Add Legs,"How many legs does this animal have? Answer with a number in curly brackets, e.g., {9}.",5,4,False,Q1,1152,main
animal_087_antelope_notitle_Q2_px384,vlms-are-biased-notitle/animals_add_legs/images/antelope_2_0_384.png,Animals,Animal Add Legs,"Count the legs of this animal. Answer with a number in curly brackets, e.g., {9}.",5,4,False,Q2,384,main
animal_087_antelope_notitle_Q2_px768,vlms-are-biased-notitle/animals_add_legs/images/antelope_2_0_768.png,Animals,Animal Add Legs,"Count the legs of this animal. Answer with a number in curly brackets, e.g., {9}.",5,4,False,Q2,768,main
animal_087_antelope_notitle_Q2_px1152,vlms-are-biased-notitle/animals_add_legs/images/antelope_2_0_1152.png,Animals,Animal Add Legs,"Count the legs of this animal. Answer with a number in curly brackets, e.g., {9}.",5,4,False,Q2,1152,main
animal_088_bison_notitle_Q1_px384,vlms-are-biased-notitle/animals_add_legs/images/bison_3_0_384.png,Animals,Animal Add Legs,"How many legs does this animal have? Answer with a number in curly brackets, e.g., {9}.",5,4,False,Q1,384,main
animal_088_bison_notitle_Q1_px768,vlms-are-biased-notitle/animals_add_legs/images/bison_3_0_768.png,Animals,Animal Add Legs,"How many legs does this animal have? Answer with a number in curly brackets, e.g., {9}.",5,4,False,Q1,768,main
animal_088_bison_notitle_Q1_px1152,vlms-are-biased-notitle/animals_add_legs/images/bison_3_0_1152.png,Animals,Animal Add Legs,"How many legs does this animal have? Answer with a number in curly brackets, e.g., {9}.",5,4,False,Q1,1152,main
animal_088_bison_notitle_Q2_px384,vlms-are-biased-notitle/animals_add_legs/images/bison_3_0_384.png,Animals,Animal Add Legs,"Count the legs of this animal. Answer with a number in curly brackets, e.g., {9}.",5,4,False,Q2,384,main
animal_088_bison_notitle_Q2_px768,vlms-are-biased-notitle/animals_add_legs/images/bison_3_0_768.png,Animals,Animal Add Legs,"Count the legs of this animal. Answer with a number in curly brackets, e.g., {9}.",5,4,False,Q2,768,main
animal_088_bison_notitle_Q2_px1152,vlms-are-biased-notitle/animals_add_legs/images/bison_3_0_1152.png,Animals,Animal Add Legs,"Count the legs of this animal. Answer with a number in curly brackets, e.g., {9}.",5,4,False,Q2,1152,main
animal_089_secretarybird_notitle_Q1_px384,vlms-are-biased-notitle/animals_add_legs/images/secretary bird_2_3_384.png,Animals,Animal Add Legs,"How many legs does this animal have? Answer with a number in curly brackets, e.g., {9}.",3,2,False,Q1,384,main
animal_089_secretarybird_notitle_Q1_px768,vlms-are-biased-notitle/animals_add_legs/images/secretary bird_2_3_768.png,Animals,Animal Add Legs,"How many legs does this animal have? Answer with a number in curly brackets, e.g., {9}.",3,2,False,Q1,768,main
animal_089_secretarybird_notitle_Q1_px1152,vlms-are-biased-notitle/animals_add_legs/images/secretary bird_2_3_1152.png,Animals,Animal Add Legs,"How many legs does this animal have? Answer with a number in curly brackets, e.g., {9}.",3,2,False,Q1,1152,main
animal_089_secretarybird_notitle_Q2_px384,vlms-are-biased-notitle/animals_add_legs/images/secretary bird_2_3_384.png,Animals,Animal Add Legs,"Count the legs of this animal. Answer with a number in curly brackets, e.g., {9}.",3,2,False,Q2,384,main
animal_089_secretarybird_notitle_Q2_px768,vlms-are-biased-notitle/animals_add_legs/images/secretary bird_2_3_768.png,Animals,Animal Add Legs,"Count the legs of this animal. Answer with a number in curly brackets, e.g., {9}.",3,2,False,Q2,768,main
animal_089_secretarybird_notitle_Q2_px1152,vlms-are-biased-notitle/animals_add_legs/images/secretary bird_2_3_1152.png,Animals,Animal Add Legs,"Count the legs of this animal. Answer with a number in curly brackets, e.g., {9}.",3,2,False,Q2,1152,main
animal_090_sheep_notitle_Q1_px384,vlms-are-biased-notitle/animals_add_legs/images/sheep_0_2_384.png,Animals,Animal Add Legs,"How many legs does this animal have? Answer with a number in curly brackets, e.g., {9}.",5,4,False,Q1,384,main
animal_090_sheep_notitle_Q1_px768,vlms-are-biased-notitle/animals_add_legs/images/sheep_0_2_768.png,Animals,Animal Add Legs,"How many legs does this animal have? Answer with a number in curly brackets, e.g., {9}.",5,4,False,Q1,768,main
animal_090_sheep_notitle_Q1_px1152,vlms-are-biased-notitle/animals_add_legs/images/sheep_0_2_1152.png,Animals,Animal Add Legs,"How many legs does this animal have? Answer with a number in curly brackets, e.g., {9}.",5,4,False,Q1,1152,main
animal_090_sheep_notitle_Q2_px384,vlms-are-biased-notitle/animals_add_legs/images/sheep_0_2_384.png,Animals,Animal Add Legs,"Count the legs of this animal. Answer with a number in curly brackets, e.g., {9}.",5,4,False,Q2,384,main
animal_090_sheep_notitle_Q2_px768,vlms-are-biased-notitle/animals_add_legs/images/sheep_0_2_768.png,Animals,Animal Add Legs,"Count the legs of this animal. Answer with a number in curly brackets, e.g., {9}.",5,4,False,Q2,768,main
animal_090_sheep_notitle_Q2_px1152,vlms-are-biased-notitle/animals_add_legs/images/sheep_0_2_1152.png,Animals,Animal Add Legs,"Count the legs of this animal. Answer with a number in curly brackets, e.g., {9}.",5,4,False,Q2,1152,main
animal_091_serval_notitle_Q1_px384,vlms-are-biased-notitle/animals_add_legs/images/serval_4_1_384.png,Animals,Animal Add Legs,"How many legs does this animal have? Answer with a number in curly brackets, e.g., {9}.",5,4,False,Q1,384,main
animal_091_serval_notitle_Q1_px768,vlms-are-biased-notitle/animals_add_legs/images/serval_4_1_768.png,Animals,Animal Add Legs,"How many legs does this animal have? Answer with a number in curly brackets, e.g., {9}.",5,4,False,Q1,768,main
animal_091_serval_notitle_Q1_px1152,vlms-are-biased-notitle/animals_add_legs/images/serval_4_1_1152.png,Animals,Animal Add Legs,"How many legs does this animal have? Answer with a number in curly brackets, e.g., {9}.",5,4,False,Q1,1152,main
animal_091_serval_notitle_Q2_px384,vlms-are-biased-notitle/animals_add_legs/images/serval_4_1_384.png,Animals,Animal Add Legs,"Count the legs of this animal. Answer with a number in curly brackets, e.g., {9}.",5,4,False,Q2,384,main
animal_091_serval_notitle_Q2_px768,vlms-are-biased-notitle/animals_add_legs/images/serval_4_1_768.png,Animals,Animal Add Legs,"Count the legs of this animal. Answer with a number in curly brackets, e.g., {9}.",5,4,False,Q2,768,main
animal_091_serval_notitle_Q2_px1152,vlms-are-biased-notitle/animals_add_legs/images/serval_4_1_1152.png,Animals,Animal Add Legs,"Count the legs of this animal. Answer with a number in curly brackets, e.g., {9}.",5,4,False,Q2,1152,main
